c,r,p,method,observed_mean,mean_after
0,10,0,TRUTH,0.0010508563465106875,5.852792129196887e-19
0,10,0,GAUSSIAN_STARLET,0.0005466390541727378,3.7871007894803386e-19
0,10,0,MCALENS,0.000980974754923798,-3.7871007894803386e-19
0,10,0,FUSION,0.000550164788365205,-1.377127559811032e-19
0,10,1,TRUTH,0.0009247896654205004,1.6117927950279018e-19
0,10,1,GAUSSIAN_STARLET,0.0007939259356579296,3.2235855900558036e-19
0,10,1,MCALENS,0.0011224130194012083,2.4176891925418525e-19
0,10,1,FUSION,0.0007937289027490093,4.835378385083705e-19
0,10,2,TRUTH,0.0029619725030176377,3.5372243594999537e-19
0,10,2,GAUSSIAN_STARLET,-0.00039599289454592996,-2.9787152501052244e-19
0,10,2,MCALENS,-4.5188230187964835e-05,-1.1170182187894591e-19
0,10,2,FUSION,-0.0003848145179791437,-5.585091093947295e-19
0,10,3,TRUTH,0.00023314410169354165,2.9536272014994445e-19
0,10,3,GAUSSIAN_STARLET,0.00014385757207952603,-3.1808292939224787e-19
0,10,3,MCALENS,0.0008721687130287628,3.8624355711915813e-19
0,10,3,FUSION,0.00016026754732343372,-1.8176167393842735e-19
0,10,4,TRUTH,0.00020899608283269576,0.0
0,10,4,GAUSSIAN_STARLET,0.0002530852723790896,-2.9095165528503773e-19
0,10,4,MCALENS,0.0013398249438438085,-3.2327961698337528e-19
0,10,4,FUSION,0.00025690334306625987,2.9095165528503773e-19
0,10,5,TRUTH,-0.0004660172882748602,4.994208817019588e-19
0,10,5,GAUSSIAN_STARLET,0.0002707442852203835,-2.497104408509794e-19
0,10,5,MCALENS,0.0007703206761995896,1.6647362723398628e-19
0,10,5,FUSION,0.00027433320040396196,-6.242761021274485e-20
0,10,6,TRUTH,0.002107059473861978,-2.6636029980510576e-19
0,10,6,GAUSSIAN_STARLET,7.366356904899521e-05,-2.6636029980510576e-19
0,10,6,MCALENS,0.0005962934984214463,-1.3318014990255288e-19
0,10,6,FUSION,7.591038708138264e-05,5.327205996102115e-19
0,10,7,TRUTH,-0.001553421718781866,7.279066172479047e-19
0,10,7,GAUSSIAN_STARLET,0.0004910490384481748,-3.3086664420359305e-19
0,10,7,MCALENS,0.0006883019933791228,-1.3234665768143723e-19
0,10,7,FUSION,0.0004910853812477222,-3.3086664420359305e-19
0,11,0,TRUTH,0.0010749184398634857,-3.442818899527581e-19
0,11,0,GAUSSIAN_STARLET,-0.0002826215613718921,-2.0656913397165484e-19
0,11,0,MCALENS,4.1633933148055584e-05,-2.0656913397165484e-19
0,11,0,FUSION,-0.0002690130980033985,-2.4099732296693064e-19
0,11,1,TRUTH,-0.002219669140247303,1.6117927950279018e-19
0,11,1,GAUSSIAN_STARLET,-0.0004167779055877731,-3.2235855900558036e-19
0,11,1,MCALENS,-0.00011508916877619687,2.4176891925418525e-19
0,11,1,FUSION,-0.0004169541551478583,-1.6117927950279018e-19
0,11,2,TRUTH,-0.0003600593353643135,4.468072875157837e-19
0,11,2,GAUSSIAN_STARLET,-0.0003620818409442721,4.468072875157837e-19
0,11,2,MCALENS,-0.00010516156938099616,-1.1170182187894591e-19
0,11,2,FUSION,-0.0003546468282359493,3.7233940626315305e-20
0,11,3,TRUTH,-0.0005038765708024019,2.8400261552879274e-19
0,11,3,GAUSSIAN_STARLET,-0.00020296433257914638,-6.020855449210406e-19
0,11,3,MCALENS,0.000416985286565761,3.635233478768547e-19
0,11,3,FUSION,-0.00019806488849105018,-3.635233478768547e-19
0,11,4,TRUTH,-0.0007706325808457952,7.273791382125943e-20
0,11,4,GAUSSIAN_STARLET,7.47775453731676e-05,-2.5862369358670024e-19
0,11,4,MCALENS,0.0006637949804692578,2.74787674435869e-19
0,11,4,FUSION,7.639574082525618e-05,1.1314786594418135e-19
0,11,5,TRUTH,-0.0002939531435688759,0.0
0,11,5,GAUSSIAN_STARLET,-0.00026541977561465743,2.91328847659476e-19
0,11,5,MCALENS,0.00020325138067420496,0.0
0,11,5,FUSION,-0.0002585299230235119,2.91328847659476e-19
0,11,6,TRUTH,-0.001018961619215402,-3.995404497076587e-19
0,11,6,GAUSSIAN_STARLET,-0.0005910401121322866,-8.323759368909556e-20
0,11,6,MCALENS,-0.00019511253858512216,8.323759368909556e-20
0,11,6,FUSION,-0.000576084795738666,1.3318014990255288e-19
0,11,7,TRUTH,-0.0009195987335563754,5.293866307257489e-19
0,11,7,GAUSSIAN_STARLET,-0.00023493985364859125,2.6469331536287446e-19
0,11,7,MCALENS,0.00017119913429096154,-1.3234665768143723e-19
0,11,7,FUSION,-0.0002225671061828177,5.293866307257489e-19
0,12,0,TRUTH,0.00042794498697492776,-2.754255119622064e-19
0,12,0,GAUSSIAN_STARLET,4.1415862945836386e-05,1.0328456698582742e-19
0,12,0,MCALENS,0.0004132628156880953,3.44281889952758e-20
0,12,0,FUSION,6.113116121138057e-05,-1.377127559811032e-19
0,12,1,TRUTH,0.0002686989338771584,0.0
0,12,1,GAUSSIAN_STARLET,-0.0005399011836736065,1.8132668944063894e-19
0,12,1,MCALENS,3.983239640549389e-05,-2.61916329192034e-19
0,12,1,FUSION,-0.000518322028345783,6.044222981354631e-20
0,12,2,TRUTH,-0.001917912837714794,2.2340364375789183e-19
0,12,2,GAUSSIAN_STARLET,-0.0002587974755501265,-1.1170182187894591e-19
0,12,2,MCALENS,0.00011378608630742468,2.9787152501052244e-19
0,12,2,FUSION,-0.0002318407993659388,-2.2340364375789183e-19
0,12,3,TRUTH,-0.0030050852105279156,8.633679512075299e-19
0,12,3,GAUSSIAN_STARLET,-0.0010587722035806722,4.544041848460684e-19
0,12,3,MCALENS,-0.0007791808271389582,6.361658587844957e-19
0,12,3,FUSION,-0.0010538949407319822,-9.088083696921368e-20
0,12,4,TRUTH,-0.0011911616277128897,3.879355403800503e-19
0,12,4,GAUSSIAN_STARLET,1.3284033723245123e-06,1.9396777019002516e-19
0,12,4,MCALENS,0.0008056789130129768,6.142312722684131e-19
0,12,4,FUSION,6.772485330611536e-06,3.879355403800503e-19
0,12,5,TRUTH,0.0001274862690945216,2.497104408509794e-19
0,12,5,GAUSSIAN_STARLET,-9.798449381071929e-05,2.0809203404248285e-20
0,12,5,MCALENS,0.0004375753639103081,4.369932714892139e-19
0,12,5,FUSION,-9.612704102704416e-05,1.248552204254897e-19
0,12,6,TRUTH,0.0018593847554990923,-1.3318014990255288e-19
0,12,6,GAUSSIAN_STARLET,-0.0002668834172719081,-2.6636029980510576e-19
0,12,6,MCALENS,9.578986705903018e-05,6.659007495127644e-20
0,12,6,FUSION,-0.0002608063484000629,-3.995404497076587e-19
0,12,7,TRUTH,0.0006561442630121523,3.3086664420359305e-19
0,12,7,GAUSSIAN_STARLET,-1.657688172026194e-05,3.6395330862395237e-19
0,12,7,MCALENS,0.0005685526167859844,3.970399730443117e-19
0,12,7,FUSION,5.498566806969905e-07,0.0
0,13,0,TRUTH,-0.003219811742976152,2.754255119622064e-19
0,13,0,GAUSSIAN_STARLET,-0.000929836861735123,1.377127559811032e-19
0,13,0,MCALENS,-0.0006640533456891076,-2.0656913397165484e-19
0,13,0,FUSION,-0.0009238646168800603,-1.377127559811032e-19
0,13,1,TRUTH,-0.00024688691671482393,-2.014740993784877e-19
0,13,1,GAUSSIAN_STARLET,-0.0009370735359113636,1.8132668944063894e-19
0,13,1,MCALENS,-0.0007997028778962642,-2.820637391298828e-19
0,13,1,FUSION,-0.0009307710044083484,-1.410318695649414e-19
0,13,2,TRUTH,-0.0011225680928323438,-4.468072875157837e-19
0,13,2,GAUSSIAN_STARLET,-0.0006578166927208864,-1.4893576250526122e-19
0,13,2,MCALENS,-0.00045797739409028166,-2.2340364375789183e-19
0,13,2,FUSION,-0.0006570290751274064,2.2340364375789183e-19
0,13,3,TRUTH,-0.0017047100120565122,3.1808292939224787e-19
0,13,3,GAUSSIAN_STARLET,-0.0003431230986150394,2.7264251090764103e-19
0,13,3,MCALENS,0.0001140516112592389,4.544041848460684e-20
0,13,3,FUSION,-0.00033947638275756454,1.8176167393842735e-19
0,13,4,TRUTH,-0.0018095109646190347,4.849194254750629e-19
0,13,4,GAUSSIAN_STARLET,-1.0928495571677198e-06,3.556075786817128e-19
0,13,4,MCALENS,0.0006966539465687063,3.7985354995546594e-19
0,13,4,FUSION,2.5416065946743233e-06,4.687554446258941e-19
0,13,5,TRUTH,-0.0008054940274101262,0.0
0,13,5,GAUSSIAN_STARLET,-0.00045435017796742136,2.497104408509794e-19
0,13,5,MCALENS,0.00026555275478028727,-3.3294725446797256e-19
0,13,5,FUSION,-0.0004454913472554443,1.6647362723398628e-19
0,13,6,TRUTH,-0.002289154523672738,2.99655337280744e-19
0,13,6,GAUSSIAN_STARLET,-0.0006552964152872965,3.995404497076587e-19
0,13,6,MCALENS,-0.00034343142118685574,-4.9942556213457336e-20
0,13,6,FUSION,-0.0006497706323139793,1.9977022485382934e-19
0,13,7,TRUTH,-0.001380104783074793,-3.970399730443117e-19
0,13,7,GAUSSIAN_STARLET,-0.0008302833446136472,-2.6469331536287446e-19
0,13,7,MCALENS,-0.0005825861915468429,1.3234665768143723e-19
0,13,7,FUSION,-0.0008256094521764643,1.9851998652215585e-19
0,14,0,TRUTH,0.0009718261233447402,1.377127559811032e-19
0,14,0,GAUSSIAN_STARLET,-3.775969109013964e-05,2.754255119622064e-19
0,14,0,MCALENS,0.00048409186329915013,2.0656913397165484e-19
0,14,0,FUSION,2.0325202028758997e-06,-3.44281889952758e-20
0,14,1,TRUTH,0.000127507163612761,-1.6117927950279018e-19
0,14,1,GAUSSIAN_STARLET,-0.00010020674181380423,-8.058963975139509e-20
0,14,1,MCALENS,0.00033443692508544783,6.447171180111607e-19
0,14,1,FUSION,-8.708356390202281e-05,3.2235855900558036e-19
0,14,2,TRUTH,-0.0003569870350136385,-2.6063758438420713e-19
0,14,2,GAUSSIAN_STARLET,1.2991993524353442e-05,2.2340364375789183e-19
0,14,2,MCALENS,0.0003822595913472867,2.2340364375789183e-19
0,14,2,FUSION,1.949622150487573e-05,-2.2340364375789183e-19
0,14,3,TRUTH,0.0019255682290862846,4.771243940883718e-19
0,14,3,GAUSSIAN_STARLET,0.0006037139199535419,-3.635233478768547e-19
0,14,3,MCALENS,0.0011260278646188608,-4.544041848460684e-19
0,14,3,FUSION,0.0006069291656268325,4.544041848460684e-19
0,14,4,TRUTH,-0.00043391488677438123,6.4655923396675055e-19
0,14,4,GAUSSIAN_STARLET,-0.00011917611000035027,-6.465592339667506e-20
0,14,4,MCALENS,0.0007158806934967325,-4.849194254750629e-19
0,14,4,FUSION,-0.00011297431399271691,-2.1013175103919393e-19
0,14,5,TRUTH,5.2025015276735535e-05,1.6647362723398628e-19
0,14,5,GAUSSIAN_STARLET,-0.00013969470717698247,0.0
0,14,5,MCALENS,0.0005222290119771947,-4.1618406808496566e-19
0,14,5,FUSION,-0.00012212031840119257,-1.6647362723398628e-19
0,14,6,TRUTH,-0.0027914015378778996,1.3318014990255288e-19
0,14,6,GAUSSIAN_STARLET,-0.00037220910942276433,-1.3318014990255288e-19
0,14,6,MCALENS,-0.0002177114709246025,8.323759368909555e-21
0,14,6,FUSION,-0.00037201050018869475,2.6636029980510576e-19
0,14,7,TRUTH,-0.0014041772836936141,1.3234665768143723e-19
0,14,7,GAUSSIAN_STARLET,-2.9111320354443713e-05,-1.9851998652215585e-19
0,14,7,MCALENS,0.0005012546813761039,6.617332884071862e-20
0,14,7,FUSION,-1.7646429597938942e-05,0.0
0,15,0,TRUTH,-0.0011074351186816643,4.131382679433097e-19
0,15,0,GAUSSIAN_STARLET,-0.00011425637810651123,3.442818899527581e-19
0,15,0,MCALENS,0.0002681672108313702,1.377127559811032e-19
0,15,0,FUSION,-0.00010182458880252859,-1.377127559811032e-19
0,15,1,TRUTH,0.0006246541137217653,1.6117927950279018e-19
0,15,1,GAUSSIAN_STARLET,-0.0001657503918425205,4.0294819875697544e-20
0,15,1,MCALENS,-2.7490480604505672e-05,-2.0147409937848772e-20
0,15,1,FUSION,-0.00016175950532903419,-2.216215093163365e-19
0,15,2,TRUTH,0.0004670357698165652,4.468072875157837e-19
0,15,2,GAUSSIAN_STARLET,0.0001271056284741162,3.3510546563683774e-19
0,15,2,MCALENS,0.0004155366383702989,2.6063758438420713e-19
0,15,2,FUSION,0.00013932938076380243,-3.7233940626315305e-19
0,15,3,TRUTH,-0.0007835317753384207,8.690480035181057e-19
0,15,3,GAUSSIAN_STARLET,6.967127121886241e-05,2.272020924230342e-19
0,15,3,MCALENS,0.0003644613482443081,1.8176167393842735e-19
0,15,3,FUSION,7.585459135738387e-05,-1.5904146469612393e-19
0,15,4,TRUTH,-0.0012673695266025508,4.849194254750629e-20
0,15,4,GAUSSIAN_STARLET,4.081698846160039e-06,2.262957318883627e-19
0,15,4,MCALENS,0.0007055066925798435,3.2327961698337528e-19
0,15,4,FUSION,1.0518959073112296e-05,-3.556075786817128e-19
0,15,5,TRUTH,0.0004139875249593206,4.0577946638284153e-19
0,15,5,GAUSSIAN_STARLET,0.00011137832472519869,-5.722530936168278e-19
0,15,5,MCALENS,0.000925033262147483,-1.8728283063823454e-19
0,15,5,FUSION,0.0001272835267620979,-1.8728283063823454e-19
0,15,6,TRUTH,-8.155837429393838e-05,1.3318014990255288e-19
0,15,6,GAUSSIAN_STARLET,-0.00025403467155489897,-2.6636029980510576e-19
0,15,6,MCALENS,-1.404724269084156e-05,3.3295037475638222e-19
0,15,6,FUSION,-0.00024920729643822037,3.3295037475638222e-19
0,15,7,TRUTH,1.2511419940858106e-05,-1.6543332210179653e-19
0,15,7,GAUSSIAN_STARLET,-0.00033312492325085404,5.955599595664676e-19
0,15,7,MCALENS,0.00011425830323708766,4.632133018850303e-19
0,15,7,FUSION,-0.000330637115949499,-1.6543332210179653e-19
0,16,0,TRUTH,-0.0030933822141210095,5.508510239244128e-19
0,16,0,GAUSSIAN_STARLET,-0.00015200975781080284,-2.0656913397165484e-19
0,16,0,MCALENS,-0.00010946750795514698,-2.754255119622064e-19
0,16,0,FUSION,-0.00015840332132668593,2.4099732296693064e-19
0,16,1,TRUTH,-0.0011847812265614699,3.2235855900558036e-19
0,16,1,GAUSSIAN_STARLET,-0.0006823696456960725,0.0
0,16,1,MCALENS,-0.00040272623804744363,-4.835378385083705e-19
0,16,1,FUSION,-0.0006858547618693296,5.641274782597656e-19
0,16,2,TRUTH,-0.0016836125762522385,2.9787152501052244e-19
0,16,2,GAUSSIAN_STARLET,-8.544853324216395e-05,-4.468072875157837e-19
0,16,2,MCALENS,5.7952318447308985e-05,-2.6063758438420713e-19
0,16,2,FUSION,-8.846131461008067e-05,-3.7233940626315305e-19
0,16,3,TRUTH,-0.000960126441442087,-2.0448188318073077e-19
0,16,3,GAUSSIAN_STARLET,-1.5264975088847964e-05,-1.3632125545382052e-19
0,16,3,MCALENS,0.0005193634815527789,1.874417262490032e-19
0,16,3,FUSION,-1.19474545618569e-05,4.998446033306752e-19
0,16,4,TRUTH,-0.00041278182718269065,9.698388509501258e-20
0,16,4,GAUSSIAN_STARLET,-4.607941947567125e-05,3.232796169833753e-20
0,16,4,MCALENS,0.0009013770943100703,8.405270041567757e-19
0,16,4,FUSION,-4.32768041401436e-05,2.5862369358670024e-19
0,16,5,TRUTH,0.000989835553101996,-2.497104408509794e-19
0,16,5,GAUSSIAN_STARLET,-0.0003414624580499574,8.323681361699314e-20
0,16,5,MCALENS,0.0005154408686988956,-6.658945089359451e-19
0,16,5,FUSION,-0.0003275554959523041,-3.3294725446797256e-19
0,16,6,TRUTH,0.001682542636487809,-3.495978934942013e-19
0,16,6,GAUSSIAN_STARLET,-0.0007840076053079835,9.988511242691467e-20
0,16,6,MCALENS,-0.0001843439543478145,-3.8289293096983955e-19
0,16,6,FUSION,-0.0007664366225297284,-6.659007495127644e-20
0,16,7,TRUTH,-0.00018383459759938026,0.0
0,16,7,GAUSSIAN_STARLET,9.105512211896879e-05,1.3234665768143723e-19
0,16,7,MCALENS,0.0005500417160031964,0.0
0,16,7,FUSION,0.00011870887562417121,-1.3234665768143723e-19
0,17,0,TRUTH,0.0006079157661750286,4.819946459338613e-19
0,17,0,GAUSSIAN_STARLET,0.0006518627072291221,-2.4099732296693064e-19
0,17,0,MCALENS,0.001195660737764495,-1.7214094497637904e-19
0,17,0,FUSION,0.0006586440354854112,-2.0656913397165484e-19
0,17,1,TRUTH,-0.0013420033472201513,-4.835378385083705e-19
0,17,1,GAUSSIAN_STARLET,0.00028995623101330404,1.6117927950279018e-19
0,17,1,MCALENS,0.0003400812714754648,-4.0294819875697544e-20
0,17,1,FUSION,0.00028521139352314913,-2.4176891925418525e-19
0,17,2,TRUTH,0.0006974683959735772,-1.8616970313157652e-19
0,17,2,GAUSSIAN_STARLET,0.00027115096734206247,-1.4893576250526122e-19
0,17,2,MCALENS,0.0006640369725034034,-4.468072875157837e-19
0,17,2,FUSION,0.0002759125357658552,2.9787152501052244e-19
0,17,3,TRUTH,0.0016441817056994886,1.136010462115171e-19
0,17,3,GAUSSIAN_STARLET,0.00021753785909758882,3.294430340133996e-19
0,17,3,MCALENS,0.0010683496941404605,-1.136010462115171e-19
0,17,3,FUSION,0.00023280986918053503,4.657642894672201e-19
0,17,4,TRUTH,0.00019980719397228914,-2.5862369358670024e-19
0,17,4,GAUSSIAN_STARLET,3.331661965568525e-05,-2.4245971273753144e-19
0,17,4,MCALENS,0.0009903671818928485,2.4245971273753144e-19
0,17,4,FUSION,4.068926090697422e-05,2.3437772231294707e-19
0,17,5,TRUTH,-0.0013037045716647272,-1.0404601702124141e-19
0,17,5,GAUSSIAN_STARLET,0.0002168974654616685,-1.248552204254897e-19
0,17,5,MCALENS,0.0009155988805074884,-2.91328847659476e-19
0,17,5,FUSION,0.00022381861993017228,2.0809203404248283e-19
0,17,6,TRUTH,0.0010381063200898713,1.3318014990255288e-19
0,17,6,GAUSSIAN_STARLET,0.0007435825099220396,-2.6636029980510576e-19
0,17,6,MCALENS,0.0012892484977483762,-5.327205996102115e-19
0,17,6,FUSION,0.0007540262786555462,-6.6590074951276445e-19
0,17,7,TRUTH,0.003455190140947715,-5.293866307257489e-19
0,17,7,GAUSSIAN_STARLET,0.0005589781019662822,-5.293866307257489e-19
0,17,7,MCALENS,0.001149786436192552,-5.293866307257489e-19
0,17,7,FUSION,0.000578661310335731,2.6469331536287446e-19
0,18,0,TRUTH,0.0003355280938412073,-4.131382679433097e-19
0,18,0,GAUSSIAN_STARLET,-0.0002662139077395059,2.0656913397165484e-19
0,18,0,MCALENS,0.00014170329962930351,2.0656913397165484e-19
0,18,0,FUSION,-0.00025817019687025307,-3.0985370095748225e-19
0,18,1,TRUTH,-0.00022609462518244643,-5.641274782597656e-19
0,18,1,GAUSSIAN_STARLET,-0.0008354513501405535,2.4176891925418525e-19
0,18,1,MCALENS,-0.00048121023255777483,-4.029481987569754e-19
0,18,1,FUSION,-0.0008224476563583625,-3.2235855900558036e-19
0,18,2,TRUTH,-0.00024105582601458166,-8.191466937789367e-19
0,18,2,GAUSSIAN_STARLET,-5.107676277333256e-05,1.4893576250526122e-19
0,18,2,MCALENS,0.0001093827530703787,2.2340364375789183e-19
0,18,2,FUSION,-4.960809848348273e-05,1.4893576250526122e-19
0,18,3,TRUTH,-0.0011745411085031007,-9.088083696921368e-20
0,18,3,GAUSSIAN_STARLET,-0.00019518469004161176,-8.804081081392575e-20
0,18,3,MCALENS,9.682274127200693e-05,2.7264251090764103e-19
0,18,3,FUSION,-0.00019693406667489744,1.136010462115171e-19
0,18,4,TRUTH,0.0009844218976478385,-3.232796169833753e-20
0,18,4,GAUSSIAN_STARLET,0.00012226252122414755,1.6163980849168764e-19
0,18,4,MCALENS,0.0009753374937026781,-6.465592339667506e-20
0,18,4,FUSION,0.00012116232893641904,-2.5862369358670024e-19
0,18,5,TRUTH,-0.0002824984161650798,8.115589327656831e-19
0,18,5,GAUSSIAN_STARLET,-1.467960086180697e-05,8.323681361699314e-20
0,18,5,MCALENS,0.0004556566781432502,3.537564578722208e-19
0,18,5,FUSION,-1.184769616519066e-05,-3.537564578722208e-19
0,18,6,TRUTH,-0.001692320837004286,-4.994255621345733e-19
0,18,6,GAUSSIAN_STARLET,-0.00026086921939802785,-2.6636029980510576e-19
0,18,6,MCALENS,0.0001292158382687121,-1.9977022485382934e-19
0,18,6,FUSION,-0.00026009714332371687,-1.9977022485382934e-19
0,18,7,TRUTH,0.00020065603464411083,-6.617332884071861e-19
0,18,7,GAUSSIAN_STARLET,-0.00011294633623769777,-6.617332884071862e-20
0,18,7,MCALENS,0.00018573303393688622,-6.617332884071862e-20
0,18,7,FUSION,-0.00010299637991083744,0.0
0,19,0,TRUTH,-0.0012081973274896953,7.229919689007919e-19
0,19,0,GAUSSIAN_STARLET,0.00016404627696991577,6.88563779905516e-20
0,19,0,MCALENS,0.000415261650134738,2.0656913397165484e-19
0,19,0,FUSION,0.00017336212632829422,6.88563779905516e-20
0,19,1,TRUTH,-0.0022700094839220157,2.4176891925418525e-19
0,19,1,GAUSSIAN_STARLET,-0.000508745982249455,-6.044222981354632e-19
0,19,1,MCALENS,-0.00043011612541683835,-2.61916329192034e-19
0,19,1,FUSION,-0.0005092331954569798,2.4176891925418525e-19
0,19,2,TRUTH,0.0003843284506824577,-2.9787152501052244e-19
0,19,2,GAUSSIAN_STARLET,0.0002911426449445902,-2.9787152501052244e-19
0,19,2,MCALENS,0.000688385377608972,4.468072875157837e-19
0,19,2,FUSION,0.0003081117734715482,-1.1170182187894591e-19
0,19,3,TRUTH,0.0005131611484448351,-4.430440802249167e-19
0,19,3,GAUSSIAN_STARLET,-8.26312585275555e-05,-1.5904146469612393e-19
0,19,3,MCALENS,0.0005264490742738681,-1.5904146469612393e-19
0,19,3,FUSION,-7.857938259031125e-05,-1.3632125545382052e-19
0,19,4,TRUTH,0.0006005270729993831,3.879355403800503e-19
0,19,4,GAUSSIAN_STARLET,6.758132854455529e-06,-2.0204976061460955e-19
0,19,4,MCALENS,0.00103390263975883,-2.8286966486045336e-19
0,19,4,FUSION,1.424963221533768e-05,1.9800876540231737e-19
0,19,5,TRUTH,0.0021981732852344666,3.3294725446797256e-19
0,19,5,GAUSSIAN_STARLET,-0.0001464521138253551,2.91328847659476e-19
0,19,5,MCALENS,0.00045775944213774066,1.6647362723398628e-19
0,19,5,FUSION,-0.00013845387631140161,3.3294725446797256e-19
0,19,6,TRUTH,-0.003683248279798619,-5.410443589791211e-19
0,19,6,GAUSSIAN_STARLET,0.000455127034953815,-9.988511242691467e-20
0,19,6,MCALENS,0.0006008323882363935,-2.99655337280744e-19
0,19,6,FUSION,0.00045028141667935993,-2.6636029980510576e-19
0,19,7,TRUTH,0.0022320637287636695,2.6469331536287446e-19
0,19,7,GAUSSIAN_STARLET,3.31336602439344e-05,6.617332884071861e-19
0,19,7,MCALENS,0.0005739669479525145,-1.3234665768143723e-19
0,19,7,FUSION,4.431144086176367e-05,2.6469331536287446e-19
0,20,0,TRUTH,0.0018940395935162693,-4.819946459338613e-19
0,20,0,GAUSSIAN_STARLET,0.00025083560728573524,2.0656913397165484e-19
0,20,0,MCALENS,0.0004986050134296411,-2.754255119622064e-19
0,20,0,FUSION,0.0002500279717880523,-3.442818899527581e-19
0,20,1,TRUTH,-0.0001792680296704488,-2.014740993784877e-19
0,20,1,GAUSSIAN_STARLET,0.0003159695333393656,1.2088445962709263e-19
0,20,1,MCALENS,0.0007515740587302321,-6.850119378868582e-19
0,20,1,FUSION,0.0003419685727196319,-8.86486037265346e-19
0,20,2,TRUTH,-0.0008629404649936794,-4.468072875157837e-19
0,20,2,GAUSSIAN_STARLET,0.00037244568113769573,1.4893576250526122e-19
0,20,2,MCALENS,0.0005142652803952214,2.9787152501052244e-19
0,20,2,FUSION,0.0003707561255391939,3.5372243594999537e-19
0,20,3,TRUTH,0.00022762275261753573,4.544041848460684e-19
0,20,3,GAUSSIAN_STARLET,0.00025547010341842887,2.7264251090764103e-19
0,20,3,MCALENS,0.0008516535976497465,3.635233478768547e-19
0,20,3,FUSION,0.0002651671196304621,9.088083696921368e-20
0,20,4,TRUTH,0.0018087475157690038,3.232796169833753e-20
0,20,4,GAUSSIAN_STARLET,-1.8230028513209419e-06,4.2026350207838785e-19
0,20,4,MCALENS,0.0005801544093066288,-6.950511765142569e-19
0,20,4,FUSION,-6.553215943109806e-06,2.262957318883627e-19
0,20,5,TRUTH,0.001056621212760654,4.994208817019588e-19
0,20,5,GAUSSIAN_STARLET,-0.00015738761225645548,0.0
0,20,5,MCALENS,0.0009369529712071191,-4.994208817019588e-19
0,20,5,FUSION,-0.0001499867121248877,4.1618406808496566e-19
0,20,6,TRUTH,-0.0006698432453462684,-9.988511242691467e-20
0,20,6,GAUSSIAN_STARLET,0.0006044542519827884,1.3318014990255288e-19
0,20,6,MCALENS,0.0008877078468471936,6.659007495127644e-20
0,20,6,FUSION,0.0006118670584229347,-3.995404497076587e-19
0,20,7,TRUTH,0.0010062858291362228,3.970399730443117e-19
0,20,7,GAUSSIAN_STARLET,0.00040861930811684496,1.9851998652215585e-19
0,20,7,MCALENS,0.0007063323128620405,2.812366475730541e-19
0,20,7,FUSION,0.00040798371874504655,-1.9851998652215585e-19
0,21,0,TRUTH,-0.00011261154657297794,2.754255119622064e-19
0,21,0,GAUSSIAN_STARLET,0.0001373821765740049,2.4099732296693064e-19
0,21,0,MCALENS,0.0005007897755041613,-2.2378322846929273e-19
0,21,0,FUSION,0.0001533013472200371,-1.8935503947401693e-19
0,21,1,TRUTH,-0.0003212200687797151,0.0
0,21,1,GAUSSIAN_STARLET,0.0002574461573331234,-2.4176891925418525e-19
0,21,1,MCALENS,0.0006862460537448399,-6.447171180111607e-19
0,21,1,FUSION,0.00026889721542863975,2.4176891925418525e-19
0,21,2,TRUTH,0.0011431255684001274,0.0
0,21,2,GAUSSIAN_STARLET,-0.0003515337178325651,1.8616970313157652e-19
0,21,2,MCALENS,0.00015823484944319633,-3.7233940626315305e-20
0,21,2,FUSION,-0.00032720527418080063,-3.3510546563683774e-19
0,21,3,TRUTH,-0.0008700368812527467,1.5904146469612393e-19
0,21,3,GAUSSIAN_STARLET,-0.000255617697869965,-2.669624585970652e-19
0,21,3,MCALENS,0.00019849289155582817,3.408031386345513e-20
0,21,3,FUSION,-0.00025271268784720805,3.635233478768547e-19
0,21,4,TRUTH,-0.000912796711656146,-6.4655923396675055e-19
0,21,4,GAUSSIAN_STARLET,-4.5406429506913886e-05,9.698388509501258e-20
0,21,4,MCALENS,0.0007461192444404687,6.465592339667506e-20
0,21,4,FUSION,-4.024397747014968e-05,-3.232796169833753e-20
0,21,5,TRUTH,-0.0005424699968331131,-2.0809203404248283e-19
0,21,5,GAUSSIAN_STARLET,0.0004267774843325693,-1.45664423829738e-19
0,21,5,MCALENS,0.0008361707518598898,-3.1213805106372424e-19
0,21,5,FUSION,0.00041990981609210193,-2.0809203404248285e-20
0,21,6,TRUTH,0.003101414903240916,-2.6636029980510576e-19
0,21,6,GAUSSIAN_STARLET,-5.687993411708512e-06,0.0
0,21,6,MCALENS,0.0006550670099137585,-3.995404497076587e-19
0,21,6,FUSION,6.9699317681094324e-06,-1.3318014990255288e-19
0,21,7,TRUTH,0.002378000554589397,7.279066172479047e-19
0,21,7,GAUSSIAN_STARLET,4.2289093671242334e-05,-6.617332884071862e-20
0,21,7,MCALENS,0.0010110957564938823,6.617332884071862e-20
0,21,7,FUSION,9.797949854495524e-05,4.3012663746467097e-19
0,22,0,TRUTH,-9.989137750825676e-05,2.0656913397165484e-19
0,22,0,GAUSSIAN_STARLET,0.000520458274719445,2.754255119622064e-19
0,22,0,MCALENS,0.0010432561948627958,-6.88563779905516e-20
0,22,0,FUSION,0.000530414828315282,-6.88563779905516e-20
0,22,1,TRUTH,-0.0005815735573712803,-3.2235855900558036e-19
0,22,1,GAUSSIAN_STARLET,3.285988018628441e-05,4.0294819875697544e-20
0,22,1,MCALENS,0.0003294701546933053,1.359950170804792e-19
0,22,1,FUSION,4.0781175965875675e-05,-2.216215093163365e-19
0,22,2,TRUTH,0.0011042831399229473,8.191466937789367e-19
0,22,2,GAUSSIAN_STARLET,2.215449539917395e-05,-2.9787152501052244e-19
0,22,2,MCALENS,0.0005234026321477012,-1.4893576250526122e-19
0,22,2,FUSION,1.6509719058647058e-05,4.0957334688946835e-19
0,22,3,TRUTH,-0.0007974808174378428,9.088083696921368e-20
0,22,3,GAUSSIAN_STARLET,5.072464271641328e-05,4.0896376636146155e-19
0,22,3,MCALENS,0.0008425593355195238,3.635233478768547e-19
0,22,3,FUSION,5.477972056623543e-05,-1.8176167393842735e-19
0,22,4,TRUTH,0.00121463758981739,-3.535870810755667e-19
0,22,4,GAUSSIAN_STARLET,4.0445565060772705e-05,-2.3437772231294707e-19
0,22,4,MCALENS,0.0008486436747080831,-1.6163980849168764e-19
0,22,4,FUSION,3.8761767078110466e-05,1.9396777019002516e-19
0,22,5,TRUTH,-0.0020053015587105424,2.91328847659476e-19
0,22,5,GAUSSIAN_STARLET,0.0002938673830081661,1.248552204254897e-19
0,22,5,MCALENS,0.000731352244022613,7.491313225529382e-19
0,22,5,FUSION,0.0002862655228734964,2.497104408509794e-19
0,22,6,TRUTH,0.002108294779901509,1.3318014990255288e-19
0,22,6,GAUSSIAN_STARLET,-0.0001276275289936134,6.659007495127644e-20
0,22,6,MCALENS,0.00032279417657231433,4.994255621345733e-19
0,22,6,FUSION,-0.00011173883058174892,2.99655337280744e-19
0,22,7,TRUTH,-0.00037953364584417885,-4.632133018850303e-19
0,22,7,GAUSSIAN_STARLET,0.00033705126903061576,3.6395330862395237e-19
0,22,7,MCALENS,0.0008794979196053913,-4.962999663053896e-19
0,22,7,FUSION,0.00034576433263984533,4.962999663053896e-19
0,23,0,TRUTH,-0.0002828276807073937,-4.131382679433097e-19
0,23,0,GAUSSIAN_STARLET,5.6211094505311936e-05,-2.4099732296693064e-19
0,23,0,MCALENS,0.00017416793489914416,6.88563779905516e-20
0,23,0,FUSION,5.645742131747028e-05,1.7214094497637904e-19
0,23,1,TRUTH,0.00097705513474167,6.447171180111607e-19
0,23,1,GAUSSIAN_STARLET,0.00013091010792933824,2.3673206676972304e-19
0,23,1,MCALENS,0.0004314329617053021,1.8132668944063894e-19
0,23,1,FUSION,0.00014455996339117364,-2.2665836180079866e-19
0,23,2,TRUTH,4.50324260589812e-05,3.1648849532368007e-19
0,23,2,GAUSSIAN_STARLET,0.00011672257729523203,-8.377636640920944e-20
0,23,2,MCALENS,0.00027481261621673116,4.0957334688946835e-19
0,23,2,FUSION,0.00010887789205690405,-2.3271212891447064e-19
0,23,3,TRUTH,0.0005743798361358361,2.499223016653376e-19
0,23,3,GAUSSIAN_STARLET,-2.509837658902423e-05,4.600842371566442e-19
0,23,3,MCALENS,0.0005202095058038057,-3.748834524980064e-19
0,23,3,FUSION,-1.9321436543244248e-05,-3.408031386345513e-20
0,23,4,TRUTH,-1.799320041278551e-05,-1.2931184679335012e-19
0,23,4,GAUSSIAN_STARLET,3.6649124945379524e-05,-2.5862369358670024e-19
0,23,4,MCALENS,0.0003853148676808255,-4.525914637767254e-19
0,23,4,FUSION,3.77472262844298e-05,2.9095165528503773e-19
0,23,5,TRUTH,-0.0011107754748672293,4.994208817019588e-19
0,23,5,GAUSSIAN_STARLET,0.00046295679961977755,3.745656612764691e-19
0,23,5,MCALENS,0.0005968917498425014,-2.497104408509794e-19
0,23,5,FUSION,0.00045856192225962876,1.248552204254897e-19
0,23,6,TRUTH,0.0009201985505553517,5.99310674561488e-19
0,23,6,GAUSSIAN_STARLET,-0.00017170014578398593,3.329503747563822e-20
0,23,6,MCALENS,9.290367017294836e-05,-3.995404497076587e-19
0,23,6,FUSION,-0.00016845809952167112,4.3283548718329687e-19
0,23,7,TRUTH,0.0001343353425953751,-3.80496640834132e-19
0,23,7,GAUSSIAN_STARLET,0.0001486308340883451,1.9851998652215585e-19
0,23,7,MCALENS,0.0004212389861183481,-3.308666442035931e-20
0,23,7,FUSION,0.0001569673402768351,-2.977799797832338e-19
0,24,0,TRUTH,-0.001333172769174621,-5.508510239244128e-19
0,24,0,GAUSSIAN_STARLET,2.409830287096687e-05,1.0328456698582742e-19
0,24,0,MCALENS,0.00035849097764327075,-5.164228349291371e-20
0,24,0,FUSION,2.1631164614139018e-05,6.88563779905516e-20
0,24,1,TRUTH,0.0006169787488175373,-1.6117927950279018e-19
0,24,1,GAUSSIAN_STARLET,-0.00013559751034651832,-3.626533788812779e-19
0,24,1,MCALENS,0.0003832386986849052,-4.029481987569754e-19
0,24,1,FUSION,-0.0001205995305552323,-2.014740993784877e-19
0,24,2,TRUTH,0.00036706970015265393,-8.936145750315673e-19
0,24,2,GAUSSIAN_STARLET,-5.112508839257818e-05,-2.9787152501052244e-19
0,24,2,MCALENS,0.0004052432951030838,3.7233940626315305e-19
0,24,2,FUSION,-2.6860883482310707e-05,1.4893576250526122e-19
0,24,3,TRUTH,-0.00301352697678553,-6.816062772691026e-20
0,24,3,GAUSSIAN_STARLET,-0.0008527535701260333,1.8176167393842735e-19
0,24,3,MCALENS,-0.00070647006178565,-5.452850218152821e-19
0,24,3,FUSION,-0.0008563162690497288,1.5904146469612393e-19
0,24,4,TRUTH,0.0006295998492007989,-1.6163980849168764e-19
0,24,4,GAUSSIAN_STARLET,-6.92054959545603e-05,-1.565885644763224e-19
0,24,4,MCALENS,0.0008222002580359096,1.4547582764251887e-19
0,24,4,FUSION,-6.676368781606689e-05,-3.9803802841078083e-19
0,24,5,TRUTH,-0.00010430603363393178,3.3294725446797256e-19
0,24,5,GAUSSIAN_STARLET,8.793509726171515e-05,-5.410392885104553e-19
0,24,5,MCALENS,0.0007180154729570759,-2.0809203404248283e-19
0,24,5,FUSION,9.69268044310944e-05,-1.6647362723398628e-19
0,24,6,TRUTH,0.0005855592746108274,7.990808994153174e-19
0,24,6,GAUSSIAN_STARLET,-9.485512514996136e-05,2.1641774359164844e-19
0,24,6,MCALENS,0.00015624519187418934,-9.988511242691467e-20
0,24,6,FUSION,-9.616647386953661e-05,-3.495978934942013e-19
0,24,7,TRUTH,-7.91866712537506e-05,-1.3234665768143723e-19
0,24,7,GAUSSIAN_STARLET,-0.000378127446837131,-3.308666442035931e-20
0,24,7,MCALENS,-2.1674813509025822e-05,-9.925999326107792e-20
0,24,7,FUSION,-0.0003670743810892229,3.970399730443117e-19
0,25,0,TRUTH,-0.00042441347530899383,-1.5492685047874113e-19
0,25,0,GAUSSIAN_STARLET,-0.00018681765061237684,-1.5492685047874113e-19
0,25,0,MCALENS,0.0002768149130438877,1.420162796055127e-19
0,25,0,FUSION,-0.00017948546262244188,-1.377127559811032e-19
0,25,1,TRUTH,0.002959482602334998,-3.2235855900558036e-19
0,25,1,GAUSSIAN_STARLET,0.00044503275816060314,4.835378385083705e-19
0,25,1,MCALENS,0.0009805583549934934,1.6117927950279018e-19
0,25,1,FUSION,0.0004530678647218008,-4.835378385083705e-19
0,25,2,TRUTH,-0.002092160537515351,-5.957430500210449e-19
0,25,2,GAUSSIAN_STARLET,-0.00044643181702374896,-1.8616970313157652e-20
0,25,2,MCALENS,-6.900449682868784e-05,-2.2340364375789183e-19
0,25,2,FUSION,-0.00042554108966391153,-1.8616970313157652e-19
0,25,3,TRUTH,-0.0009028259739104404,4.544041848460684e-20
0,25,3,GAUSSIAN_STARLET,-5.9238957749948134e-05,2.9536272014994445e-19
0,25,3,MCALENS,0.0004759046685402454,3.1808292939224787e-19
0,25,3,FUSION,-5.108917255418689e-05,-3.1808292939224787e-19
0,25,4,TRUTH,-0.0016374403432249164,-6.465592339667506e-20
0,25,4,GAUSSIAN_STARLET,-2.410933069766508e-05,-6.465592339667506e-20
0,25,4,MCALENS,0.0006773807761039267,-3.232796169833753e-20
0,25,4,FUSION,-2.1446037841662886e-05,-2.9095165528503773e-19
0,25,5,TRUTH,-0.0012649516207807307,4.578024748934623e-19
0,25,5,GAUSSIAN_STARLET,0.0003636426730186768,-2.91328847659476e-19
0,25,5,MCALENS,0.0009314151386642363,-3.3294725446797256e-19
0,25,5,FUSION,0.0003642185027292094,-4.161840680849657e-20
0,25,6,TRUTH,-0.0001595697270320584,-5.160730808723925e-19
0,25,6,GAUSSIAN_STARLET,-7.898154181560851e-05,1.6647518737819111e-19
0,25,6,MCALENS,0.0002554040922491326,-9.988511242691467e-20
0,25,6,FUSION,-6.843274771560628e-05,-1.6647518737819111e-19
0,25,7,TRUTH,0.0004224164477760293,-1.9851998652215585e-19
0,25,7,GAUSSIAN_STARLET,-0.0002367723327548019,-4.135833052544913e-20
0,25,7,MCALENS,0.00010469421742531827,2.3160665094251514e-19
0,25,7,FUSION,-0.00022578621011295496,-1.488899898916169e-19
0,26,0,TRUTH,-0.0014494253143856476,-8.262765358866194e-19
0,26,0,GAUSSIAN_STARLET,-0.0004369071477543527,-2.4099732296693064e-19
0,26,0,MCALENS,-0.00021710632194031664,-3.442818899527581e-19
0,26,0,FUSION,-0.00042708099699625594,1.7214094497637904e-19
0,26,1,TRUTH,-0.00036522649548337353,-6.850119378868582e-19
0,26,1,GAUSSIAN_STARLET,-0.0003505010031411639,-6.044222981354631e-20
0,26,1,MCALENS,-9.422476910382072e-05,-1.6117927950279018e-19
0,26,1,FUSION,-0.00034086119975552335,-3.425059689434291e-19
0,26,2,TRUTH,-5.014392289550044e-05,-2.9787152501052244e-19
0,26,2,GAUSSIAN_STARLET,-0.0004049160621121768,-1.4893576250526122e-19
0,26,2,MCALENS,8.591386119026504e-05,1.4893576250526122e-19
0,26,2,FUSION,-0.00039655283934223915,2.4202061407104946e-19
0,26,3,TRUTH,-0.0017743085529230201,2.272020924230342e-19
0,26,3,GAUSSIAN_STARLET,-0.00041689190213641203,-1.136010462115171e-19
0,26,3,MCALENS,0.00015397614409904116,1.249611508326688e-19
0,26,3,FUSION,-0.0004163966619386972,4.884844987095235e-19
0,26,4,TRUTH,6.138070655231818e-05,6.061492818438287e-19
0,26,4,GAUSSIAN_STARLET,-2.319914793403544e-05,-3.9601753080463473e-19
0,26,4,MCALENS,0.001082850173141368,-5.657393297209067e-20
0,26,4,FUSION,-1.2345953162383458e-05,-1.2931184679335012e-19
0,26,5,TRUTH,-0.0015058552535682558,-1.6647362723398628e-19
0,26,5,GAUSSIAN_STARLET,-0.00020179293078421658,1.6647362723398628e-19
0,26,5,MCALENS,0.0007792641536978893,-1.6647362723398628e-19
0,26,5,FUSION,-0.00018040397333197496,-3.3294725446797256e-19
0,26,6,TRUTH,0.00136590054911426,2.6636029980510576e-19
0,26,6,GAUSSIAN_STARLET,-0.00025158159279884253,-2.6636029980510576e-19
0,26,6,MCALENS,0.0004928960673075794,-3.6624541223202046e-19
0,26,6,FUSION,-0.00024224445105215306,4.827780433967542e-19
0,26,7,TRUTH,-0.002889106786476662,7.279066172479047e-19
0,26,7,GAUSSIAN_STARLET,-0.0003656028678139054,-4.632133018850303e-19
0,26,7,MCALENS,7.881201896198792e-05,3.308666442035931e-20
0,26,7,FUSION,-0.00035139922662637057,3.3086664420359305e-19
0,27,0,TRUTH,-0.0026321352262886582,6.885637799055162e-19
0,27,0,GAUSSIAN_STARLET,-0.0006582782900737096,2.0656913397165484e-19
0,27,0,MCALENS,-0.0005881515355514411,6.88563779905516e-20
0,27,0,FUSION,-0.000657795069323507,1.377127559811032e-19
0,27,1,TRUTH,-0.0026381629779522503,-2.4176891925418525e-19
0,27,1,GAUSSIAN_STARLET,-0.0009957908218143309,1.6117927950279018e-19
0,27,1,MCALENS,-0.0006486398949940834,4.835378385083705e-19
0,27,1,FUSION,-0.0009887404730934248,0.0
0,27,2,TRUTH,-0.0020778232291646923,5.585091093947295e-19
0,27,2,GAUSSIAN_STARLET,-0.0008424208863243342,-2.2340364375789183e-19
0,27,2,MCALENS,-0.0006133224062135921,-2.6063758438420713e-19
0,27,2,FUSION,-0.0008431141922395649,-3.7233940626315305e-19
0,27,3,TRUTH,-0.0006121341884288673,3.635233478768547e-19
0,27,3,GAUSSIAN_STARLET,-0.00031376164667065015,1.8176167393842735e-19
0,27,3,MCALENS,0.0001411515991579604,1.8176167393842735e-19
0,27,3,FUSION,-0.0003105170758785036,-9.088083696921368e-20
0,27,4,TRUTH,6.029994551805878e-06,-7.435431190617631e-19
0,27,4,GAUSSIAN_STARLET,-1.324648153354013e-05,2.9095165528503773e-19
0,27,4,MCALENS,0.0008350925605131211,5.819033105700755e-19
0,27,4,FUSION,-6.9731232120629355e-06,1.9396777019002516e-19
0,27,5,TRUTH,0.00028330533139501546,1.45664423829738e-19
0,27,5,GAUSSIAN_STARLET,-0.0004132890608875953,2.0809203404248283e-19
0,27,5,MCALENS,0.0004183362427432965,2.497104408509794e-19
0,27,5,FUSION,-0.0003946606772824871,-2.0809203404248283e-19
0,27,6,TRUTH,-0.00242397749525869,-8.98966011842232e-19
0,27,6,GAUSSIAN_STARLET,-0.000662696898421721,1.3318014990255288e-19
0,27,6,MCALENS,-0.0002197923778576398,-6.659007495127644e-20
0,27,6,FUSION,-0.0006564135616195283,3.6624541223202046e-19
0,27,7,TRUTH,-0.0018443891640090317,-3.970399730443117e-19
0,27,7,GAUSSIAN_STARLET,-0.0009385875028731996,0.0
0,27,7,MCALENS,-0.0007902013590401372,-2.6469331536287446e-19
0,27,7,FUSION,-0.0009495248734111246,3.3086664420359305e-19
0,28,0,TRUTH,-0.0012642103199330733,0.0
0,28,0,GAUSSIAN_STARLET,-0.00012190789688417814,2.754255119622064e-19
0,28,0,MCALENS,9.371888924606701e-05,2.754255119622064e-19
0,28,0,FUSION,-0.00013335952940245332,-4.131382679433097e-19
0,28,1,TRUTH,-0.0005263172123179268,-4.130219037258998e-19
0,28,1,GAUSSIAN_STARLET,0.0003691446902641456,-2.4176891925418525e-19
0,28,1,MCALENS,0.0007128148296513677,8.058963975139509e-20
0,28,1,FUSION,0.0003710163579898353,1.6117927950279018e-19
0,28,2,TRUTH,-0.0017850427153005158,-4.840412281420989e-19
0,28,2,GAUSSIAN_STARLET,0.00015593486454320004,-7.446788125263061e-20
0,28,2,MCALENS,0.00032316426358836064,3.7233940626315305e-19
0,28,2,FUSION,0.00014491889471698728,-2.9787152501052244e-19
0,28,3,TRUTH,0.0012007610837890927,1.136010462115171e-19
0,28,3,GAUSSIAN_STARLET,-4.364908196315572e-05,1.3632125545382052e-19
0,28,3,MCALENS,0.0005269992588560687,-1.3632125545382052e-19
0,28,3,FUSION,-3.562835284046166e-05,-5.452850218152821e-19
0,28,4,TRUTH,0.002315969470460715,7.758710807601006e-19
0,28,4,GAUSSIAN_STARLET,-1.9663626498317096e-05,-2.4245971273753144e-19
0,28,4,MCALENS,0.0010172489375754176,-8.566909850059445e-19
0,28,4,FUSION,-1.9143887285842357e-05,-2.5862369358670024e-19
0,28,5,TRUTH,0.0019298270634504208,1.6647362723398628e-19
0,28,5,GAUSSIAN_STARLET,-0.0002270880971415644,4.1618406808496566e-19
0,28,5,MCALENS,0.0007876581235969621,-5.82657695318952e-19
0,28,5,FUSION,-0.00021269743112696047,-4.1618406808496566e-19
0,28,6,TRUTH,-0.0016304026221671299,-6.6590074951276445e-19
0,28,6,GAUSSIAN_STARLET,-0.00015027005724647355,-1.9977022485382934e-19
0,28,6,MCALENS,0.0001725713666282486,-1.3318014990255288e-19
0,28,6,FUSION,-0.0001461176001045549,0.0
0,28,7,TRUTH,-0.0014197452246672065,2.6469331536287446e-19
0,28,7,GAUSSIAN_STARLET,0.0001518636182586609,-3.3086664420359305e-19
0,28,7,MCALENS,0.00042565657100714587,-1.9851998652215585e-19
0,28,7,FUSION,0.00015898929979039485,-2.3160665094251514e-19
0,29,0,TRUTH,-0.0008790636073712166,-2.5821141746456856e-19
0,29,0,GAUSSIAN_STARLET,-0.00012382216576818802,-1.377127559811032e-19
0,29,0,MCALENS,0.00011026797514471466,6.88563779905516e-20
0,29,0,FUSION,-0.00011315725661164591,-3.0985370095748225e-19
0,29,1,TRUTH,0.0015525321174734421,-9.67075677016741e-19
0,29,1,GAUSSIAN_STARLET,3.8811015138885864e-05,8.058963975139509e-20
0,29,1,MCALENS,0.0004306651514360643,2.014740993784877e-19
0,29,1,FUSION,5.8454201571399735e-05,4.835378385083705e-19
0,29,2,TRUTH,0.00022094087008209753,0.0
0,29,2,GAUSSIAN_STARLET,-0.000424342965121931,3.7233940626315305e-19
0,29,2,MCALENS,-0.00012375125270130055,3.7233940626315305e-19
0,29,2,FUSION,-0.00041773065581936924,3.7233940626315305e-20
0,29,3,TRUTH,-0.00042191248131325285,-4.0896376636146155e-19
0,29,3,GAUSSIAN_STARLET,-0.00022791973461934364,2.7264251090764103e-19
0,29,3,MCALENS,0.00038587461466025685,9.088083696921368e-20
0,29,3,FUSION,-0.00021750022212784815,-3.635233478768547e-19
0,29,4,TRUTH,-0.001705875363839005,-1.6163980849168764e-19
0,29,4,GAUSSIAN_STARLET,-5.04458247494769e-05,-2.5862369358670024e-19
0,29,4,MCALENS,0.0008441661528367122,2.3437772231294707e-19
0,29,4,FUSION,-4.392830890430888e-05,4.2834549250297223e-19
0,29,5,TRUTH,-0.0017168360782939857,-4.1618406808496566e-19
0,29,5,GAUSSIAN_STARLET,0.0001669911650627595,-4.578024748934623e-19
0,29,5,MCALENS,0.0003455102216864198,3.3294725446797256e-19
0,29,5,FUSION,0.0001562575717746147,1.248552204254897e-19
0,29,6,TRUTH,-0.00010357093088879615,-4.661305246589352e-19
0,29,6,GAUSSIAN_STARLET,-3.804660403726509e-05,-3.3295037475638222e-19
0,29,6,MCALENS,0.0002172335391400467,-6.659007495127644e-20
0,29,6,FUSION,-3.2734912578594013e-05,1.9977022485382934e-19
0,29,7,TRUTH,0.00013340839755604403,-2.6469331536287446e-19
0,29,7,GAUSSIAN_STARLET,-0.00035988798992401616,-2.6469331536287446e-19
0,29,7,MCALENS,4.441010101540837e-05,3.308666442035931e-20
0,29,7,FUSION,-0.00034865573536211963,1.9851998652215585e-19
1,10,0,TRUTH,0.0012843961336416962,-6.88563779905516e-20
1,10,0,GAUSSIAN_STARLET,0.0005005571235584128,4.131382679433097e-19
1,10,0,MCALENS,0.0010389250317304913,2.754255119622064e-19
1,10,0,FUSION,0.000505191138360403,6.88563779905516e-20
1,10,1,TRUTH,0.002160028189693818,-1.6117927950279018e-19
1,10,1,GAUSSIAN_STARLET,0.0012262200738143295,-1.6117927950279018e-19
1,10,1,MCALENS,0.002156507480848291,-1.6117927950279018e-19
1,10,1,FUSION,0.0012733808359742928,-4.835378385083705e-19
1,10,2,TRUTH,0.0035834140776388503,1.117018218789459e-18
1,10,2,GAUSSIAN_STARLET,0.00022534010756578634,-1.4893576250526122e-19
1,10,2,MCALENS,0.00101056495553903,9.308485156578826e-19
1,10,2,FUSION,0.00025822492536474093,-3.7233940626315305e-19
1,10,3,TRUTH,-0.0002634083859986126,5.907254402998889e-19
1,10,3,GAUSSIAN_STARLET,-1.3085211751448398e-05,-1.3632125545382052e-19
1,10,3,MCALENS,0.0010630212557900722,-4.544041848460684e-19
1,10,3,FUSION,1.2081337102935628e-05,-2.272020924230342e-19
1,10,4,TRUTH,-0.0002728624792349619,3.232796169833753e-20
1,10,4,GAUSSIAN_STARLET,0.00023005577942495985,-3.39443597832544e-19
1,10,4,MCALENS,0.001952607746765351,-4.606734542013098e-19
1,10,4,FUSION,0.00024413951829874834,1.6163980849168764e-19
1,10,5,TRUTH,-0.00016109067851537102,4.994208817019588e-19
1,10,5,GAUSSIAN_STARLET,0.00024511398458321117,-4.786116782977105e-19
1,10,5,MCALENS,0.0015962569496770418,-4.682070765955864e-19
1,10,5,FUSION,0.0002650622181616325,2.91328847659476e-19
1,10,6,TRUTH,0.001641707904586586,-1.3318014990255288e-19
1,10,6,GAUSSIAN_STARLET,3.410975066825077e-05,-5.327205996102115e-19
1,10,6,MCALENS,0.0007444972658958622,0.0
1,10,6,FUSION,4.591663383290992e-05,0.0
1,10,7,TRUTH,-0.0014272954349918562,8.602532749293419e-19
1,10,7,GAUSSIAN_STARLET,0.0005740536751146889,0.0
1,10,7,MCALENS,0.001307443726600639,-1.3234665768143723e-19
1,10,7,FUSION,0.000584670613592742,3.970399730443117e-19
1,11,0,TRUTH,0.0017182960631505623,-6.88563779905516e-20
1,11,0,GAUSSIAN_STARLET,-0.0004440150528832928,1.7214094497637904e-19
1,11,0,MCALENS,0.0006024015189184034,-3.0985370095748225e-19
1,11,0,FUSION,-0.0004066126652830004,1.72140944976379e-20
1,11,1,TRUTH,-0.001431106190620452,-7.253067577625558e-19
1,11,1,GAUSSIAN_STARLET,-0.00046439345931404476,1.6117927950279018e-19
1,11,1,MCALENS,0.00033146423949716744,-2.4176891925418525e-19
1,11,1,FUSION,-0.00044601528641700927,-8.058963975139509e-20
1,11,2,TRUTH,-0.0010862102040383346,1.1170182187894591e-19
1,11,2,GAUSSIAN_STARLET,-0.0007506964731745764,4.0957334688946835e-19
1,11,2,MCALENS,-0.00020910922644313713,3.909563765763107e-19
1,11,2,FUSION,-0.0007244634010471992,-2.6063758438420713e-19
1,11,3,TRUTH,-0.0007926161654173847,-5.452850218152821e-19
1,11,3,GAUSSIAN_STARLET,-0.00040546903136160194,-3.635233478768547e-19
1,11,3,MCALENS,0.0003827746302418618,6.361658587844957e-19
1,11,3,FUSION,-0.0003766108808679388,4.998446033306752e-19
1,11,4,TRUTH,-0.001206858170521071,5.051244015365238e-19
1,11,4,GAUSSIAN_STARLET,2.8693601934561245e-05,2.4245971273753144e-19
1,11,4,MCALENS,0.00144737619414336,6.465592339667506e-20
1,11,4,FUSION,3.982934157564875e-05,8.405270041567757e-19
1,11,5,TRUTH,-0.0006104553965227175,-2.497104408509794e-19
1,11,5,GAUSSIAN_STARLET,-0.0004504482428054708,-2.7051964425522767e-19
1,11,5,MCALENS,0.0005476093276609815,8.323681361699314e-20
1,11,5,FUSION,-0.00042774354446749633,0.0
1,11,6,TRUTH,-0.0019530883872503641,-5.99310674561488e-19
1,11,6,GAUSSIAN_STARLET,-0.0009026587994773955,-4.661305246589352e-19
1,11,6,MCALENS,-0.000481165676737306,0.0
1,11,6,FUSION,-0.0009005448002989927,9.988511242691467e-20
1,11,7,TRUTH,-0.0028165537853422863,2.6469331536287446e-19
1,11,7,GAUSSIAN_STARLET,-0.00042267584395640624,-9.925999326107792e-20
1,11,7,MCALENS,-2.9923936506181297e-05,-1.9851998652215585e-19
1,11,7,FUSION,-0.0004217778296710019,3.6395330862395237e-19
1,12,0,TRUTH,0.002227198080421742,9.639892918677226e-19
1,12,0,GAUSSIAN_STARLET,0.0001685449337869015,-1.377127559811032e-19
1,12,0,MCALENS,0.0009507613310431949,1.377127559811032e-19
1,12,0,FUSION,0.0001851918276019457,-8.262765358866194e-19
1,12,1,TRUTH,0.0001763628048555419,-7.253067577625558e-19
1,12,1,GAUSSIAN_STARLET,-0.00030708603034253733,1.6117927950279018e-19
1,12,1,MCALENS,0.0002824603866525099,-4.029481987569754e-19
1,12,1,FUSION,-0.000292803295976053,8.058963975139509e-20
1,12,2,TRUTH,-0.0029451647478066696,-2.9787152501052244e-19
1,12,2,GAUSSIAN_STARLET,-0.00048318835024291525,-7.260618422131484e-19
1,12,2,MCALENS,0.00026310390078273567,6.515939609605178e-20
1,12,2,FUSION,-0.0004539709200299278,-2.2340364375789183e-19
1,12,3,TRUTH,-0.004218494557900109,0.0
1,12,3,GAUSSIAN_STARLET,-0.0013482750070028622,1.0224094159036539e-19
1,12,3,MCALENS,-0.0005204973141864143,0.0
1,12,3,FUSION,-0.0013348620203609237,3.1808292939224787e-19
1,12,4,TRUTH,-0.002494012861695449,-2.9095165528503773e-19
1,12,4,GAUSSIAN_STARLET,-3.9683878465141525e-06,-3.2327961698337528e-19
1,12,4,MCALENS,0.0010708144735316512,9.051829275534508e-19
1,12,4,FUSION,7.675253816217633e-06,1.9396777019002516e-19
1,12,5,TRUTH,0.0006762759335055235,-9.988417634039176e-19
1,12,5,GAUSSIAN_STARLET,-0.0002871785817226765,-3.745656612764691e-19
1,12,5,MCALENS,0.0010718228138801484,1.248552204254897e-19
1,12,5,FUSION,-0.00027364015142064763,-4.994208817019588e-19
1,12,6,TRUTH,0.0020575783817212896,2.6636029980510576e-19
1,12,6,GAUSSIAN_STARLET,-0.00011100922106500278,1.3318014990255288e-19
1,12,6,MCALENS,0.0008127552967526913,4.161879684454778e-19
1,12,6,FUSION,-8.277992459445767e-05,1.9977022485382934e-19
1,12,7,TRUTH,0.0019745671603456196,-8.271666105089826e-20
1,12,7,GAUSSIAN_STARLET,-0.00031871084549232913,-1.3234665768143723e-19
1,12,7,MCALENS,0.0007888266057705074,-7.940799460886234e-19
1,12,7,FUSION,-0.00030057636954310525,1.3234665768143723e-19
1,13,0,TRUTH,-0.004194869557243233,0.0
1,13,0,GAUSSIAN_STARLET,-0.0014793699267267187,-4.131382679433097e-19
1,13,0,MCALENS,-0.0007682391301375942,-1.377127559811032e-19
1,13,0,FUSION,-0.0014644726414160035,-1.377127559811032e-19
1,13,1,TRUTH,-0.0007309680808835471,4.835378385083705e-19
1,13,1,GAUSSIAN_STARLET,-0.0013209294611305612,3.1228485403665597e-19
1,13,1,MCALENS,-0.0007952540075230911,1.410318695649414e-19
1,13,1,FUSION,-0.0013123062816643833,3.3243226397450474e-19
1,13,2,TRUTH,-0.0014593472142546177,-5.957430500210449e-19
1,13,2,GAUSSIAN_STARLET,-0.0010539792627805526,-3.7233940626315305e-19
1,13,2,MCALENS,-0.0006147211958767953,2.9787152501052244e-19
1,13,2,FUSION,-0.0010486198392813755,-7.446788125263061e-20
1,13,3,TRUTH,-0.0022923109183276822,5.680052310575855e-19
1,13,3,GAUSSIAN_STARLET,-0.00035534081184267744,3.635233478768547e-19
1,13,3,MCALENS,0.0005831752592130608,7.724871142383163e-19
1,13,3,FUSION,-0.00035440858392048104,6.816062772691026e-19
1,13,4,TRUTH,-0.0023736333911262885,-5.980672914192442e-19
1,13,4,GAUSSIAN_STARLET,8.310066874270383e-06,5.051244015365238e-19
1,13,4,MCALENS,0.0013542093209203618,-2.990336457096221e-19
1,13,4,FUSION,1.868880493290758e-05,-2.8691066007274555e-19
1,13,5,TRUTH,-0.0015556700707465058,3.537564578722208e-19
1,13,5,GAUSSIAN_STARLET,-0.0005962216939111142,1.5606902553186212e-19
1,13,5,MCALENS,0.0004236176656733022,-1.248552204254897e-19
1,13,5,FUSION,-0.0005702900751367847,3.1213805106372424e-19
1,13,6,TRUTH,-0.0028233185649579533,4.661305246589352e-19
1,13,6,GAUSSIAN_STARLET,-0.0009665825640609349,6.659007495127644e-20
1,13,6,MCALENS,-0.00032867156977597586,1.9977022485382934e-19
1,13,6,FUSION,-0.0009536199165447653,1.9977022485382934e-19
1,13,7,TRUTH,-0.00316134594339778,-2.6469331536287446e-19
1,13,7,GAUSSIAN_STARLET,-0.0010764448324555548,3.970399730443117e-19
1,13,7,MCALENS,-0.0005713756953816936,2.6469331536287446e-19
1,13,7,FUSION,-0.0010582893396595325,2.6469331536287446e-19
1,14,0,TRUTH,0.002312797286250035,0.0
1,14,0,GAUSSIAN_STARLET,0.00010272551064101639,1.377127559811032e-19
1,14,0,MCALENS,0.001105493497324054,-4.819946459338613e-19
1,14,0,FUSION,0.00013772492246609742,2.754255119622064e-19
1,14,1,TRUTH,-0.00031140518322601883,-1.6117927950279018e-19
1,14,1,GAUSSIAN_STARLET,4.410970390206953e-05,1.2088445962709263e-19
1,14,1,MCALENS,0.0007534396562555289,-3.2235855900558036e-19
1,14,1,FUSION,6.726375220129685e-05,4.0294819875697544e-20
1,14,2,TRUTH,-0.00023810036116237262,-4.468072875157837e-19
1,14,2,GAUSSIAN_STARLET,0.0003127640079305266,2.2340364375789183e-19
1,14,2,MCALENS,0.0011072519101253805,-9.308485156578826e-19
1,14,2,FUSION,0.0003375672026221947,1.8616970313157652e-19
1,14,3,TRUTH,0.0030200652458718252,9.088083696921368e-20
1,14,3,GAUSSIAN_STARLET,0.0008255432415222301,-7.270466957537094e-19
1,14,3,MCALENS,0.002157367054152635,8.179275327229231e-19
1,14,3,FUSION,0.0008416821646906066,8.179275327229231e-19
1,14,4,TRUTH,0.00018517292161136074,3.556075786817128e-19
1,14,4,GAUSSIAN_STARLET,-0.00019488286491438204,4.768374350504785e-19
1,14,4,MCALENS,0.0014698786263728605,-3.39443597832544e-19
1,14,4,FUSION,-0.00018310598074394133,-1.6163980849168764e-19
1,14,5,TRUTH,-0.0002486063565886583,5.410392885104553e-19
1,14,5,GAUSSIAN_STARLET,7.879229853083532e-07,0.0
1,14,5,MCALENS,0.0008266575535125087,4.994208817019588e-19
1,14,5,FUSION,9.12773700638926e-06,-3.3294725446797256e-19
1,14,6,TRUTH,-0.0038526032859014596,0.0
1,14,6,GAUSSIAN_STARLET,-0.00011927289478549637,1.9977022485382934e-19
1,14,6,MCALENS,0.0003726047573486733,-3.3295037475638222e-19
1,14,6,FUSION,-0.00010465031349009544,0.0
1,14,7,TRUTH,-0.0013249644604689885,-3.308666442035931e-20
1,14,7,GAUSSIAN_STARLET,-0.00012736493157763167,3.970399730443117e-19
1,14,7,MCALENS,0.0004795859546043542,-1.9851998652215585e-19
1,14,7,FUSION,-0.00011166176194195907,5.293866307257489e-19
1,15,0,TRUTH,-0.0009668432831699529,5.508510239244128e-19
1,15,0,GAUSSIAN_STARLET,-0.0006696856241927181,-3.7871007894803386e-19
1,15,0,MCALENS,-0.0003071661928872695,2.4099732296693064e-19
1,15,0,FUSION,-0.0006709899764344928,-1.0328456698582742e-19
1,15,1,TRUTH,-0.0011019798883151342,-4.835378385083705e-19
1,15,1,GAUSSIAN_STARLET,-0.00017557097140840573,-2.820637391298828e-19
1,15,1,MCALENS,4.6100806299304696e-05,-2.9213744409880716e-19
1,15,1,FUSION,-0.00018003561170906938,-3.2235855900558036e-19
1,15,2,TRUTH,0.00125884361095977,-1.3031879219210357e-19
1,15,2,GAUSSIAN_STARLET,-0.00023353725784545226,-2.6994606954078595e-19
1,15,2,MCALENS,0.0004757941217704137,-2.7925455469736476e-19
1,15,2,FUSION,-0.0002054219279838239,3.1648849532368007e-19
1,15,3,TRUTH,-0.0019543312301682583,-2.499223016653376e-19
1,15,3,GAUSSIAN_STARLET,-0.00021789047374982964,-2.4424224935476176e-19
1,15,3,MCALENS,0.00034043930188516964,2.9536272014994445e-19
1,15,3,FUSION,-0.00021334688061067265,-6.24805754163344e-19
1,15,4,TRUTH,-0.002254527588550845,-1.6163980849168764e-19
1,15,4,GAUSSIAN_STARLET,-7.47096959185206e-05,1.9396777019002516e-19
1,15,4,MCALENS,0.0007834859851212996,3.879355403800503e-19
1,15,4,FUSION,-6.0157216826081666e-05,5.172473871734005e-19
1,15,5,TRUTH,0.0003065743077008538,-2.0809203404248283e-19
1,15,5,GAUSSIAN_STARLET,-3.716063393096135e-05,-2.0809203404248283e-19
1,15,5,MCALENS,0.0012589352316972355,2.91328847659476e-19
1,15,5,FUSION,-9.429996083427696e-06,5.410392885104553e-19
1,15,6,TRUTH,0.0014772065344699089,1.3318014990255288e-19
1,15,6,GAUSSIAN_STARLET,-0.0008170447931464265,-1.3318014990255288e-19
1,15,6,MCALENS,0.00026408457870502594,-1.6647518737819111e-19
1,15,6,FUSION,-0.0007955178506590381,5.327205996102115e-19
1,15,7,TRUTH,-0.002013850866673583,4.3012663746467097e-19
1,15,7,GAUSSIAN_STARLET,-0.0003027568771763831,-4.7975663409521e-19
1,15,7,MCALENS,0.00037923883018973673,-2.6469331536287446e-19
1,15,7,FUSION,-0.00028141473724229934,1.8197665431197619e-19
1,16,0,TRUTH,-0.003862807890067443,1.377127559811032e-19
1,16,0,GAUSSIAN_STARLET,-0.0008673732944058557,6.88563779905516e-20
1,16,0,MCALENS,-0.00025320940587092683,-2.4099732296693064e-19
1,16,0,FUSION,-0.0008412530631550633,2.0656913397165484e-19
1,16,1,TRUTH,-0.002531212829502965,8.058963975139509e-20
1,16,1,GAUSSIAN_STARLET,-0.0012820613359037854,-4.633904285705217e-19
1,16,1,MCALENS,-0.0010842073298092203,-1.8132668944063894e-19
1,16,1,FUSION,-0.0012901257248262542,4.835378385083705e-19
1,16,2,TRUTH,-0.002185194807379646,-2.9787152501052244e-19
1,16,2,GAUSSIAN_STARLET,-0.0004283160347529921,-2.9787152501052244e-19
1,16,2,MCALENS,-4.734647707056006e-05,0.0
1,16,2,FUSION,-0.0004137393982611208,-7.446788125263061e-20
1,16,3,TRUTH,-0.002494908109189885,-8.236075850334989e-19
1,16,3,GAUSSIAN_STARLET,-0.00029128672064610684,1.3632125545382052e-19
1,16,3,MCALENS,0.0004974643970990509,-2.272020924230342e-19
1,16,3,FUSION,-0.00028714900791485215,-3.1808292939224787e-19
1,16,4,TRUTH,-0.0007869020541561061,-3.2327961698337528e-19
1,16,4,GAUSSIAN_STARLET,-6.703108616907806e-05,2.5862369358670024e-19
1,16,4,MCALENS,0.001138103784843202,-2.9095165528503773e-19
1,16,4,FUSION,-5.146390851744049e-05,3.0711563613420653e-19
1,16,5,TRUTH,0.0008249390673254196,-2.0809203404248283e-19
1,16,5,GAUSSIAN_STARLET,-0.000672220105483926,1.6647362723398628e-19
1,16,5,MCALENS,0.000755579804215815,4.1618406808496566e-19
1,16,5,FUSION,-0.0006502708765032402,-6.034668987232002e-19
1,16,6,TRUTH,0.0007880458473926864,5.327205996102115e-19
1,16,6,GAUSSIAN_STARLET,-0.0012024833915136588,1.3318014990255288e-19
1,16,6,MCALENS,-0.000585473217355243,-1.3318014990255288e-19
1,16,6,FUSION,-0.001179698547858289,1.9977022485382934e-19
1,16,7,TRUTH,-0.0016992698970201242,5.293866307257489e-19
1,16,7,GAUSSIAN_STARLET,-0.000270082186760547,2.6469331536287446e-19
1,16,7,MCALENS,0.0005098315857502723,3.970399730443117e-19
1,16,7,FUSION,-0.0002563442219243765,-5.293866307257489e-19
1,17,0,TRUTH,-0.0008386970028432545,-7.574201578960677e-19
1,17,0,GAUSSIAN_STARLET,3.473264707731475e-05,-2.0656913397165484e-19
1,17,0,MCALENS,0.0007061549691463818,-1.0328456698582742e-19
1,17,0,FUSION,4.020783051990097e-05,-1.7214094497637904e-19
1,17,1,TRUTH,-0.002552017516811209,-6.447171180111607e-19
1,17,1,GAUSSIAN_STARLET,5.913932475564824e-05,1.6117927950279018e-19
1,17,1,MCALENS,0.00036711400509760396,-4.835378385083705e-19
1,17,1,FUSION,5.934227747059758e-05,-1.6117927950279018e-19
1,17,2,TRUTH,0.001128418568324651,-3.7233940626315305e-19
1,17,2,GAUSSIAN_STARLET,-3.167956811542091e-05,7.446788125263061e-19
1,17,2,MCALENS,0.0008567096196446765,-7.446788125263061e-19
1,17,2,FUSION,-1.2548187646828701e-05,4.0957334688946835e-19
1,17,3,TRUTH,0.0020530382143637547,-7.04326486511406e-19
1,17,3,GAUSSIAN_STARLET,0.0003222301949746265,3.9760366174030984e-20
1,17,3,MCALENS,0.0019369141409881535,4.544041848460684e-19
1,17,3,FUSION,0.00039145004061235284,5.680052310575855e-20
1,17,4,TRUTH,6.655333491143002e-06,-4.2026350207838785e-19
1,17,4,GAUSSIAN_STARLET,4.297726953515876e-05,2.74787674435869e-19
1,17,4,MCALENS,0.0017553046569682477,-3.9197653559234255e-19
1,17,4,FUSION,5.414509887578958e-05,5.657393297209067e-19
1,17,5,TRUTH,-0.002759087396301474,0.0
1,17,5,GAUSSIAN_STARLET,0.0004734496209436251,1.6647362723398628e-19
1,17,5,MCALENS,0.001066116675281303,1.6647362723398628e-19
1,17,5,FUSION,0.0004694083731920031,1.6647362723398628e-19
1,17,6,TRUTH,0.001851858893762126,-9.988511242691467e-20
1,17,6,GAUSSIAN_STARLET,0.0005436318803188223,2.6636029980510576e-19
1,17,6,MCALENS,0.001480554276061914,-2.6636029980510576e-19
1,17,6,FUSION,0.0005583076636117256,-3.995404497076587e-19
1,17,7,TRUTH,0.003046758127645948,5.293866307257489e-19
1,17,7,GAUSSIAN_STARLET,0.0003375126602187505,-2.6469331536287446e-19
1,17,7,MCALENS,0.0014636231788485228,0.0
1,17,7,FUSION,0.00036075455975836745,-3.970399730443117e-19
1,18,0,TRUTH,0.0017250838210595856,2.754255119622064e-19
1,18,0,GAUSSIAN_STARLET,-0.0005091222753330867,3.442818899527581e-19
1,18,0,MCALENS,0.0003889681891729084,-1.8935503947401693e-19
1,18,0,FUSION,-0.000498189158386191,-4.819946459338613e-19
1,18,1,TRUTH,-0.0004534716939722796,-2.4176891925418525e-19
1,18,1,GAUSSIAN_STARLET,-0.0009260536796032665,8.058963975139509e-20
1,18,1,MCALENS,-0.0002404717334296138,4.029481987569754e-19
1,18,1,FUSION,-0.0009014178474355714,-4.835378385083705e-19
1,18,2,TRUTH,-0.001223540095198711,-2.2340364375789183e-19
1,18,2,GAUSSIAN_STARLET,-0.00038640080268700883,2.9787152501052244e-19
1,18,2,MCALENS,-0.0001599066234387847,1.1170182187894591e-19
1,18,2,FUSION,-0.00037280635131103977,-4.468072875157837e-19
1,18,3,TRUTH,-0.0013720187342643835,-1.8176167393842735e-19
1,18,3,GAUSSIAN_STARLET,-1.543661693933791e-05,9.088083696921368e-20
1,18,3,MCALENS,0.0006654124663928856,-3.1808292939224787e-19
1,18,3,FUSION,-1.4195242857929524e-05,1.8176167393842735e-19
1,18,4,TRUTH,0.00020569623223886727,-9.698388509501258e-20
1,18,4,GAUSSIAN_STARLET,0.00015502365880798718,0.0
1,18,4,MCALENS,0.0012868255170499223,1.2931184679335012e-19
1,18,4,FUSION,0.00015542700102432096,5.172473871734005e-19
1,18,5,TRUTH,-0.0006599424091019328,-4.2138636893602775e-19
1,18,5,GAUSSIAN_STARLET,-8.792614790698091e-06,-4.161840680849657e-20
1,18,5,MCALENS,0.0009286968499491494,2.91328847659476e-19
1,18,5,FUSION,7.67930847558588e-06,-1.248552204254897e-19
1,18,6,TRUTH,-0.0027198908675430166,-5.160730808723925e-19
1,18,6,GAUSSIAN_STARLET,-0.00029881367238766414,2.1641774359164844e-19
1,18,6,MCALENS,-4.716912089837842e-05,-1.9144646548491977e-19
1,18,6,FUSION,-0.00029567023367756476,-1.9144646548491977e-19
1,18,7,TRUTH,-0.00012421104382552044,0.0
1,18,7,GAUSSIAN_STARLET,-0.0002555382097390865,3.970399730443117e-19
1,18,7,MCALENS,0.00025724098928950497,3.3086664420359305e-19
1,18,7,FUSION,-0.0002335455105895753,-2.6469331536287446e-19
1,19,0,TRUTH,-0.0021515972337590437,3.5719246082598646e-19
1,19,0,GAUSSIAN_STARLET,-0.0002938903092337578,1.377127559811032e-19
1,19,0,MCALENS,7.484421461797792e-05,1.0328456698582742e-19
1,19,0,FUSION,-0.00028180041777985934,-1.377127559811032e-19
1,19,1,TRUTH,-0.0035965125515979948,-2.820637391298828e-19
1,19,1,GAUSSIAN_STARLET,-0.0008590947212092495,3.626533788812779e-19
1,19,1,MCALENS,-0.0004306418736869827,-1.0073704968924385e-19
1,19,1,FUSION,-0.0008504010446995942,-2.4176891925418525e-19
1,19,2,TRUTH,0.000103279497214252,-8.191466937789367e-19
1,19,2,GAUSSIAN_STARLET,9.443900534628256e-05,3.3510546563683774e-19
1,19,2,MCALENS,0.0006934883822430533,-9.308485156578826e-21
1,19,2,FUSION,0.00012388737867782918,1.8616970313157652e-19
1,19,3,TRUTH,0.0009884088606352843,4.3168397560376497e-19
1,19,3,GAUSSIAN_STARLET,1.8399549297039885e-05,-7.270466957537094e-19
1,19,3,MCALENS,0.001436133803935808,2.272020924230342e-19
1,19,3,FUSION,5.028840780218447e-05,1.8176167393842735e-19
1,19,4,TRUTH,0.0010234836846657297,-6.142312722684131e-19
1,19,4,GAUSSIAN_STARLET,-1.1274674484794674e-05,-7.314201334248866e-19
1,19,4,MCALENS,0.0019669966984683196,-3.0711563613420653e-19
1,19,4,FUSION,6.436963641637053e-06,-2.1013175103919393e-19
1,19,5,TRUTH,0.0025902429553607896,3.3294725446797256e-19
1,19,5,GAUSSIAN_STARLET,-0.0005139460349942185,-4.1618406808496566e-19
1,19,5,MCALENS,0.0011490663868571095,8.323681361699313e-19
1,19,5,FUSION,-0.00047594547310718865,1.6647362723398628e-19
1,19,6,TRUTH,-0.005164196268159744,-1.7479894674710066e-19
1,19,6,GAUSSIAN_STARLET,0.0001458874596145574,-2.330652623294676e-19
1,19,6,MCALENS,0.00033273771453502717,-4.661305246589352e-19
1,19,6,FUSION,0.00013935312515844314,0.0
1,19,7,TRUTH,0.0008234723307766302,-2.6469331536287446e-19
1,19,7,GAUSSIAN_STARLET,0.00011851584378251409,-5.293866307257489e-19
1,19,7,MCALENS,0.001040588053690067,2.6469331536287446e-19
1,19,7,FUSION,0.000127004319189173,-2.6469331536287446e-19
1,20,0,TRUTH,0.003205467697372454,-5.508510239244128e-19
1,20,0,GAUSSIAN_STARLET,0.0010201732528709409,1.377127559811032e-19
1,20,0,MCALENS,0.0021758334601190846,1.1017020478488257e-18
1,20,0,FUSION,0.0010746682764522458,2.754255119622064e-19
1,20,1,TRUTH,0.0002566349072634184,-7.656015776382533e-19
1,20,1,GAUSSIAN_STARLET,0.000642298612166483,-5.641274782597656e-19
1,20,1,MCALENS,0.0012350876214682464,-3.626533788812779e-19
1,20,1,FUSION,0.0006483157128443231,6.044222981354632e-19
1,20,2,TRUTH,-0.0008776920023873615,7.446788125263061e-20
1,20,2,GAUSSIAN_STARLET,0.0005585244028281867,1.1170182187894591e-19
1,20,2,MCALENS,0.0009409056364962307,2.2340364375789183e-19
1,20,2,FUSION,0.0005669512985449653,1.4893576250526122e-19
1,20,3,TRUTH,0.00017088473263994939,-2.1016193549130663e-19
1,20,3,GAUSSIAN_STARLET,0.0002960678496068815,-4.544041848460684e-19
1,20,3,MCALENS,0.0012943168908905998,-3.635233478768547e-19
1,20,3,FUSION,0.0003001281870061676,-3.1808292939224787e-19
1,20,4,TRUTH,0.003262471287516238,6.950511765142569e-19
1,20,4,GAUSSIAN_STARLET,6.365908397555978e-05,4.849194254750629e-19
1,20,4,MCALENS,0.002088635885713708,3.879355403800503e-19
1,20,4,FUSION,7.750821880059964e-05,1.4547582764251887e-19
1,20,5,TRUTH,0.0020689755604163334,0.0
1,20,5,GAUSSIAN_STARLET,0.00023064657702350766,0.0
1,20,5,MCALENS,0.0015645200483790575,-3.3294725446797256e-19
1,20,5,FUSION,0.00023147491471675326,-3.3294725446797256e-19
1,20,6,TRUTH,-0.0008167180544541039,-4.661305246589352e-19
1,20,6,GAUSSIAN_STARLET,0.0009519978518938649,1.6647518737819111e-19
1,20,6,MCALENS,0.0015899917935200247,-6.6590074951276445e-19
1,20,6,FUSION,0.0009716577289419851,6.659007495127644e-20
1,20,7,TRUTH,0.0017957887969630216,3.970399730443117e-19
1,20,7,GAUSSIAN_STARLET,0.0010847035612668813,2.6469331536287446e-19
1,20,7,MCALENS,0.0018346942748142122,1.3234665768143723e-19
1,20,7,FUSION,0.0011022261530449595,-2.6469331536287446e-19
1,21,0,TRUTH,-0.0012014409637939136,1.377127559811032e-19
1,21,0,GAUSSIAN_STARLET,0.0002402382827408375,1.7214094497637904e-19
1,21,0,MCALENS,0.0009071375613917101,-2.668184647133875e-19
1,21,0,FUSION,0.00025999180230726435,2.754255119622064e-19
1,21,1,TRUTH,-0.0007539742785371504,3.2235855900558036e-19
1,21,1,GAUSSIAN_STARLET,-7.71817022960314e-05,0.0
1,21,1,MCALENS,0.0006187927153932462,1.6117927950279018e-19
1,21,1,FUSION,-5.144919539864357e-05,1.6117927950279018e-19
1,21,2,TRUTH,-0.00017941166491623224,-2.9787152501052244e-19
1,21,2,GAUSSIAN_STARLET,-0.0005380729060423383,4.468072875157837e-19
1,21,2,MCALENS,0.0004715785579767239,4.840412281420989e-19
1,21,2,FUSION,-0.000482479686189021,1.1170182187894591e-19
1,21,3,TRUTH,-0.00016444950463351482,-4.515641586907804e-19
1,21,3,GAUSSIAN_STARLET,-6.32427430120816e-05,0.0
1,21,3,MCALENS,0.0009278874391003317,4.657642894672201e-19
1,21,3,FUSION,-5.059676909813278e-05,-3.9760366174030984e-19
1,21,4,TRUTH,-0.0020689438235823084,6.465592339667506e-20
1,21,4,GAUSSIAN_STARLET,2.8307696337328776e-05,5.172473871734005e-19
1,21,4,MCALENS,0.0014931933739143935,5.253293775979848e-20
1,21,4,FUSION,4.123242737772089e-05,4.040995212292191e-19
1,21,5,TRUTH,-0.0009451318181536927,4.161840680849657e-20
1,21,5,GAUSSIAN_STARLET,0.0004661403246293017,2.7051964425522767e-19
1,21,5,MCALENS,0.0015606919729873729,-1.6647362723398628e-19
1,21,5,FUSION,0.0004677434499030306,-1.0404601702124141e-19
1,21,6,TRUTH,0.003896849854165136,6.6590074951276445e-19
1,21,6,GAUSSIAN_STARLET,4.114812492658867e-05,3.3295037475638222e-19
1,21,6,MCALENS,0.0014011058823829112,5.327205996102115e-19
1,21,6,FUSION,6.270030227548574e-05,-1.3318014990255288e-19
1,21,7,TRUTH,0.003453570113169989,-8.933399393497012e-19
1,21,7,GAUSSIAN_STARLET,-0.0001638239682188058,-6.948199528275455e-19
1,21,7,MCALENS,0.0008876108861472185,-4.632133018850303e-19
1,21,7,FUSION,-0.00014274764630100588,1.3234665768143723e-19
1,22,0,TRUTH,0.0009950866245633826,1.1017020478488257e-18
1,22,0,GAUSSIAN_STARLET,0.00048371937778617346,2.754255119622064e-19
1,22,0,MCALENS,0.0013982597801440373,1.377127559811032e-19
1,22,0,FUSION,0.00048153888545142583,5.508510239244128e-19
1,22,1,TRUTH,-0.0004750046763789166,-3.626533788812779e-19
1,22,1,GAUSSIAN_STARLET,-9.841758229402434e-05,-9.066334472031947e-20
1,22,1,MCALENS,0.0003722754415821241,5.036852484462193e-19
1,22,1,FUSION,-9.54816220210249e-05,3.425059689434291e-19
1,22,2,TRUTH,0.001016916998416008,-3.7233940626315305e-19
1,22,2,GAUSSIAN_STARLET,0.00021005039421719278,1.4893576250526122e-19
1,22,2,MCALENS,0.0012041921858783255,-3.909563765763107e-19
1,22,2,FUSION,0.00021900713840101494,2.6063758438420713e-19
1,22,3,TRUTH,-0.0005950852595807146,-5.452850218152821e-19
1,22,3,GAUSSIAN_STARLET,7.101160985834391e-05,2.272020924230342e-19
1,22,3,MCALENS,0.001258158489514554,-3.1808292939224787e-19
1,22,3,FUSION,7.617110809827894e-05,-3.635233478768547e-19
1,22,4,TRUTH,0.0014198627101895138,8.647729754305288e-19
1,22,4,GAUSSIAN_STARLET,1.0330458966782656e-05,-4.44509473352141e-19
1,22,4,MCALENS,0.00205213571985179,5.49575348871738e-19
1,22,4,FUSION,2.4298570482191648e-05,-4.040995212292191e-19
1,22,5,TRUTH,-0.0033483825238909194,-3.017334493616001e-19
1,22,5,GAUSSIAN_STARLET,0.0006053714280669949,4.1618406808496566e-19
1,22,5,MCALENS,0.0010123138775090124,6.658945089359451e-19
1,22,5,FUSION,0.0005932087678507846,2.91328847659476e-19
1,22,6,TRUTH,0.0027609849185274357,-6.326057120371263e-19
1,22,6,GAUSSIAN_STARLET,-0.00031871483838343776,-3.329503747563822e-20
1,22,6,MCALENS,0.0008598826041534089,4.161879684454778e-19
1,22,6,FUSION,-0.0002843992089083088,1.3318014990255288e-19
1,22,7,TRUTH,-0.0008502424189593571,-2.6469331536287446e-19
1,22,7,GAUSSIAN_STARLET,0.0005088696381498569,6.617332884071862e-20
1,22,7,MCALENS,0.0010347168717242624,2.6469331536287446e-19
1,22,7,FUSION,0.00051075257357539,-1.9851998652215585e-19
1,23,0,TRUTH,-0.0014731341974246741,5.852792129196887e-19
1,23,0,GAUSSIAN_STARLET,0.00012348602331656384,4.131382679433097e-19
1,23,0,MCALENS,0.0006687897990800524,0.0
1,23,0,FUSION,0.00013179858325045618,-1.8935503947401693e-19
1,23,1,TRUTH,0.0009415416100552809,3.2235855900558036e-19
1,23,1,GAUSSIAN_STARLET,0.0005484491311231329,2.61916329192034e-19
1,23,1,MCALENS,0.0011332721756619523,3.2235855900558036e-19
1,23,1,FUSION,0.0005677951671903646,-4.0294819875697544e-20
1,23,2,TRUTH,0.0010242665504643631,-8.936145750315673e-19
1,23,2,GAUSSIAN_STARLET,0.0002126777064146403,-7.446788125263061e-20
1,23,2,MCALENS,0.0006705846694873176,2.4202061407104946e-19
1,23,2,FUSION,0.00021106649002995188,2.2340364375789183e-19
1,23,3,TRUTH,0.001305980977804234,0.0
1,23,3,GAUSSIAN_STARLET,0.00012563416940241433,-4.0896376636146155e-19
1,23,3,MCALENS,0.0009793760038187245,-1.8176167393842735e-19
1,23,3,FUSION,0.0001416707015351447,-4.0896376636146155e-19
1,23,4,TRUTH,0.0005394532976083172,1.9396777019002516e-19
1,23,4,GAUSSIAN_STARLET,0.00012180748466036807,-2.9095165528503773e-19
1,23,4,MCALENS,0.0011307842659456272,-3.2327961698337528e-19
1,23,4,FUSION,0.00012169376791863015,-3.879355403800503e-19
1,23,5,TRUTH,-0.0016697565224818541,3.3294725446797256e-19
1,23,5,GAUSSIAN_STARLET,0.0006034322531756592,0.0
1,23,5,MCALENS,0.0010079052948178836,5.82657695318952e-19
1,23,5,FUSION,0.0005985068546750308,8.323681361699314e-20
1,23,6,TRUTH,0.0003208360637676807,1.3318014990255288e-19
1,23,6,GAUSSIAN_STARLET,-0.00021923708056364213,3.329503747563822e-20
1,23,6,MCALENS,0.000412777723623333,1.9977022485382934e-19
1,23,6,FUSION,-0.00018350806428951098,-2.6636029980510576e-19
1,23,7,TRUTH,0.0005147474264356067,7.444499494580844e-19
1,23,7,GAUSSIAN_STARLET,0.00036811657273044487,-1.3234665768143723e-19
1,23,7,MCALENS,0.0010205615267985006,3.3086664420359305e-19
1,23,7,FUSION,0.0003893394579935504,3.970399730443117e-19
1,24,0,TRUTH,-0.0002488061544257307,-2.754255119622064e-19
1,24,0,GAUSSIAN_STARLET,-0.00012905882722330964,-6.88563779905516e-20
1,24,0,MCALENS,0.000453904860442123,-6.88563779905516e-20
1,24,0,FUSION,-0.00011898698014440965,2.0656913397165484e-19
1,24,1,TRUTH,0.0020756859029121425,6.447171180111607e-19
1,24,1,GAUSSIAN_STARLET,-8.689608100304203e-05,-3.2235855900558036e-19
1,24,1,MCALENS,0.0007944226411079357,4.029481987569754e-19
1,24,1,FUSION,-3.680744788325151e-05,-1.6117927950279018e-19
1,24,2,TRUTH,-0.00028769531363542175,2.9787152501052244e-19
1,24,2,GAUSSIAN_STARLET,-4.303340378560955e-05,-1.8616970313157652e-20
1,24,2,MCALENS,0.00040893558757395566,3.3510546563683774e-19
1,24,2,FUSION,-2.115639866149216e-05,1.8616970313157652e-19
1,24,3,TRUTH,-0.00454292376161195,7.668070619277404e-19
1,24,3,GAUSSIAN_STARLET,-0.0011992196420343153,5.452850218152821e-19
1,24,3,MCALENS,-0.0008512572698038108,1.3177721360535983e-18
1,24,3,FUSION,-0.0011929960817804476,-5.680052310575855e-19
1,24,4,TRUTH,0.00026599099700815547,-9.698388509501258e-20
1,24,4,GAUSSIAN_STARLET,-4.0428410199647503e-05,-3.2327961698337528e-19
1,24,4,MCALENS,0.001322829204042184,4.040995212292191e-19
1,24,4,FUSION,-3.889634485496726e-05,6.465592339667506e-20
1,24,5,TRUTH,-3.4478875278147396e-05,-4.1618406808496566e-19
1,24,5,GAUSSIAN_STARLET,1.3853724722726571e-05,-8.323681361699314e-20
1,24,5,MCALENS,0.0012379015725344866,4.994208817019588e-19
1,24,5,FUSION,2.894557359066257e-05,-2.0809203404248283e-19
1,24,6,TRUTH,0.00024030092041752368,-1.3318014990255288e-19
1,24,6,GAUSSIAN_STARLET,-0.00010741564049753268,-1.9977022485382934e-19
1,24,6,MCALENS,0.0008566360316957767,-5.327205996102115e-19
1,24,6,FUSION,-7.144042174937355e-05,0.0
1,24,7,TRUTH,0.0002507526194919614,-4.3012663746467097e-19
1,24,7,GAUSSIAN_STARLET,-0.00027661158257118884,0.0
1,24,7,MCALENS,0.0005443089695121637,-2.6469331536287446e-19
1,24,7,FUSION,-0.00027280863109218506,0.0
1,25,0,TRUTH,-0.0005235133018407889,-6.88563779905516e-20
1,25,0,GAUSSIAN_STARLET,-0.00023840401017393925,2.754255119622064e-19
1,25,0,MCALENS,0.00038800472368437594,6.88563779905516e-20
1,25,0,FUSION,-0.00021810884058679066,-3.442818899527581e-19
1,25,1,TRUTH,0.00421221150686494,9.67075677016741e-19
1,25,1,GAUSSIAN_STARLET,0.0004054426575038914,7.253067577625558e-19
1,25,1,MCALENS,0.0016013002811645178,-3.2235855900558036e-19
1,25,1,FUSION,0.0004585891672008654,-1.6117927950279018e-19
1,25,2,TRUTH,-0.0020458602271596154,2.9787152501052244e-19
1,25,2,GAUSSIAN_STARLET,-0.0005298954827750436,3.7233940626315305e-19
1,25,2,MCALENS,4.907652108276728e-05,-2.9787152501052244e-19
1,25,2,FUSION,-0.0005152196282900394,4.468072875157837e-19
1,25,3,TRUTH,-0.0011365313796124683,2.7264251090764103e-19
1,25,3,GAUSSIAN_STARLET,-0.0002539058044347468,-3.1808292939224787e-19
1,25,3,MCALENS,0.00044560576989675406,2.272020924230342e-19
1,25,3,FUSION,-0.00023058472194309728,-1.8176167393842735e-19
1,25,4,TRUTH,-0.002645620139412131,-2.262957318883627e-19
1,25,4,GAUSSIAN_STARLET,-7.70108791326116e-05,-1.9396777019002516e-19
1,25,4,MCALENS,0.0011416169051769495,9.698388509501258e-20
1,25,4,FUSION,-6.51270963333858e-05,-5.819033105700755e-19
1,25,5,TRUTH,-0.0022373290513517104,4.1618406808496566e-19
1,25,5,GAUSSIAN_STARLET,0.0003953598325291027,1.45664423829738e-19
1,25,5,MCALENS,0.0015887743757826507,2.497104408509794e-19
1,25,5,FUSION,0.00040372668724170764,-2.497104408509794e-19
1,25,6,TRUTH,-0.0009451877822366893,3.995404497076587e-19
1,25,6,GAUSSIAN_STARLET,-0.0003493173253980598,-6.659007495127644e-20
1,25,6,MCALENS,0.0003946459715951175,2.5803654043619624e-19
1,25,6,FUSION,-0.00033869414629972137,1.9977022485382934e-19
1,25,7,TRUTH,0.0007574331687577097,1.3234665768143723e-19
1,25,7,GAUSSIAN_STARLET,-0.000272564529059686,3.6395330862395237e-19
1,25,7,MCALENS,0.00042403630640978896,-1.3234665768143723e-19
1,25,7,FUSION,-0.0002609133179111859,-1.6543332210179653e-19
1,26,0,TRUTH,-0.0007857957295885714,-6.88563779905516e-20
1,26,0,GAUSSIAN_STARLET,-0.0007335740455723393,-4.819946459338613e-19
1,26,0,MCALENS,9.770847848932716e-05,1.377127559811032e-19
1,26,0,FUSION,-0.0006919154190283015,-2.754255119622064e-19
1,26,1,TRUTH,0.0005896802109065089,-7.253067577625558e-19
1,26,1,GAUSSIAN_STARLET,-0.0001959717869911757,0.0
1,26,1,MCALENS,0.0005819228953168915,2.014740993784877e-19
1,26,1,FUSION,-0.00017694604607474654,-4.0294819875697544e-20
1,26,2,TRUTH,-0.0016162432908232239,-7.446788125263061e-19
1,26,2,GAUSSIAN_STARLET,-0.0004366045723515199,4.0957334688946835e-19
1,26,2,MCALENS,0.0007041842211470127,-4.654242578289413e-19
1,26,2,FUSION,-0.00036629202698003853,1.3031879219210357e-19
1,26,3,TRUTH,-0.002390578082697572,9.996892066613504e-19
1,26,3,GAUSSIAN_STARLET,-0.000538336895669176,2.7264251090764103e-19
1,26,3,MCALENS,0.0002142252921861655,3.635233478768547e-19
1,26,3,FUSION,-0.0005334999644593554,-3.635233478768547e-19
1,26,4,TRUTH,0.000518489180758781,4.040995212292191e-19
1,26,4,GAUSSIAN_STARLET,8.043163491488332e-06,-2.1013175103919393e-19
1,26,4,MCALENS,0.001668776661085039,6.465592339667506e-20
1,26,4,FUSION,1.494471685009435e-05,-6.627232148159193e-19
1,26,5,TRUTH,-0.002171121892740943,-8.323681361699314e-20
1,26,5,GAUSSIAN_STARLET,-0.00014187395627041964,-2.497104408509794e-19
1,26,5,MCALENS,0.0012234865023836648,-2.497104408509794e-19
1,26,5,FUSION,-0.00011374501281451337,-5.82657695318952e-19
1,26,6,TRUTH,0.0011990937689359193,-7.990808994153174e-19
1,26,6,GAUSSIAN_STARLET,-0.0003181386134831253,-2.6636029980510576e-19
1,26,6,MCALENS,0.0007714607857566192,-1.9977022485382934e-19
1,26,6,FUSION,-0.0002924525959793769,-4.661305246589352e-19
1,26,7,TRUTH,-0.004331038563426641,2.6469331536287446e-19
1,26,7,GAUSSIAN_STARLET,-0.0004908554355243795,-2.812366475730541e-19
1,26,7,MCALENS,2.2186093262175164e-05,-1.3234665768143723e-19
1,26,7,FUSION,-0.0004839422764256317,2.977799797832338e-19
1,27,0,TRUTH,-0.0028295828599469203,-2.754255119622064e-19
1,27,0,GAUSSIAN_STARLET,-0.0004997328356534565,-1.377127559811032e-19
1,27,0,MCALENS,2.184570919405278e-05,0.0
1,27,0,FUSION,-0.0004906341841515567,3.442818899527581e-19
1,27,1,TRUTH,-0.00330618262647901,3.2235855900558036e-19
1,27,1,GAUSSIAN_STARLET,-0.001120581686057238,-2.4176891925418525e-19
1,27,1,MCALENS,-0.0007228623753376325,3.2235855900558036e-19
1,27,1,FUSION,-0.0011163467418960173,1.6117927950279018e-19
1,27,2,TRUTH,-0.002146378200752013,5.957430500210449e-19
1,27,2,GAUSSIAN_STARLET,-0.000988022320223835,4.468072875157837e-19
1,27,2,MCALENS,-0.00051953420473642,1.4893576250526122e-19
1,27,2,FUSION,-0.00098155011333922,0.0
1,27,3,TRUTH,-0.001475021814868185,4.998446033306752e-19
1,27,3,GAUSSIAN_STARLET,-0.0004376005510940136,3.635233478768547e-19
1,27,3,MCALENS,0.000306571089606669,1.8176167393842735e-19
1,27,3,FUSION,-0.00043541599167817716,4.0896376636146155e-19
1,27,4,TRUTH,0.00035580215586353844,6.465592339667506e-20
1,27,4,GAUSSIAN_STARLET,-2.197855644301246e-05,-3.879355403800503e-19
1,27,4,MCALENS,0.0013275743741112352,1.9396777019002516e-19
1,27,4,FUSION,-1.2304235672921678e-05,1.2931184679335012e-19
1,27,5,TRUTH,0.0008246214821816697,5.82657695318952e-19
1,27,5,GAUSSIAN_STARLET,-0.0005820927624058028,4.1618406808496566e-19
1,27,5,MCALENS,0.000885554099036577,-2.0809203404248283e-19
1,27,5,FUSION,-0.0005404593915386788,8.323681361699314e-20
1,27,6,TRUTH,-0.002866326377280632,3.3295037475638222e-19
1,27,6,GAUSSIAN_STARLET,-0.0008355981125276865,2.6636029980510576e-19
1,27,6,MCALENS,-0.0004388519530449473,-3.995404497076587e-19
1,27,6,FUSION,-0.0008316707276443284,-3.995404497076587e-19
1,27,7,TRUTH,-0.001611168081510655,5.459299629359286e-19
1,27,7,GAUSSIAN_STARLET,-0.0009170507359666033,-2.6469331536287446e-19
1,27,7,MCALENS,-0.0003860239419237599,4.3012663746467097e-19
1,27,7,FUSION,-0.0009127792516401747,5.293866307257489e-19
1,28,0,TRUTH,-0.0017616856198910088,5.508510239244128e-19
1,28,0,GAUSSIAN_STARLET,-0.00016981014113803922,-2.754255119622064e-19
1,28,0,MCALENS,0.00013509015780073595,4.819946459338613e-19
1,28,0,FUSION,-0.00017589187093526454,4.131382679433097e-19
1,28,1,TRUTH,0.0003310542618900621,-3.626533788812779e-19
1,28,1,GAUSSIAN_STARLET,7.705131829917069e-05,-8.058963975139509e-20
1,28,1,MCALENS,0.000631443237523296,1.2088445962709263e-19
1,28,1,FUSION,9.58405141729002e-05,6.447171180111607e-19
1,28,2,TRUTH,-0.003517828853629886,5.585091093947295e-19
1,28,2,GAUSSIAN_STARLET,4.474292792432671e-05,-1.8616970313157652e-20
1,28,2,MCALENS,0.00034828583251373746,3.118342527453907e-19
1,28,2,FUSION,3.4240621020342285e-05,-1.1170182187894591e-19
1,28,3,TRUTH,0.0007068104733223439,2.7264251090764103e-19
1,28,3,GAUSSIAN_STARLET,-2.9808309341817922e-05,9.088083696921368e-20
1,28,3,MCALENS,0.0007925528161478627,4.998446033306752e-19
1,28,3,FUSION,-8.817599611161379e-06,-7.724871142383163e-19
1,28,4,TRUTH,0.004038556810375418,1.2931184679335012e-19
1,28,4,GAUSSIAN_STARLET,6.532035019540511e-05,-4.525914637767254e-19
1,28,4,MCALENS,0.0018240454137597505,-3.2327961698337528e-19
1,28,4,FUSION,7.520505880351507e-05,1.6163980849168764e-19
1,28,5,TRUTH,0.000972310589356474,5.82657695318952e-19
1,28,5,GAUSSIAN_STARLET,7.237955487541723e-05,-6.658945089359451e-19
1,28,5,MCALENS,0.0014933891299078999,-8.323681361699313e-19
1,28,5,FUSION,0.0001070483441427862,0.0
1,28,6,TRUTH,-0.002053659624344835,2.6636029980510576e-19
1,28,6,GAUSSIAN_STARLET,-0.0002978080789653324,-1.6647518737819111e-19
1,28,6,MCALENS,-3.306058581778016e-05,6.659007495127644e-20
1,28,6,FUSION,-0.00029717148205942183,-3.329503747563822e-20
1,28,7,TRUTH,-0.002227635776884704,-1.6543332210179653e-19
1,28,7,GAUSSIAN_STARLET,0.00017459504443221688,-4.962999663053896e-20
1,28,7,MCALENS,0.0007949437339584489,1.571616559967067e-19
1,28,7,FUSION,0.00018485758674456076,1.9851998652215585e-19
1,29,0,TRUTH,-0.0004921276464565048,6.541355909102403e-19
1,29,0,GAUSSIAN_STARLET,-0.00022217916098509884,1.377127559811032e-19
1,29,0,MCALENS,0.000382362117971674,3.44281889952758e-20
1,29,0,FUSION,-0.00020971713429775323,-4.475664569385855e-19
1,29,1,TRUTH,0.0022272761823607275,1.1282549565195311e-18
1,29,1,GAUSSIAN_STARLET,0.00020639601096654833,3.2235855900558036e-19
1,29,1,MCALENS,0.0011043373435567886,-2.820637391298828e-19
1,29,1,FUSION,0.00023100968083150918,6.044222981354631e-20
1,29,2,TRUTH,0.00041308470580727176,4.840412281420989e-19
1,29,2,GAUSSIAN_STARLET,-0.000473447197455855,-5.585091093947296e-20
1,29,2,MCALENS,0.00020941390295897756,5.957430500210449e-19
1,29,2,FUSION,-0.00045702318779661797,1.4893576250526122e-19
1,29,3,TRUTH,-0.0005290532574418939,9.088083696921368e-20
1,29,3,GAUSSIAN_STARLET,-0.00023208856754346533,-2.1584198780188248e-19
1,29,3,MCALENS,0.0006398049423846697,-2.0164185702544285e-19
1,29,3,FUSION,-0.00022873613006999294,-2.2152204011245834e-19
1,29,4,TRUTH,-0.0027474986267652175,-4.849194254750629e-19
1,29,4,GAUSSIAN_STARLET,-2.6713129240523736e-05,1.6163980849168764e-19
1,29,4,MCALENS,0.0007796014396712693,6.465592339667506e-20
1,29,4,FUSION,-1.4055346195757373e-05,2.4245971273753144e-19
1,29,5,TRUTH,-0.002452035064432716,-6.242761021274485e-19
1,29,5,GAUSSIAN_STARLET,0.00018689461781553428,-2.2890123744673114e-19
1,29,5,MCALENS,0.0004921456105078297,-2.497104408509794e-19
1,29,5,FUSION,0.00017576677048733796,2.2890123744673114e-19
1,29,6,TRUTH,-0.0011374108445288663,2.6636029980510576e-19
1,29,6,GAUSSIAN_STARLET,-0.00045618729340000036,3.995404497076587e-19
1,29,6,MCALENS,0.0005669827175036757,4.994255621345733e-19
1,29,6,FUSION,-0.0004233210152339224,1.3318014990255288e-19
1,29,7,TRUTH,-0.0006627458659925078,-5.293866307257489e-19
1,29,7,GAUSSIAN_STARLET,-0.0005063734092927301,-3.970399730443117e-19
1,29,7,MCALENS,9.997697210413188e-05,1.3234665768143723e-19
1,29,7,FUSION,-0.0004966906073210417,6.617332884071862e-20
2,10,0,TRUTH,0.0010032258677717346,4.475664569385855e-19
2,10,0,GAUSSIAN_STARLET,0.00046018852949616,-1.377127559811032e-19
2,10,0,MCALENS,0.0008353235198441661,-5.164228349291371e-19
2,10,0,FUSION,0.0004633264666331321,-6.88563779905516e-20
2,10,1,TRUTH,0.0015735282254147665,1.6117927950279018e-19
2,10,1,GAUSSIAN_STARLET,0.0007781748476678227,-3.2235855900558036e-19
2,10,1,MCALENS,0.0013838778642577335,2.4176891925418525e-19
2,10,1,FUSION,0.000781252315751333,3.2235855900558036e-19
2,10,2,TRUTH,0.002926502896842467,1.1170182187894591e-19
2,10,2,GAUSSIAN_STARLET,-0.00023238959752352038,1.4893576250526122e-19
2,10,2,MCALENS,0.0003207746719431779,3.7233940626315305e-19
2,10,2,FUSION,-0.0002137152346979732,-3.7233940626315305e-19
2,10,3,TRUTH,-0.0001383077631120634,4.3168397560376497e-19
2,10,3,GAUSSIAN_STARLET,6.227282985194485e-05,-1.8176167393842735e-19
2,10,3,MCALENS,0.0007258206704382692,-2.272020924230342e-19
2,10,3,FUSION,7.223989390864537e-05,4.544041848460684e-19
2,10,4,TRUTH,0.00028716947276180745,1.034494774346801e-18
2,10,4,GAUSSIAN_STARLET,0.0002298620071993749,-3.2327961698337528e-19
2,10,4,MCALENS,0.0010879312574275334,0.0
2,10,4,FUSION,0.000237007639402882,-1.6163980849168764e-19
2,10,5,TRUTH,-0.00039316253738971743,4.473978731913381e-19
2,10,5,GAUSSIAN_STARLET,0.0003561845637802499,-8.323681361699314e-20
2,10,5,MCALENS,0.0007589600098406651,-4.578024748934623e-19
2,10,5,FUSION,0.0003596702750323578,4.1618406808496566e-19
2,10,6,TRUTH,0.002178122233479326,3.995404497076587e-19
2,10,6,GAUSSIAN_STARLET,-1.9329711446176752e-05,3.995404497076587e-19
2,10,6,MCALENS,0.000516923766748633,3.3295037475638222e-19
2,10,6,FUSION,-1.2074044655244094e-05,3.3295037475638222e-19
2,10,7,TRUTH,-0.0014011592023721875,-9.925999326107792e-20
2,10,7,GAUSSIAN_STARLET,0.00033446057293718025,4.632133018850303e-19
2,10,7,MCALENS,0.000818063252004428,9.925999326107792e-20
2,10,7,FUSION,0.0003563665350585883,-1.3234665768143723e-19
2,11,0,TRUTH,0.0009946171715607226,0.0
2,11,0,GAUSSIAN_STARLET,1.4114738012113594e-07,1.377127559811032e-19
2,11,0,MCALENS,0.0004728824684606891,0.0
2,11,0,FUSION,2.0470139900831905e-05,-2.754255119622064e-19
2,11,1,TRUTH,-0.0020024977322228754,-1.6117927950279018e-19
2,11,1,GAUSSIAN_STARLET,-0.00026088671566441656,3.2235855900558036e-19
2,11,1,MCALENS,9.727140746349686e-05,3.2235855900558036e-19
2,11,1,FUSION,-0.0002625923108780894,1.6117927950279018e-19
2,11,2,TRUTH,4.113407639552814e-05,2.9787152501052244e-19
2,11,2,GAUSSIAN_STARLET,-0.00022811235217156184,-4.0957334688946835e-19
2,11,2,MCALENS,2.7019604556752353e-05,7.446788125263061e-20
2,11,2,FUSION,-0.00022316661736094414,-2.4202061407104946e-19
2,11,3,TRUTH,-0.0002807946699394805,-6.816062772691026e-19
2,11,3,GAUSSIAN_STARLET,-0.00020408602738703437,1.5904146469612393e-19
2,11,3,MCALENS,0.00026645088820195236,2.7264251090764103e-19
2,11,3,FUSION,-0.0001887235083478977,0.0
2,11,4,TRUTH,-0.0005518967554091435,-9.698388509501258e-20
2,11,4,GAUSSIAN_STARLET,0.00010917074319832938,2.990336457096221e-19
2,11,4,MCALENS,0.0005976223795706472,1.1314786594418135e-19
2,11,4,FUSION,0.00011047970031859954,2.74787674435869e-19
2,11,5,TRUTH,-0.00020526293475772798,-6.658945089359451e-19
2,11,5,GAUSSIAN_STARLET,-0.00018354846079113394,-4.994208817019588e-19
2,11,5,MCALENS,0.0005316720825380302,0.0
2,11,5,FUSION,-0.00017589070295679604,-2.0809203404248283e-19
2,11,6,TRUTH,-0.001064414187231277,2.6636029980510576e-19
2,11,6,GAUSSIAN_STARLET,-0.00024706056108262937,-6.659007495127644e-20
2,11,6,MCALENS,7.442233553153424e-05,-2.6636029980510576e-19
2,11,6,FUSION,-0.00024113810163830485,-2.330652623294676e-19
2,11,7,TRUTH,0.0002622714280336096,-3.3086664420359305e-19
2,11,7,GAUSSIAN_STARLET,-0.0002506509220199675,-2.6469331536287446e-19
2,11,7,MCALENS,0.00022318894165960723,-2.977799797832338e-19
2,11,7,FUSION,-0.00023648982147046171,-1.9851998652215585e-19
2,12,0,TRUTH,-0.0004541657351552909,-6.885637799055162e-19
2,12,0,GAUSSIAN_STARLET,-4.6062632274344427e-05,-1.377127559811032e-19
2,12,0,MCALENS,0.00013387462564457608,-3.442818899527581e-19
2,12,0,FUSION,-2.721049175504678e-05,-2.754255119622064e-19
2,12,1,TRUTH,0.0008231225728491086,-5.641274782597656e-19
2,12,1,GAUSSIAN_STARLET,-0.0007765880878188304,-1.6117927950279018e-19
2,12,1,MCALENS,-0.0003823646682650739,4.0294819875697544e-20
2,12,1,FUSION,-0.0007628491737285308,-3.626533788812779e-19
2,12,2,TRUTH,-0.0019494388122875232,7.446788125263061e-19
2,12,2,GAUSSIAN_STARLET,-3.8190660378295564e-05,-1.1170182187894591e-19
2,12,2,MCALENS,0.00030362032156319084,2.4202061407104946e-19
2,12,2,FUSION,-2.175208740658884e-05,-3.7233940626315305e-20
2,12,3,TRUTH,-0.0022110084507636863,6.361658587844957e-19
2,12,3,GAUSSIAN_STARLET,-0.0008973928247016727,-5.452850218152821e-19
2,12,3,MCALENS,-0.00042585810901397204,2.7264251090764103e-19
2,12,3,FUSION,-0.0008960050451158848,2.272020924230342e-19
2,12,4,TRUTH,-0.0010308478022971997,3.879355403800503e-19
2,12,4,GAUSSIAN_STARLET,-5.065523480720117e-06,6.465592339667506e-20
2,12,4,MCALENS,0.0008287778847095543,3.232796169833753e-20
2,12,4,FUSION,-7.172330669749524e-07,-6.465592339667506e-20
2,12,5,TRUTH,0.0002517019214829433,8.323681361699314e-20
2,12,5,GAUSSIAN_STARLET,-0.0001003321845149567,2.0809203404248285e-20
2,12,5,MCALENS,0.0007841451244461759,2.7051964425522767e-19
2,12,5,FUSION,-8.859444142321811e-05,-1.0404601702124141e-19
2,12,6,TRUTH,0.0019208901217002028,1.3318014990255288e-19
2,12,6,GAUSSIAN_STARLET,-0.00021547588388608045,3.3295037475638222e-19
2,12,6,MCALENS,0.00013847570141105342,1.3318014990255288e-19
2,12,6,FUSION,-0.00020967444448895814,1.3318014990255288e-19
2,12,7,TRUTH,0.0003488229587951692,5.293866307257489e-19
2,12,7,GAUSSIAN_STARLET,-0.0001445396245047185,-3.308666442035931e-20
2,12,7,MCALENS,0.0003601452115241517,8.271666105089826e-20
2,12,7,FUSION,-0.00013882768430697462,-3.308666442035931e-20
2,13,0,TRUTH,-0.002498224073809721,-1.377127559811032e-19
2,13,0,GAUSSIAN_STARLET,-0.000801888427490787,-3.7871007894803386e-19
2,13,0,MCALENS,-0.00038621540474993244,-3.442818899527581e-19
2,13,0,FUSION,-0.0007822452839794404,-1.7214094497637904e-19
2,13,1,TRUTH,-0.00034759694938704666,1.2088445962709263e-19
2,13,1,GAUSSIAN_STARLET,-0.0008041947371891225,6.850119378868582e-19
2,13,1,MCALENS,-0.0005287741142583972,-1.511055745338658e-19
2,13,1,FUSION,-0.0007943874487580579,3.2235855900558036e-19
2,13,2,TRUTH,-0.0008751802915418159,-2.2340364375789183e-19
2,13,2,GAUSSIAN_STARLET,-0.0006709204816307666,3.7233940626315305e-19
2,13,2,MCALENS,-0.0005820971581119493,7.446788125263061e-20
2,13,2,FUSION,-0.0006605468763758567,4.468072875157837e-19
2,13,3,TRUTH,-0.0015924343046238901,1.8176167393842735e-19
2,13,3,GAUSSIAN_STARLET,-0.00033200691587861945,-5.452850218152821e-19
2,13,3,MCALENS,9.084894131928741e-06,1.8176167393842735e-19
2,13,3,FUSION,-0.00033298378467299717,-3.635233478768547e-19
2,13,4,TRUTH,-0.0014831329473304013,-1.2931184679335012e-19
2,13,4,GAUSSIAN_STARLET,1.185139786372915e-05,3.556075786817128e-19
2,13,4,MCALENS,0.000551457950680197,0.0
2,13,4,FUSION,1.5549292174257932e-05,-1.6163980849168764e-19
2,13,5,TRUTH,-0.0007421041008659839,-1.6647362723398628e-19
2,13,5,GAUSSIAN_STARLET,-0.0003472751617332312,5.82657695318952e-19
2,13,5,MCALENS,0.0005943452423534364,0.0
2,13,5,FUSION,-0.00033337500055357445,4.1618406808496566e-19
2,13,6,TRUTH,-0.0021889521266266867,-6.659007495127644e-20
2,13,6,GAUSSIAN_STARLET,-0.0003426173113554801,-2.6636029980510576e-19
2,13,6,MCALENS,7.238332014927508e-05,-1.3318014990255288e-19
2,13,6,FUSION,-0.00034203540075183523,2.6636029980510576e-19
2,13,7,TRUTH,-0.0009171253983655783,2.6469331536287446e-19
2,13,7,GAUSSIAN_STARLET,-0.0007836859524773385,5.293866307257489e-19
2,13,7,MCALENS,-0.0004365951973011711,4.962999663053896e-20
2,13,7,FUSION,-0.0007696923011543937,4.962999663053896e-19
2,14,0,TRUTH,0.0002658698288763537,0.0
2,14,0,GAUSSIAN_STARLET,5.795869964833726e-06,2.0656913397165484e-19
2,14,0,MCALENS,0.0005231761770935157,2.4099732296693064e-19
2,14,0,FUSION,2.6928394870927623e-05,6.88563779905516e-20
2,14,1,TRUTH,0.0005164953284509796,-8.058963975139508e-19
2,14,1,GAUSSIAN_STARLET,-0.00013729352121482537,-1.6117927950279018e-19
2,14,1,MCALENS,0.0001545766474683005,-1.6117927950279018e-19
2,14,1,FUSION,-0.00013148933058936306,-8.058963975139509e-20
2,14,2,TRUTH,-0.0005280246746213236,-1.1170182187894591e-19
2,14,2,GAUSSIAN_STARLET,4.561837937833957e-05,1.8616970313157652e-19
2,14,2,MCALENS,0.00053483268303508,2.2340364375789183e-19
2,14,2,FUSION,6.318521075344376e-05,1.1170182187894591e-19
2,14,3,TRUTH,0.001856001390352545,-4.3168397560376497e-19
2,14,3,GAUSSIAN_STARLET,0.0006140004428463548,1.8176167393842735e-19
2,14,3,MCALENS,0.0012357450737005532,-2.272020924230342e-19
2,14,3,FUSION,0.0006183939761965174,-3.635233478768547e-19
2,14,4,TRUTH,-0.0005495200174868588,-5.172473871734005e-19
2,14,4,GAUSSIAN_STARLET,-6.598766427884911e-05,2.4245971273753144e-19
2,14,4,MCALENS,0.000514803003810907,-1.1314786594418135e-19
2,14,4,FUSION,-6.403262428817001e-05,-4.2026350207838785e-19
2,14,5,TRUTH,-0.00018346446517101352,1.6647362723398628e-19
2,14,5,GAUSSIAN_STARLET,3.92457533793593e-05,8.323681361699314e-20
2,14,5,MCALENS,0.0005490053305442969,-2.497104408509794e-19
2,14,5,FUSION,3.93164574000521e-05,-4.1618406808496566e-19
2,14,6,TRUTH,-0.002183359814004788,2.830078185429249e-19
2,14,6,GAUSSIAN_STARLET,-0.0004871137583126619,-1.6647518737819111e-19
2,14,6,MCALENS,-0.00019016833453208766,-4.744542840278447e-19
2,14,6,FUSION,-0.0004859353932633582,1.9977022485382934e-19
2,14,7,TRUTH,-0.0014737555147940383,-5.293866307257489e-19
2,14,7,GAUSSIAN_STARLET,-6.51366151003831e-05,0.0
2,14,7,MCALENS,0.00031477875767835505,0.0
2,14,7,FUSION,-5.6062595795956095e-05,3.970399730443117e-19
2,15,0,TRUTH,-0.0008524873661656686,-4.131382679433097e-19
2,15,0,GAUSSIAN_STARLET,-0.0002546730712659908,-4.475664569385855e-19
2,15,0,MCALENS,8.902397134387287e-05,-1.5492685047874113e-19
2,15,0,FUSION,-0.00023244523414013958,-3.44281889952758e-20
2,15,1,TRUTH,0.0003222667005985621,2.4176891925418525e-19
2,15,1,GAUSSIAN_STARLET,-2.767956976541451e-05,1.410318695649414e-19
2,15,1,MCALENS,1.382734512236666e-05,-4.0294819875697544e-20
2,15,1,FUSION,-2.6810972313051537e-05,8.058963975139509e-20
2,15,2,TRUTH,3.740887854998216e-05,-6.702109312736755e-19
2,15,2,GAUSSIAN_STARLET,0.00013627158602655772,2.2340364375789183e-19
2,15,2,MCALENS,0.0004919465223627886,3.3510546563683774e-19
2,15,2,FUSION,0.00015439889752318209,4.0957334688946835e-19
2,15,3,TRUTH,-0.00043695395707376634,-1.647215170066998e-19
2,15,3,GAUSSIAN_STARLET,0.00015820324590284257,2.272020924230342e-19
2,15,3,MCALENS,0.0005507890321385728,3.52163243255703e-19
2,15,3,FUSION,0.00016336357985357005,9.656088927978953e-20
2,15,4,TRUTH,-0.0006210569767154633,4.687554446258941e-19
2,15,4,GAUSSIAN_STARLET,2.7415502546487776e-05,1.4547582764251887e-19
2,15,4,MCALENS,0.000629709309109815,5.657393297209067e-19
2,15,4,FUSION,3.3741060291073045e-05,-3.2327961698337528e-19
2,15,5,TRUTH,0.0004322921110905466,-4.890162799998346e-19
2,15,5,GAUSSIAN_STARLET,5.0851734033474335e-05,-5.202300851062071e-20
2,15,5,MCALENS,0.0007075464953181831,0.0
2,15,5,FUSION,6.678916015200514e-05,6.242761021274485e-20
2,15,6,TRUTH,-0.0004471590680185153,3.3295037475638222e-19
2,15,6,GAUSSIAN_STARLET,-0.00022844581077670865,4.3283548718329687e-19
2,15,6,MCALENS,6.899004278598164e-05,2.99655337280744e-19
2,15,6,FUSION,-0.0002255617763098216,-2.99655337280744e-19
2,15,7,TRUTH,6.93917967242538e-05,-1.9851998652215585e-19
2,15,7,GAUSSIAN_STARLET,-8.523088193634504e-05,0.0
2,15,7,MCALENS,0.00040054403034535824,3.4740997641377274e-19
2,15,7,FUSION,-6.971590104672246e-05,-2.6469331536287446e-19
2,16,0,TRUTH,-0.002910346030745361,-5.508510239244128e-19
2,16,0,GAUSSIAN_STARLET,-2.4011111991046002e-05,-2.0656913397165484e-19
2,16,0,MCALENS,0.00021190380035492274,4.131382679433097e-19
2,16,0,FUSION,-1.3351018409339001e-05,-4.131382679433097e-19
2,16,1,TRUTH,-0.0005738109569239775,1.6117927950279018e-19
2,16,1,GAUSSIAN_STARLET,-0.0006156931043301976,1.6117927950279018e-19
2,16,1,MCALENS,-0.0003996285657687508,-4.029481987569754e-19
2,16,1,FUSION,-0.000611543211564239,-8.058963975139509e-20
2,16,2,TRUTH,-0.0015751819723738081,-2.6063758438420713e-19
2,16,2,GAUSSIAN_STARLET,1.566612083261781e-05,-3.7233940626315305e-19
2,16,2,MCALENS,0.00039769731585480116,-3.3510546563683774e-19
2,16,2,FUSION,1.574683784540838e-05,1.4893576250526122e-19
2,16,3,TRUTH,-0.0005785958020186749,0.0
2,16,3,GAUSSIAN_STARLET,9.643369529643116e-05,-2.9536272014994445e-19
2,16,3,MCALENS,0.0006003448755515017,-1.8176167393842735e-19
2,16,3,FUSION,0.00010109376907342901,3.635233478768547e-19
2,16,4,TRUTH,-1.2171657236241839e-05,5.819033105700755e-19
2,16,4,GAUSSIAN_STARLET,-4.206407328230931e-05,-6.465592339667506e-20
2,16,4,MCALENS,0.0006048628579714131,-6.142312722684131e-19
2,16,4,FUSION,-3.9409596974791915e-05,3.879355403800503e-19
2,16,5,TRUTH,0.0008302317061803428,-8.323681361699314e-20
2,16,5,GAUSSIAN_STARLET,-0.00033270156522163417,3.745656612764691e-19
2,16,5,MCALENS,0.0003768077564151609,1.6647362723398628e-19
2,16,5,FUSION,-0.000319671342278756,-2.91328847659476e-19
2,16,6,TRUTH,0.0013770180979059596,-2.6636029980510576e-19
2,16,6,GAUSSIAN_STARLET,-0.0006805955663259321,9.988511242691467e-20
2,16,6,MCALENS,-0.00019810061939289309,-2.330652623294676e-19
2,16,6,FUSION,-0.0006648135399933754,3.495978934942013e-19
2,16,7,TRUTH,6.315727167096832e-05,-6.617332884071861e-19
2,16,7,GAUSSIAN_STARLET,0.00022166751084637891,-2.6469331536287446e-19
2,16,7,MCALENS,0.0007501851445547645,0.0
2,16,7,FUSION,0.00022407350629269636,3.970399730443117e-19
2,17,0,TRUTH,0.0013310548981748558,4.131382679433097e-19
2,17,0,GAUSSIAN_STARLET,0.0006516501910165396,1.0328456698582742e-19
2,17,0,MCALENS,0.0011207928201357573,0.0
2,17,0,FUSION,0.000675654756122754,2.754255119622064e-19
2,17,1,TRUTH,-0.0005618713802223078,-3.2235855900558036e-19
2,17,1,GAUSSIAN_STARLET,0.00046163472619347443,-2.4176891925418525e-19
2,17,1,MCALENS,0.0006711714616818715,3.0221114906773157e-20
2,17,1,FUSION,0.0004674114822065692,2.820637391298828e-19
2,17,2,TRUTH,0.0007386763397502092,5.957430500210449e-19
2,17,2,GAUSSIAN_STARLET,0.000317699641469008,4.468072875157837e-19
2,17,2,MCALENS,0.0006700444291803819,4.468072875157837e-19
2,17,2,FUSION,0.0003231185874626437,-4.468072875157837e-19
2,17,3,TRUTH,0.0018298547758022203,5.225648125729786e-19
2,17,3,GAUSSIAN_STARLET,0.00023257191140925947,-2.1584198780188248e-19
2,17,3,MCALENS,0.0013010402295531322,3.748834524980064e-19
2,17,3,FUSION,0.00026143010166416417,2.272020924230342e-20
2,17,4,TRUTH,-0.0001736208910399531,-6.142312722684131e-19
2,17,4,GAUSSIAN_STARLET,-2.7521847823008392e-05,3.879355403800503e-19
2,17,4,MCALENS,0.0008765161568366387,4.2026350207838785e-19
2,17,4,FUSION,-2.49664702458287e-05,1.9396777019002516e-19
2,17,5,TRUTH,-0.0010287765654241306,1.8208052978717248e-19
2,17,5,GAUSSIAN_STARLET,0.0001790696592214345,4.161840680849657e-20
2,17,5,MCALENS,0.0005674805275013749,1.6647362723398628e-19
2,17,5,FUSION,0.00018102525515612623,-2.497104408509794e-19
2,17,6,TRUTH,0.0011277837961719997,3.6624541223202046e-19
2,17,6,GAUSSIAN_STARLET,0.0007983634134772654,-1.3318014990255288e-19
2,17,6,MCALENS,0.0011144009432506481,1.3318014990255288e-19
2,17,6,FUSION,0.0008049920113382935,0.0
2,17,7,TRUTH,0.00351136504955431,2.6469331536287446e-19
2,17,7,GAUSSIAN_STARLET,0.0006880117436286538,-1.3234665768143723e-19
2,17,7,MCALENS,0.001363447554406783,4.632133018850303e-19
2,17,7,FUSION,0.0007108776657020538,-3.970399730443117e-19
2,18,0,TRUTH,0.00027799005609712395,-1.377127559811032e-19
2,18,0,GAUSSIAN_STARLET,-0.0002972568201944827,4.131382679433097e-19
2,18,0,MCALENS,8.629282537492465e-05,3.2706779545512016e-19
2,18,0,FUSION,-0.0002825967604345513,3.442818899527581e-19
2,18,1,TRUTH,-0.000390926178413947,4.835378385083705e-19
2,18,1,GAUSSIAN_STARLET,-0.0006627741810160137,-4.835378385083705e-19
2,18,1,MCALENS,-0.0003631819046716439,2.820637391298828e-19
2,18,1,FUSION,-0.0006587060413657106,6.447171180111607e-19
2,18,2,TRUTH,2.375371280035929e-05,-6.702109312736755e-19
2,18,2,GAUSSIAN_STARLET,0.00014466913667674947,-3.7233940626315305e-19
2,18,2,MCALENS,0.0004668648249387239,-4.0957334688946835e-19
2,18,2,FUSION,0.0001562519384099637,-1.4893576250526122e-19
2,18,3,TRUTH,-0.0008654096231945557,3.408031386345513e-19
2,18,3,GAUSSIAN_STARLET,-0.00015163008668364104,-3.3512308632397543e-19
2,18,3,MCALENS,0.0002119087325806935,-4.146438186720374e-19
2,18,3,FUSION,-0.0001490591658346629,5.680052310575855e-21
2,18,4,TRUTH,0.0011433328205541014,1.6163980849168764e-19
2,18,4,GAUSSIAN_STARLET,8.954340991368177e-05,-2.9095165528503773e-19
2,18,4,MCALENS,0.0008500391957723152,4.849194254750629e-19
2,18,4,FUSION,9.069296578919373e-05,-3.2327961698337528e-19
2,18,5,TRUTH,0.00014504262296246654,-6.242761021274485e-20
2,18,5,GAUSSIAN_STARLET,2.644186642057549e-06,-2.91328847659476e-19
2,18,5,MCALENS,0.0004985112178516551,3.953748646807174e-19
2,18,5,FUSION,3.5571352975226835e-06,-3.745656612764691e-19
2,18,6,TRUTH,-0.0020825236182213545,-1.3318014990255288e-19
2,18,6,GAUSSIAN_STARLET,0.00010740057478025824,-3.995404497076587e-19
2,18,6,MCALENS,0.0003694438752916093,6.659007495127644e-20
2,18,6,FUSION,0.00011020229374204796,-2.6636029980510576e-19
2,18,7,TRUTH,0.001111263677093706,3.970399730443117e-19
2,18,7,GAUSSIAN_STARLET,-0.0001858353863744814,2.6469331536287446e-19
2,18,7,MCALENS,0.00046233541399691696,-1.3234665768143723e-19
2,18,7,FUSION,-0.00016500562102747795,1.3234665768143723e-19
2,19,0,TRUTH,-0.0011873621609388594,6.88563779905516e-20
2,19,0,GAUSSIAN_STARLET,0.00038946832034003186,-3.0985370095748225e-19
2,19,0,MCALENS,0.0007069855462237887,1.0328456698582742e-19
2,19,0,FUSION,0.0004063247271131397,-3.442818899527581e-19
2,19,1,TRUTH,-0.0021913275724313574,4.029481987569754e-19
2,19,1,GAUSSIAN_STARLET,-0.000575566006063903,-8.058963975139509e-20
2,19,1,MCALENS,-0.0004399261337438012,-2.4176891925418525e-19
2,19,1,FUSION,-0.000578109555230995,-4.633904285705217e-19
2,19,2,TRUTH,0.0006613721289418415,-2.2340364375789183e-19
2,19,2,GAUSSIAN_STARLET,0.00028197560571897423,-3.7233940626315305e-20
2,19,2,MCALENS,0.0005921884135136786,2.3271212891447064e-19
2,19,2,FUSION,0.0002926734145197613,1.8616970313157652e-20
2,19,3,TRUTH,0.0003282609962214348,-7.270466957537094e-19
2,19,3,GAUSSIAN_STARLET,-0.00017702503629504914,-2.9536272014994445e-19
2,19,3,MCALENS,6.506230240535792e-05,6.816062772691026e-20
2,19,3,FUSION,-0.00017494747952907872,-5.452850218152821e-19
2,19,4,TRUTH,0.0005603274304056095,-3.39443597832544e-19
2,19,4,GAUSSIAN_STARLET,-9.692359017984173e-06,6.142312722684131e-19
2,19,4,MCALENS,0.0009743172040452839,8.223425257014609e-19
2,19,4,FUSION,4.893086790827445e-07,8.4860899458136e-20
2,19,5,TRUTH,0.0019608941823795706,-4.994208817019588e-19
2,19,5,GAUSSIAN_STARLET,-0.00010929321973823955,-4.994208817019588e-19
2,19,5,MCALENS,0.0009999595300376478,3.3294725446797256e-19
2,19,5,FUSION,-7.58804907871328e-05,7.075129157444416e-19
2,19,6,TRUTH,-0.003134252508820971,4.994255621345733e-19
2,19,6,GAUSSIAN_STARLET,0.0004770250932436585,2.4971278106728667e-19
2,19,6,MCALENS,0.0006601877313064515,-1.49827668640372e-19
2,19,6,FUSION,0.0004734073194195556,2.330652623294676e-19
2,19,7,TRUTH,0.0017654574533774304,-2.6469331536287446e-19
2,19,7,GAUSSIAN_STARLET,0.00025704811949076517,-2.3160665094251514e-19
2,19,7,MCALENS,0.0009462802544992768,2.3160665094251514e-19
2,19,7,FUSION,0.00027515980025780043,-3.3086664420359305e-19
2,20,0,TRUTH,0.0018973444005169326,-6.885637799055162e-19
2,20,0,GAUSSIAN_STARLET,0.0003348263154542785,6.88563779905516e-20
2,20,0,MCALENS,0.0007407201230539554,-5.33636929426775e-19
2,20,0,FUSION,0.00035330789507813707,2.9263960645984434e-19
2,20,1,TRUTH,-0.0002752643792796466,4.0294819875697544e-20
2,20,1,GAUSSIAN_STARLET,0.0004129103326189405,1.511055745338658e-19
2,20,1,MCALENS,0.0007405567587682229,-1.8132668944063894e-19
2,20,1,FUSION,0.0004295568760830616,-6.447171180111607e-19
2,20,2,TRUTH,-0.00032404051888885587,1.4893576250526122e-19
2,20,2,GAUSSIAN_STARLET,0.000397693736439285,-7.446788125263061e-20
2,20,2,MCALENS,0.0005023552311749156,-1.8616970313157652e-20
2,20,2,FUSION,0.00040041393322941504,-5.585091093947296e-20
2,20,3,TRUTH,0.00032488444768015104,-6.020855449210406e-19
2,20,3,GAUSSIAN_STARLET,0.00029847468949242107,-3.635233478768547e-19
2,20,3,MCALENS,0.0010831426557597619,3.1808292939224787e-19
2,20,3,FUSION,0.0003029738890535933,4.771243940883718e-19
2,20,4,TRUTH,0.001199737814929432,-7.435431190617631e-19
2,20,4,GAUSSIAN_STARLET,-2.5195333207756304e-05,9.698388509501258e-20
2,20,4,MCALENS,0.0005143368464317153,3.556075786817128e-19
2,20,4,FUSION,-2.617588681251901e-05,-1.2931184679335012e-19
2,20,5,TRUTH,0.0005299322082625351,-1.6647362723398628e-19
2,20,5,GAUSSIAN_STARLET,-6.354961588844743e-05,0.0
2,20,5,MCALENS,0.0003954887829251914,3.3294725446797256e-19
2,20,5,FUSION,-6.504073838696741e-05,-1.6647362723398628e-19
2,20,6,TRUTH,-3.522851689141772e-05,-3.995404497076587e-19
2,20,6,GAUSSIAN_STARLET,0.0004438376510079072,1.6647518737819111e-19
2,20,6,MCALENS,0.0007837346911641534,-3.1630285601856313e-19
2,20,6,FUSION,0.0004474121450966507,-3.6624541223202046e-19
2,20,7,TRUTH,0.0009401876930685303,5.459299629359286e-19
2,20,7,GAUSSIAN_STARLET,0.0004930985123901971,0.0
2,20,7,MCALENS,0.0007267705759340073,1.4061832378652705e-19
2,20,7,FUSION,0.0004951226207220035,1.1580332547125757e-19
2,21,0,TRUTH,0.0003351060463777946,6.197074019149645e-19
2,21,0,GAUSSIAN_STARLET,0.00017518188294642884,2.0656913397165484e-19
2,21,0,MCALENS,0.0007388952832580419,-3.0985370095748225e-19
2,21,0,FUSION,0.0002010264434879305,-3.442818899527581e-19
2,21,1,TRUTH,-0.0002853180403588699,-8.058963975139509e-20
2,21,1,GAUSSIAN_STARLET,0.0003560326605962749,-3.2235855900558036e-19
2,21,1,MCALENS,0.0007709434609395509,2.4176891925418525e-19
2,21,1,FUSION,0.0003781592428165011,2.4176891925418525e-19
2,21,2,TRUTH,0.0008533839119183325,7.074448718999907e-19
2,21,2,GAUSSIAN_STARLET,-0.0002368183255102496,4.840412281420989e-19
2,21,2,MCALENS,0.00016631681807649528,1.4893576250526122e-19
2,21,2,FUSION,-0.00022201724890204397,-2.6063758438420713e-19
2,21,3,TRUTH,-0.0008663801305018122,-3.0672282477109616e-19
2,21,3,GAUSSIAN_STARLET,-0.00028232637953503904,-1.4768136007497223e-19
2,21,3,MCALENS,0.00026804084154003605,-1.249611508326688e-19
2,21,3,FUSION,-0.00027198455006123177,2.8400261552879274e-19
2,21,4,TRUTH,-0.0006513959470079517,-3.2327961698337528e-19
2,21,4,GAUSSIAN_STARLET,-4.677901582471316e-06,-3.556075786817128e-19
2,21,4,MCALENS,0.0008174132572475214,4.2026350207838785e-19
2,21,4,FUSION,2.667235771294592e-08,5.172473871734005e-19
2,21,5,TRUTH,-0.0004996439632047368,8.323681361699314e-20
2,21,5,GAUSSIAN_STARLET,0.000369531116488328,-2.0809203404248285e-20
2,21,5,MCALENS,0.0009848668784971472,-3.3294725446797256e-19
2,21,5,FUSION,0.0003645704604460705,-3.537564578722208e-19
2,21,6,TRUTH,0.003193512422639152,-8.656709743665937e-19
2,21,6,GAUSSIAN_STARLET,-3.955746952738194e-05,1.6647518737819111e-19
2,21,6,MCALENS,0.0005417375902611414,0.0
2,21,6,FUSION,-2.400762717993859e-05,6.326057120371263e-19
2,21,7,TRUTH,0.0024997125242492194,-3.6395330862395237e-19
2,21,7,GAUSSIAN_STARLET,3.63408888586543e-05,-1.6543332210179653e-19
2,21,7,MCALENS,0.0005815001552780682,1.8197665431197619e-19
2,21,7,FUSION,5.368604962653866e-05,2.6469331536287446e-19
2,22,0,TRUTH,-3.0184329983910643e-05,2.754255119622064e-19
2,22,0,GAUSSIAN_STARLET,0.00038638050487888834,1.377127559811032e-19
2,22,0,MCALENS,0.0008585467102294878,-2.0656913397165484e-19
2,22,0,FUSION,0.00039907277029474264,-1.377127559811032e-19
2,22,1,TRUTH,-0.0003737254872229925,-4.029481987569754e-19
2,22,1,GAUSSIAN_STARLET,2.6322813470025762e-05,1.1081075465816825e-19
2,22,1,MCALENS,0.000384519264880498,-4.0294819875697544e-20
2,22,1,FUSION,3.201683663201933e-05,-1.2088445962709263e-19
2,22,2,TRUTH,0.0010437349206875344,3.3510546563683774e-19
2,22,2,GAUSSIAN_STARLET,9.157325370770788e-05,9.308485156578826e-20
2,22,2,MCALENS,0.00029765735958504826,-5.119666836118354e-19
2,22,2,FUSION,8.851271009810526e-05,2.7925455469736476e-19
2,22,3,TRUTH,-0.0004994056338994588,-6.361658587844957e-19
2,22,3,GAUSSIAN_STARLET,4.291246562454718e-05,2.7264251090764103e-19
2,22,3,MCALENS,0.0006098753023161232,-3.635233478768547e-19
2,22,3,FUSION,4.8627774697041326e-05,3.1808292939224787e-19
2,22,4,TRUTH,0.0012319458748494693,4.44509473352141e-19
2,22,4,GAUSSIAN_STARLET,4.950386734526268e-05,-4.2026350207838785e-19
2,22,4,MCALENS,0.000760836247801011,1.6163980849168765e-20
2,22,4,FUSION,4.657958682876236e-05,-3.879355403800503e-19
2,22,5,TRUTH,-0.0016194266687767401,-1.248552204254897e-19
2,22,5,GAUSSIAN_STARLET,0.0003230862096050742,-1.45664423829738e-19
2,22,5,MCALENS,0.0006164891849277274,2.497104408509794e-19
2,22,5,FUSION,0.00031237728815692553,1.248552204254897e-19
2,22,6,TRUTH,0.0010778781114301683,-3.995404497076587e-19
2,22,6,GAUSSIAN_STARLET,7.354423559875718e-05,-3.6624541223202046e-19
2,22,6,MCALENS,0.0006385785661368908,-1.165326311647338e-19
2,22,6,FUSION,7.811410902562924e-05,6.659007495127644e-20
2,22,7,TRUTH,-0.0001452750552874744,6.617332884071862e-20
2,22,7,GAUSSIAN_STARLET,0.00016433434393005848,-2.6469331536287446e-19
2,22,7,MCALENS,0.0006733967279378345,-1.9851998652215585e-19
2,22,7,FUSION,0.0001700408197543452,2.812366475730541e-19
2,23,0,TRUTH,-0.0002104301481840638,0.0
2,23,0,GAUSSIAN_STARLET,6.639643834600194e-05,2.754255119622064e-19
2,23,0,MCALENS,0.00036434889822204255,4.131382679433097e-19
2,23,0,FUSION,7.085867031787658e-05,-4.131382679433097e-19
2,23,1,TRUTH,0.0012683315519823179,-6.447171180111607e-19
2,23,1,GAUSSIAN_STARLET,0.00010473524716706034,2.115478043474121e-19
2,23,1,MCALENS,0.00035374559861320483,3.626533788812779e-19
2,23,1,FUSION,0.00011806508269345105,2.5184262422310964e-19
2,23,2,TRUTH,-0.0003878724308178632,8.00529723465779e-19
2,23,2,GAUSSIAN_STARLET,0.00012708985138907539,1.8616970313157652e-19
2,23,2,MCALENS,0.00042859157546135406,1.4893576250526122e-19
2,23,2,FUSION,0.00012979185939056403,2.9787152501052244e-19
2,23,3,TRUTH,0.0004241536934129611,-5.339249171941304e-19
2,23,3,GAUSSIAN_STARLET,-2.3552331547189447e-05,-5.055246556412511e-19
2,23,3,MCALENS,0.0006088523461202887,-3.294430340133996e-19
2,23,3,FUSION,-3.0291543510294773e-05,-3.748834524980064e-19
2,23,4,TRUTH,-0.0002643680710489507,4.2026350207838785e-19
2,23,4,GAUSSIAN_STARLET,1.738705044645373e-05,1.778037893408564e-19
2,23,4,MCALENS,0.0005180445325611289,-4.525914637767254e-19
2,23,4,FUSION,2.047990342619244e-05,3.39443597832544e-19
2,23,5,TRUTH,-0.000919609894642348,1.6647362723398628e-19
2,23,5,GAUSSIAN_STARLET,0.00046088629279943864,2.0809203404248283e-19
2,23,5,MCALENS,0.0006807328030112376,3.3294725446797256e-19
2,23,5,FUSION,0.0004577134258502445,2.7051964425522767e-19
2,23,6,TRUTH,0.0011962219672790083,3.6624541223202046e-19
2,23,6,GAUSSIAN_STARLET,-0.00033664284189946866,-2.4971278106728667e-19
2,23,6,MCALENS,-0.00011185158965758336,-3.3295037475638222e-19
2,23,6,FUSION,-0.0003209178328628444,2.99655337280744e-19
2,23,7,TRUTH,0.0008683714101396611,-4.632133018850303e-19
2,23,7,GAUSSIAN_STARLET,0.00022326321216698103,3.3086664420359305e-19
2,23,7,MCALENS,0.00047632666059052955,2.481499831526948e-19
2,23,7,FUSION,0.00022547528022564205,-2.6469331536287446e-19
2,24,0,TRUTH,-0.0006714149338024071,-5.508510239244128e-19
2,24,0,GAUSSIAN_STARLET,-0.00018355658438327246,-1.7214094497637904e-19
2,24,0,MCALENS,0.00019455327400764332,2.754255119622064e-19
2,24,0,FUSION,-0.00017610900188638252,-1.7214094497637904e-19
2,24,1,TRUTH,-0.0001293383420416885,4.029481987569754e-19
2,24,1,GAUSSIAN_STARLET,8.615742573108928e-05,-4.029481987569754e-19
2,24,1,MCALENS,0.0004685017509370152,-5.641274782597656e-19
2,24,1,FUSION,0.00010593017512128078,-2.820637391298828e-19
2,24,2,TRUTH,0.0005853804746797161,4.468072875157837e-19
2,24,2,GAUSSIAN_STARLET,3.4782168663589836e-05,-1.4893576250526122e-19
2,24,2,MCALENS,0.0005097535643561643,2.2340364375789183e-19
2,24,2,FUSION,6.367814979145201e-05,-2.2340364375789183e-19
2,24,3,TRUTH,-0.0028074146701530145,-4.1890385790496927e-19
2,24,3,GAUSSIAN_STARLET,-0.0008032542677108534,6.134456495421923e-19
2,24,3,MCALENS,-0.00045750206405643804,3.1808292939224787e-19
2,24,3,FUSION,-0.0008061075919458597,2.272020924230342e-19
2,24,4,TRUTH,0.0008426197228442462,6.4655923396675055e-19
2,24,4,GAUSSIAN_STARLET,-9.463667829891735e-05,4.2026350207838785e-19
2,24,4,MCALENS,0.0005614552067480079,-3.2327961698337528e-19
2,24,4,FUSION,-9.138477525682773e-05,1.2931184679335012e-19
2,24,5,TRUTH,-0.0001286355514378005,-3.3294725446797256e-19
2,24,5,GAUSSIAN_STARLET,0.00011891706939652412,0.0
2,24,5,MCALENS,0.0007057051722585151,2.91328847659476e-19
2,24,5,FUSION,0.0001257061937416899,4.161840680849657e-20
2,24,6,TRUTH,0.0007797850315172931,-7.657858619396791e-19
2,24,6,GAUSSIAN_STARLET,-3.4878791118795325e-05,1.9977022485382934e-19
2,24,6,MCALENS,0.0002905569556635405,2.330652623294676e-19
2,24,6,FUSION,-2.0383295732213367e-05,4.49483005921116e-19
2,24,7,TRUTH,-0.00013691017265700668,-5.293866307257489e-19
2,24,7,GAUSSIAN_STARLET,-0.00015617444150856446,-1.3234665768143723e-19
2,24,7,MCALENS,0.00017573043259072526,-5.293866307257489e-19
2,24,7,FUSION,-0.00015589962037244757,1.3234665768143723e-19
2,25,0,TRUTH,-0.0003343602328053167,-2.0656913397165484e-19
2,25,0,GAUSSIAN_STARLET,-5.966179818549769e-05,2.754255119622064e-19
2,25,0,MCALENS,0.00026629441031640535,-4.3035236244094755e-19
2,25,0,FUSION,-4.714795306685026e-05,3.442818899527581e-19
2,25,1,TRUTH,0.0028227184604315606,2.4176891925418525e-19
2,25,1,GAUSSIAN_STARLET,0.0005977416280101053,0.0
2,25,1,MCALENS,0.0009210749766872652,-2.4176891925418525e-19
2,25,1,FUSION,0.0006048755552050506,-1.6117927950279018e-19
2,25,2,TRUTH,-0.0018150960298638796,-5.957430500210449e-19
2,25,2,GAUSSIAN_STARLET,-0.0006311669941489885,-4.468072875157837e-19
2,25,2,MCALENS,-0.00033085808336580423,-4.468072875157837e-19
2,25,2,FUSION,-0.000610829795925267,-3.3510546563683774e-19
2,25,3,TRUTH,-0.0009868241656732866,-5.907254402998889e-19
2,25,3,GAUSSIAN_STARLET,-2.74128855013845e-05,3.635233478768547e-19
2,25,3,MCALENS,0.00041347012800927835,4.544041848460684e-20
2,25,3,FUSION,-2.7053089148515403e-05,0.0
2,25,4,TRUTH,-0.0012299750229933467,-3.879355403800503e-19
2,25,4,GAUSSIAN_STARLET,1.127679784058587e-05,-3.4752558825712844e-19
2,25,4,MCALENS,0.0004752203565593098,3.39443597832544e-19
2,25,4,FUSION,1.0516552066087161e-05,-8.89018946704282e-20
2,25,5,TRUTH,-0.0008997565764562186,-4.1618406808496566e-19
2,25,5,GAUSSIAN_STARLET,0.0003210122538729193,2.497104408509794e-19
2,25,5,MCALENS,0.000978792447111473,2.0809203404248283e-19
2,25,5,FUSION,0.00032704138379786597,0.0
2,25,6,TRUTH,-0.0003299043844943462,-4.49483005921116e-19
2,25,6,GAUSSIAN_STARLET,0.00013987306883993982,3.995404497076587e-19
2,25,6,MCALENS,0.000508515643452444,-2.6636029980510576e-19
2,25,6,FUSION,0.00015409722468900895,-3.995404497076587e-19
2,25,7,TRUTH,0.0005711487678564211,-5.293866307257489e-19
2,25,7,GAUSSIAN_STARLET,-0.00030156618505910955,3.3086664420359305e-19
2,25,7,MCALENS,-4.378062050056693e-05,-1.3234665768143723e-19
2,25,7,FUSION,-0.000282408482105617,1.9851998652215585e-19
2,26,0,TRUTH,-0.0016600645386033192,-7.574201578960677e-19
2,26,0,GAUSSIAN_STARLET,-0.00028495679093723866,-1.377127559811032e-19
2,26,0,MCALENS,-9.186319110601854e-05,-2.4099732296693064e-19
2,26,0,FUSION,-0.0002741161877501949,2.754255119622064e-19
2,26,1,TRUTH,-0.00019275612109002286,-3.2235855900558036e-19
2,26,1,GAUSSIAN_STARLET,-0.00021770818190974367,-1.2088445962709263e-19
2,26,1,MCALENS,0.00022636839168103202,-2.5184262422310964e-19
2,26,1,FUSION,-0.00019616004538272624,-1.2088445962709263e-19
2,26,2,TRUTH,-3.5641188792234057e-05,7.074448718999907e-19
2,26,2,GAUSSIAN_STARLET,-0.0002922588074013839,4.7473274298552015e-19
2,26,2,MCALENS,5.7836479883219784e-05,-2.2340364375789183e-19
2,26,2,FUSION,-0.000292552144802894,-4.840412281420989e-19
2,26,3,TRUTH,-0.001573966635196904,5.225648125729786e-19
2,26,3,GAUSSIAN_STARLET,-0.00046594876455359745,4.544041848460684e-20
2,26,3,MCALENS,5.823734799390885e-05,4.3168397560376497e-19
2,26,3,FUSION,-0.0004538301303395156,1.5904146469612393e-19
2,26,4,TRUTH,-0.00016285732140089475,-3.879355403800503e-19
2,26,4,GAUSSIAN_STARLET,7.790229258236129e-06,-2.5862369358670024e-19
2,26,4,MCALENS,0.0010821065427362986,-3.2327961698337528e-19
2,26,4,FUSION,1.4017763216773382e-05,5.980672914192442e-19
2,26,5,TRUTH,-0.0015298832318065684,2.91328847659476e-19
2,26,5,GAUSSIAN_STARLET,-8.848821030786446e-05,3.3294725446797256e-19
2,26,5,MCALENS,0.0008857476907133063,2.0809203404248283e-19
2,26,5,FUSION,-7.145482889962657e-05,4.578024748934623e-19
2,26,6,TRUTH,0.0013449480373081122,-7.324908244640409e-19
2,26,6,GAUSSIAN_STARLET,-0.00018828293560890885,-3.3295037475638222e-19
2,26,6,MCALENS,0.00046638211125337906,-3.995404497076587e-19
2,26,6,FUSION,-0.0001705982541225875,-6.659007495127644e-20
2,26,7,TRUTH,-0.002739558412996388,7.940799460886234e-19
2,26,7,GAUSSIAN_STARLET,-0.00024130835021310965,1.1580332547125757e-19
2,26,7,MCALENS,0.00035471508177981325,6.617332884071862e-20
2,26,7,FUSION,-0.0002340521384925737,2.1506331873233548e-19
2,27,0,TRUTH,-0.002184571078677761,2.754255119622064e-19
2,27,0,GAUSSIAN_STARLET,-0.0005868237909693609,-2.754255119622064e-19
2,27,0,MCALENS,-0.00034834791959406213,2.0656913397165484e-19
2,27,0,FUSION,-0.0005853849761958529,4.819946459338613e-19
2,27,1,TRUTH,-0.002359105745446562,3.626533788812779e-19
2,27,1,GAUSSIAN_STARLET,-0.0008402520267893733,-1.410318695649414e-19
2,27,1,MCALENS,-0.0006181234149355438,-1.2088445962709263e-19
2,27,1,FUSION,-0.000821687502015914,4.0294819875697544e-20
2,27,2,TRUTH,-0.0022112088490483985,3.3510546563683774e-19
2,27,2,GAUSSIAN_STARLET,-0.0008614091033366949,-1.4893576250526122e-19
2,27,2,MCALENS,-0.000636167427585855,3.7233940626315305e-19
2,27,2,FUSION,-0.000848418953417619,1.4893576250526122e-19
2,27,3,TRUTH,-0.00017190108850108896,9.088083696921368e-20
2,27,3,GAUSSIAN_STARLET,-0.00020876793411200967,-3.635233478768547e-19
2,27,3,MCALENS,0.0001458808375789542,3.635233478768547e-19
2,27,3,FUSION,-0.00020730474408087328,-5.452850218152821e-19
2,27,4,TRUTH,-3.0315975838460073e-05,3.2327961698337528e-19
2,27,4,GAUSSIAN_STARLET,-1.904476591546238e-05,1.9396777019002516e-19
2,27,4,MCALENS,0.0009997597340114129,1.2931184679335012e-19
2,27,4,FUSION,-1.7294790061651458e-05,-3.232796169833753e-20
2,27,5,TRUTH,0.00023252562335692565,-2.497104408509794e-19
2,27,5,GAUSSIAN_STARLET,-0.0002626267954132627,2.0809203404248283e-19
2,27,5,MCALENS,0.0006708891124179898,6.242761021274485e-20
2,27,5,FUSION,-0.0002367561238236945,-3.3294725446797256e-19
2,27,6,TRUTH,-0.00208891888200334,2.330652623294676e-19
2,27,6,GAUSSIAN_STARLET,-0.000527973970075285,6.659007495127644e-20
2,27,6,MCALENS,-0.00027068889354519475,-2.830078185429249e-19
2,27,6,FUSION,-0.0005256794551542963,-6.659007495127644e-20
2,27,7,TRUTH,-0.0022855133746352784,1.3234665768143723e-19
2,27,7,GAUSSIAN_STARLET,-0.0006534047670531637,5.955599595664676e-19
2,27,7,MCALENS,-0.0005512820306268742,3.3086664420359305e-19
2,27,7,FUSION,-0.0006596197688503557,3.970399730443117e-19
2,28,0,TRUTH,-0.0007520174599403614,-8.262765358866194e-19
2,28,0,GAUSSIAN_STARLET,6.369494122775646e-05,0.0
2,28,0,MCALENS,0.0003919130819807255,1.377127559811032e-19
2,28,0,FUSION,6.034594370881769e-05,2.754255119622064e-19
2,28,1,TRUTH,-0.0005125839744199589,-4.835378385083705e-19
2,28,1,GAUSSIAN_STARLET,0.00046789883978600057,4.43243018632673e-19
2,28,1,MCALENS,0.0006949064869298479,4.43243018632673e-19
2,28,1,FUSION,0.0004671375366323317,2.4176891925418525e-19
2,28,2,TRUTH,-0.0012468825274544468,-9.494654859710403e-19
2,28,2,GAUSSIAN_STARLET,0.0002386690481787645,2.2340364375789183e-19
2,28,2,MCALENS,0.0005442172927509213,8.377636640920944e-20
2,28,2,FUSION,0.0002454367289726922,-3.7233940626315305e-20
2,28,3,TRUTH,0.001263838737462031,4.544041848460684e-20
2,28,3,GAUSSIAN_STARLET,-0.00012161196819286349,2.7264251090764103e-19
2,28,3,MCALENS,0.0002976597203981748,-3.1808292939224787e-19
2,28,3,FUSION,-0.00010991300695293901,3.635233478768547e-19
2,28,4,TRUTH,0.001580730964672863,-3.879355403800503e-19
2,28,4,GAUSSIAN_STARLET,-8.689723840306101e-05,1.6163980849168764e-19
2,28,4,MCALENS,0.0010810397028072876,-2.262957318883627e-19
2,28,4,FUSION,-7.723588153959652e-05,1.4547582764251887e-19
2,28,5,TRUTH,0.002289618367604958,2.497104408509794e-19
2,28,5,GAUSSIAN_STARLET,-0.00045440017827765705,8.323681361699314e-20
2,28,5,MCALENS,0.0005107351025250036,3.3294725446797256e-19
2,28,5,FUSION,-0.00042976558699759265,8.323681361699314e-20
2,28,6,TRUTH,-0.0016655611266151757,-1.9977022485382934e-19
2,28,6,GAUSSIAN_STARLET,5.2629777853507206e-05,-2.330652623294676e-19
2,28,6,MCALENS,0.00039684649746547817,3.3295037475638222e-19
2,28,6,FUSION,5.3996211288441715e-05,-3.329503747563822e-20
2,28,7,TRUTH,-0.0011980401041468286,-4.3012663746467097e-19
2,28,7,GAUSSIAN_STARLET,0.0003403079766911207,-1.9851998652215585e-19
2,28,7,MCALENS,0.0007197806249412406,-1.9851998652215585e-19
2,28,7,FUSION,0.0003697041692060362,-3.3086664420359305e-19
2,29,0,TRUTH,-0.0009566165096159637,3.7871007894803386e-19
2,29,0,GAUSSIAN_STARLET,-8.676091076382132e-05,1.0328456698582742e-19
2,29,0,MCALENS,1.816547131041356e-05,-2.2378322846929273e-19
2,29,0,FUSION,-7.903997643292604e-05,-1.0328456698582742e-19
2,29,1,TRUTH,0.0007952336725917381,-5.641274782597656e-19
2,29,1,GAUSSIAN_STARLET,0.00011508958354903624,1.6117927950279018e-19
2,29,1,MCALENS,0.00040458124003918026,-2.014740993784877e-19
2,29,1,FUSION,0.00012059834189797717,-4.0294819875697544e-20
2,29,2,TRUTH,0.00038362548368678985,7.446788125263061e-20
2,29,2,GAUSSIAN_STARLET,-0.00047654343566559795,-4.468072875157837e-19
2,29,2,MCALENS,7.116631662614908e-05,-2.9787152501052244e-19
2,29,2,FUSION,-0.00044568545779016556,4.0957334688946835e-19
2,29,3,TRUTH,-0.0006194208760741154,-3.635233478768547e-19
2,29,3,GAUSSIAN_STARLET,-0.00025336693471204744,2.272020924230342e-19
2,29,3,MCALENS,0.00031400021760062447,-2.7264251090764103e-19
2,29,3,FUSION,-0.00024464505221055103,-9.088083696921368e-20
2,29,4,TRUTH,-0.0012345037654193025,3.2327961698337528e-19
2,29,4,GAUSSIAN_STARLET,-2.469448570144655e-05,-2.1013175103919393e-19
2,29,4,MCALENS,0.000666214330258592,-4.44509473352141e-20
2,29,4,FUSION,-1.90678700165353e-05,2.9095165528503773e-19
2,29,5,TRUTH,-0.0010545677949034796,4.1618406808496566e-19
2,29,5,GAUSSIAN_STARLET,0.00011571557911825361,-3.3294725446797256e-19
2,29,5,MCALENS,0.0005399482127075286,-4.578024748934623e-19
2,29,5,FUSION,0.00011989069795990604,-1.248552204254897e-19
2,29,6,TRUTH,-5.767492987723843e-05,0.0
2,29,6,GAUSSIAN_STARLET,0.00013017569903226199,-6.659007495127644e-20
2,29,6,MCALENS,0.00041789089247228767,-1.9977022485382934e-19
2,29,6,FUSION,0.0001329728677789666,-4.661305246589352e-19
2,29,7,TRUTH,0.0003014808306127738,9.925999326107792e-20
2,29,7,GAUSSIAN_STARLET,-0.0002376116857246637,-1.6543332210179653e-19
2,29,7,MCALENS,-0.00010531410424699492,2.481499831526948e-19
2,29,7,FUSION,-0.0002349477962667705,3.80496640834132e-19
