scale_arcmin,method,threshold_rec,completeness,purity,auc_common,common_completeness_min,common_completeness_max
2.0,GAUSSIAN_STARLET,8.0,0.005058412621943876,1.0,0.7257688125101669,0.02529206310971938,0.7572363402786142
2.0,GAUSSIAN_STARLET,7.928571428571429,0.005098558753864065,1.0,0.7257688125101669,0.02529206310971938,0.7572363402786142
2.0,GAUSSIAN_STARLET,7.857142857142857,0.005299289413465013,1.0,0.7257688125101669,0.02529206310971938,0.7572363402786142
2.0,GAUSSIAN_STARLET,7.785714285714286,0.00545987394114577,1.0,0.7257688125101669,0.02529206310971938,0.7572363402786142
2.0,GAUSSIAN_STARLET,7.714285714285714,0.005740896864587097,1.0,0.7257688125101669,0.02529206310971938,0.7572363402786142
2.0,GAUSSIAN_STARLET,7.642857142857143,0.005901481392267855,1.0,0.7257688125101669,0.02529206310971938,0.7572363402786142
2.0,GAUSSIAN_STARLET,7.571428571428571,0.006182504315709181,1.0,0.7257688125101669,0.02529206310971938,0.7572363402786142
2.0,GAUSSIAN_STARLET,7.5,0.00630294271146975,1.0,0.7257688125101669,0.02529206310971938,0.7572363402786142
2.0,GAUSSIAN_STARLET,7.428571428571429,0.006423381107230318,1.0,0.7257688125101669,0.02529206310971938,0.7572363402786142
2.0,GAUSSIAN_STARLET,7.357142857142858,0.006583965634911077,1.0,0.7257688125101669,0.02529206310971938,0.7572363402786142
2.0,GAUSSIAN_STARLET,7.285714285714286,0.0068248424264322136,1.0,0.7257688125101669,0.02529206310971938,0.7572363402786142
2.0,GAUSSIAN_STARLET,7.214285714285714,0.007025573086033161,1.0,0.7257688125101669,0.02529206310971938,0.7572363402786142
2.0,GAUSSIAN_STARLET,7.142857142857143,0.0074270344052350555,1.0,0.7257688125101669,0.02529206310971938,0.7572363402786142
2.0,GAUSSIAN_STARLET,7.071428571428571,0.007627765064836003,1.0,0.7257688125101669,0.02529206310971938,0.7572363402786142
2.0,GAUSSIAN_STARLET,7.0,0.007788349592516761,1.0,0.7257688125101669,0.02529206310971938,0.7572363402786142
2.0,GAUSSIAN_STARLET,6.928571428571429,0.008270103175559035,0.9951690821256038,0.7257688125101669,0.02529206310971938,0.7572363402786142
2.0,GAUSSIAN_STARLET,6.857142857142858,0.00863141836284074,0.9953703703703703,0.7257688125101669,0.02529206310971938,0.7572363402786142
2.0,GAUSSIAN_STARLET,6.785714285714286,0.008912441286282066,0.9955156950672646,0.7257688125101669,0.02529206310971938,0.7572363402786142
2.0,GAUSSIAN_STARLET,6.714285714285714,0.009313902605483962,0.9957081545064378,0.7257688125101669,0.02529206310971938,0.7572363402786142
2.0,GAUSSIAN_STARLET,6.642857142857143,0.009675217792765667,0.9958677685950413,0.7257688125101669,0.02529206310971938,0.7572363402786142
2.0,GAUSSIAN_STARLET,6.571428571428571,0.009996386848127183,0.996,0.7257688125101669,0.02529206310971938,0.7572363402786142
2.0,GAUSSIAN_STARLET,6.5,0.010678871090770405,0.9962546816479401,0.7257688125101669,0.02529206310971938,0.7572363402786142
2.0,GAUSSIAN_STARLET,6.428571428571429,0.01091974788229154,0.9963369963369964,0.7257688125101669,0.02529206310971938,0.7572363402786142
2.0,GAUSSIAN_STARLET,6.357142857142858,0.011441647597254004,0.9965034965034965,0.7257688125101669,0.02529206310971938,0.7572363402786142
2.0,GAUSSIAN_STARLET,6.285714285714286,0.012043839576056847,0.9966777408637874,0.7257688125101669,0.02529206310971938,0.7572363402786142
2.0,GAUSSIAN_STARLET,6.214285714285714,0.01264603155485969,0.9968354430379747,0.7257688125101669,0.02529206310971938,0.7572363402786142
2.0,GAUSSIAN_STARLET,6.142857142857143,0.01324822353366253,0.9969788519637462,0.7257688125101669,0.02529206310971938,0.7572363402786142
2.0,GAUSSIAN_STARLET,6.071428571428571,0.013770123248624994,0.997093023255814,0.7257688125101669,0.02529206310971938,0.7572363402786142
2.0,GAUSSIAN_STARLET,6.0,0.014372315227427837,0.9972144846796658,0.7257688125101669,0.02529206310971938,0.7572363402786142
2.0,GAUSSIAN_STARLET,5.928571428571429,0.01497450720623068,0.9973262032085561,0.7257688125101669,0.02529206310971938,0.7572363402786142
2.0,GAUSSIAN_STARLET,5.857142857142858,0.015616845316953712,0.9974358974358974,0.7257688125101669,0.02529206310971938,0.7572363402786142
2.0,GAUSSIAN_STARLET,5.7857142857142865,0.016219037295756553,0.9975308641975309,0.7257688125101669,0.02529206310971938,0.7572363402786142
2.0,GAUSSIAN_STARLET,5.714285714285714,0.016981813802240155,0.9952941176470588,0.7257688125101669,0.02529206310971938,0.7572363402786142
2.0,GAUSSIAN_STARLET,5.642857142857142,0.017945320968324702,0.9955456570155902,0.7257688125101669,0.02529206310971938,0.7572363402786142
2.0,GAUSSIAN_STARLET,5.571428571428571,0.018547512947127545,0.9956896551724138,0.7257688125101669,0.02529206310971938,0.7572363402786142
2.0,GAUSSIAN_STARLET,5.5,0.01967160464089285,0.9959349593495935,0.7257688125101669,0.02529206310971938,0.7572363402786142
2.0,GAUSSIAN_STARLET,5.428571428571429,0.0206351118069774,0.9961240310077519,0.7257688125101669,0.02529206310971938,0.7572363402786142
2.0,GAUSSIAN_STARLET,5.357142857142858,0.021397888313460997,0.9962616822429906,0.7257688125101669,0.02529206310971938,0.7572363402786142
2.0,GAUSSIAN_STARLET,5.2857142857142865,0.02272271066682725,0.9929824561403509,0.7257688125101669,0.02529206310971938,0.7572363402786142
2.0,GAUSSIAN_STARLET,5.214285714285714,0.023967240756353127,0.9933444259567388,0.7257688125101669,0.02529206310971938,0.7572363402786142
2.0,GAUSSIAN_STARLET,5.142857142857143,0.024810309526677104,0.9919743178170144,0.7257688125101669,0.02529206310971938,0.7572363402786142
2.0,GAUSSIAN_STARLET,5.071428571428571,0.025653378297001084,0.9922360248447205,0.7257688125101669,0.02529206310971938,0.7572363402786142
2.0,GAUSSIAN_STARLET,5.0,0.027259223573808663,0.9912408759124087,0.7257688125101669,0.02529206310971938,0.7572363402786142
2.0,GAUSSIAN_STARLET,4.928571428571429,0.028062146212212452,0.990084985835694,0.7257688125101669,0.02529206310971938,0.7572363402786142
2.0,GAUSSIAN_STARLET,4.857142857142858,0.029627845357099843,0.9906040268456375,0.7257688125101669,0.02529206310971938,0.7572363402786142
2.0,GAUSSIAN_STARLET,4.7857142857142865,0.03135412902966799,0.9898605830164765,0.7257688125101669,0.02529206310971938,0.7572363402786142
2.0,GAUSSIAN_STARLET,4.714285714285714,0.03352202015335822,0.9905100830367735,0.7257688125101669,0.02529206310971938,0.7572363402786142
2.0,GAUSSIAN_STARLET,4.642857142857143,0.03480669637480429,0.9908571428571429,0.7257688125101669,0.02529206310971938,0.7572363402786142
2.0,GAUSSIAN_STARLET,4.571428571428571,0.03653298004737244,0.9912854030501089,0.7257688125101669,0.02529206310971938,0.7572363402786142
2.0,GAUSSIAN_STARLET,4.5,0.03813882532418002,0.9906152241918665,0.7257688125101669,0.02529206310971938,0.7572363402786142
2.0,GAUSSIAN_STARLET,4.428571428571429,0.04014613192018949,0.9910802775024777,0.7257688125101669,0.02529206310971938,0.7572363402786142
2.0,GAUSSIAN_STARLET,4.357142857142858,0.042314023043879725,0.9915333960489181,0.7257688125101669,0.02529206310971938,0.7572363402786142
2.0,GAUSSIAN_STARLET,4.2857142857142865,0.04512425227829299,0.9911816578483245,0.7257688125101669,0.02529206310971938,0.7572363402786142
2.0,GAUSSIAN_STARLET,4.214285714285714,0.04717170500622265,0.9907251264755481,0.7257688125101669,0.02529206310971938,0.7572363402786142
2.0,GAUSSIAN_STARLET,4.142857142857143,0.04946003452567345,0.9903536977491961,0.7257688125101669,0.02529206310971938,0.7572363402786142
2.0,GAUSSIAN_STARLET,4.071428571428571,0.05198924083664539,0.9893048128342246,0.7257688125101669,0.02529206310971938,0.7572363402786142
2.0,GAUSSIAN_STARLET,4.0,0.05487976233489903,0.9884309472161966,0.7257688125101669,0.02529206310971938,0.7572363402786142
2.0,GAUSSIAN_STARLET,3.928571428571429,0.05785057609699305,0.9876627827278959,0.7257688125101669,0.02529206310971938,0.7572363402786142
2.0,GAUSSIAN_STARLET,3.8571428571428577,0.06134328957404954,0.9877181641887525,0.7257688125101669,0.02529206310971938,0.7572363402786142
2.0,GAUSSIAN_STARLET,3.7857142857142856,0.06463527239150507,0.9871244635193133,0.7257688125101669,0.02529206310971938,0.7572363402786142
2.0,GAUSSIAN_STARLET,3.7142857142857144,0.06840900879200289,0.9855407750144592,0.7257688125101669,0.02529206310971938,0.7572363402786142
2.0,GAUSSIAN_STARLET,3.6428571428571432,0.07206230679674014,0.9830230010952903,0.7257688125101669,0.02529206310971938,0.7572363402786142
2.0,GAUSSIAN_STARLET,3.571428571428572,0.07611706612067927,0.981874676333506,0.7257688125101669,0.02529206310971938,0.7572363402786142
2.0,GAUSSIAN_STARLET,3.5,0.0802119715765386,0.9818181818181818,0.7257688125101669,0.02529206310971938,0.7572363402786142
2.0,GAUSSIAN_STARLET,3.428571428571429,0.08490906901120077,0.9818941504178273,0.7257688125101669,0.02529206310971938,0.7572363402786142
2.0,GAUSSIAN_STARLET,3.3571428571428577,0.09060981974386768,0.9787510841283608,0.7257688125101669,0.02529206310971938,0.7572363402786142
2.0,GAUSSIAN_STARLET,3.2857142857142856,0.09594925528925288,0.976706170821414,0.7257688125101669,0.02529206310971938,0.7572363402786142
2.0,GAUSSIAN_STARLET,3.2142857142857144,0.10156971375807941,0.9734513274336283,0.7257688125101669,0.02529206310971938,0.7572363402786142
2.0,GAUSSIAN_STARLET,3.1428571428571432,0.10715002609498575,0.9723132969034608,0.7257688125101669,0.02529206310971938,0.7572363402786142
2.0,GAUSSIAN_STARLET,3.071428571428572,0.11369384559797663,0.9698630136986301,0.7257688125101669,0.02529206310971938,0.7572363402786142
2.0,GAUSSIAN_STARLET,3.0,0.12168292585009434,0.9680613222612584,0.7257688125101669,0.02529206310971938,0.7572363402786142
2.0,GAUSSIAN_STARLET,2.928571428571429,0.12866835280420733,0.9653614457831325,0.7257688125101669,0.02529206310971938,0.7572363402786142
2.0,GAUSSIAN_STARLET,2.8571428571428577,0.1352523184391184,0.9611982881597717,0.7257688125101669,0.02529206310971938,0.7572363402786142
2.0,GAUSSIAN_STARLET,2.7857142857142856,0.14416475972540047,0.957089552238806,0.7257688125101669,0.02529206310971938,0.7572363402786142
2.0,GAUSSIAN_STARLET,2.7142857142857144,0.1539202697820065,0.9525465838509317,0.7257688125101669,0.02529206310971938,0.7572363402786142
2.0,GAUSSIAN_STARLET,2.6428571428571432,0.16524147898349995,0.9479502533394749,0.7257688125101669,0.02529206310971938,0.7572363402786142
2.0,GAUSSIAN_STARLET,2.571428571428572,0.1782889718575615,0.9442908781628747,0.7257688125101669,0.02529206310971938,0.7572363402786142
2.0,GAUSSIAN_STARLET,2.5,0.19077441888474045,0.9391304347826087,0.7257688125101669,0.02529206310971938,0.7572363402786142
2.0,GAUSSIAN_STARLET,2.428571428571429,0.20301898912039826,0.9311360707052109,0.7257688125101669,0.02529206310971938,0.7572363402786142
2.0,GAUSSIAN_STARLET,2.3571428571428577,0.21711028142438477,0.9234972677595629,0.7257688125101669,0.02529206310971938,0.7572363402786142
2.0,GAUSSIAN_STARLET,2.2857142857142865,0.23180376570717412,0.9124525916561315,0.7257688125101669,0.02529206310971938,0.7572363402786142
2.0,GAUSSIAN_STARLET,2.2142857142857144,0.24798265687101048,0.9028061970184157,0.7257688125101669,0.02529206310971938,0.7572363402786142
2.0,GAUSSIAN_STARLET,2.1428571428571432,0.2663695852904573,0.8913218699623858,0.7257688125101669,0.02529206310971938,0.7572363402786142
2.0,GAUSSIAN_STARLET,2.071428571428572,0.2845959291822233,0.8739982739489582,0.7257688125101669,0.02529206310971938,0.7572363402786142
2.0,GAUSSIAN_STARLET,2.0,0.3060339636276045,0.8588328075709779,0.7257688125101669,0.02529206310971938,0.7572363402786142
2.0,GAUSSIAN_STARLET,1.9285714285714288,0.3257457144004175,0.8412649040953862,0.7257688125101669,0.02529206310971938,0.7572363402786142
2.0,GAUSSIAN_STARLET,1.8571428571428577,0.3475049179011602,0.8228136882129278,0.7257688125101669,0.02529206310971938,0.7572363402786142
2.0,GAUSSIAN_STARLET,1.7857142857142865,0.37034806696374806,0.803921568627451,0.7257688125101669,0.02529206310971938,0.7572363402786142
2.0,GAUSSIAN_STARLET,1.7142857142857144,0.3945963306435425,0.7786580052285511,0.7257688125101669,0.02529206310971938,0.7572363402786142
2.0,GAUSSIAN_STARLET,1.6428571428571432,0.4193664940382994,0.7550415612576798,0.7257688125101669,0.02529206310971938,0.7572363402786142
2.0,GAUSSIAN_STARLET,1.571428571428572,0.44353446545425346,0.7223275580254985,0.7257688125101669,0.02529206310971938,0.7572363402786142
2.0,GAUSSIAN_STARLET,1.5,0.46995062025773815,0.6905787269187659,0.7257688125101669,0.02529206310971938,0.7572363402786142
2.0,GAUSSIAN_STARLET,1.4285714285714288,0.4967682363804247,0.657526967426537,0.7257688125101669,0.02529206310971938,0.7572363402786142
2.0,GAUSSIAN_STARLET,1.3571428571428577,0.5247500903287968,0.6237056830653243,0.7257688125101669,0.02529206310971938,0.7572363402786142
2.0,GAUSSIAN_STARLET,1.2857142857142865,0.5502830302300373,0.5898274452429106,0.7257688125101669,0.02529206310971938,0.7572363402786142
2.0,GAUSSIAN_STARLET,1.2142857142857144,0.5742904171183106,0.5534919713677694,0.7257688125101669,0.02529206310971938,0.7572363402786142
2.0,GAUSSIAN_STARLET,1.1428571428571432,0.5989802882492272,0.5181275177107931,0.7257688125101669,0.02529206310971938,0.7572363402786142
2.0,GAUSSIAN_STARLET,1.071428571428572,0.621823437311815,0.483517512642817,0.7257688125101669,0.02529206310971938,0.7572363402786142
2.0,GAUSSIAN_STARLET,1.0,0.6439439559998394,0.4490481522956327,0.7257688125101669,0.02529206310971938,0.7572363402786142
2.0,GAUSSIAN_STARLET,0.9285714285714288,0.6644987755429764,0.41632919988932765,0.7257688125101669,0.02529206310971938,0.7572363402786142
2.0,GAUSSIAN_STARLET,0.8571428571428577,0.6830864346220241,0.38520748907654345,0.7257688125101669,0.02529206310971938,0.7572363402786142
2.0,GAUSSIAN_STARLET,0.7857142857142865,0.699586494841222,0.356119592095314,0.7257688125101669,0.02529206310971938,0.7572363402786142
2.0,GAUSSIAN_STARLET,0.7142857142857144,0.7133967642217672,0.32851438290320195,0.7257688125101669,0.02529206310971938,0.7572363402786142
2.0,GAUSSIAN_STARLET,0.6428571428571432,0.725842065117026,0.30367670524211837,0.7257688125101669,0.02529206310971938,0.7572363402786142
2.0,GAUSSIAN_STARLET,0.5714285714285721,0.7370428359227589,0.28060709809555834,0.7257688125101669,0.02529206310971938,0.7572363402786142
2.0,GAUSSIAN_STARLET,0.5,0.7473603918262476,0.2594889951352783,0.7257688125101669,0.02529206310971938,0.7572363402786142
2.0,GAUSSIAN_STARLET,0.4285714285714288,0.7541852342526798,0.23999693392610763,0.7257688125101669,0.02529206310971938,0.7572363402786142
2.0,GAUSSIAN_STARLET,0.35714285714285765,0.7606086153599101,0.22305681791424334,0.7257688125101669,0.02529206310971938,0.7572363402786142
2.0,GAUSSIAN_STARLET,0.2857142857142865,0.7657473202456944,0.20822916780384493,0.7257688125101669,0.02529206310971938,0.7572363402786142
2.0,GAUSSIAN_STARLET,0.2142857142857144,0.7699626640973142,0.1950691117688341,0.7257688125101669,0.02529206310971938,0.7572363402786142
2.0,GAUSSIAN_STARLET,0.14285714285714324,0.7728130394636477,0.18361837900741151,0.7257688125101669,0.02529206310971938,0.7572363402786142
2.0,GAUSSIAN_STARLET,0.07142857142857206,0.774780199927737,0.17357713340048928,0.7257688125101669,0.02529206310971938,0.7572363402786142
2.0,GAUSSIAN_STARLET,0.0,0.7763057529407041,0.16496472414881547,0.7257688125101669,0.02529206310971938,0.7572363402786142
2.0,GAUSSIAN_STARLET,-0.07142857142857117,0.7765466297322253,0.16045624222314392,0.7257688125101669,0.02529206310971938,0.7572363402786142
2.0,GAUSSIAN_STARLET,-0.14285714285714235,0.7769480910514271,0.15653967483620482,0.7257688125101669,0.02529206310971938,0.7572363402786142
2.0,GAUSSIAN_STARLET,-0.21428571428571352,0.7772291139748685,0.1532033426183844,0.7257688125101669,0.02529206310971938,0.7572363402786142
2.0,GAUSSIAN_STARLET,-0.2857142857142847,0.7773896985025492,0.15049234093152303,0.7257688125101669,0.02529206310971938,0.7572363402786142
2.0,GAUSSIAN_STARLET,-0.3571428571428559,0.7774298446344695,0.14822610892112212,0.7257688125101669,0.02529206310971938,0.7572363402786142
2.0,GAUSSIAN_STARLET,-0.4285714285714288,0.7774298446344695,0.14637741411240032,0.7257688125101669,0.02529206310971938,0.7572363402786142
2.0,GAUSSIAN_STARLET,-0.5,0.7775101368983098,0.144917017105401,0.7257688125101669,0.02529206310971938,0.7572363402786142
2.0,MCALENS,8.0,0.02529206310971938,0.995260663507109,0.6807008810586881,0.02529206310971938,0.7572363402786142
2.0,MCALENS,7.928571428571429,0.026416154803484686,0.9954614220877458,0.6807008810586881,0.02529206310971938,0.7572363402786142
2.0,MCALENS,7.857142857142857,0.02741980810148942,0.9941775836972343,0.6807008810586881,0.02529206310971938,0.7572363402786142
2.0,MCALENS,7.785714285714286,0.028624192059095107,0.9944211994421199,0.6807008810586881,0.02529206310971938,0.7572363402786142
2.0,MCALENS,7.714285714285714,0.030149745072062306,0.9933862433862434,0.6807008810586881,0.02529206310971938,0.7572363402786142
2.0,MCALENS,7.642857142857143,0.03135412902966799,0.9936386768447837,0.6807008810586881,0.02529206310971938,0.7572363402786142
2.0,MCALENS,7.571428571428571,0.032759243646874624,0.9939098660170523,0.6807008810586881,0.02529206310971938,0.7572363402786142
2.0,MCALENS,7.5,0.034164358264081256,0.9929988331388565,0.6807008810586881,0.02529206310971938,0.7572363402786142
2.0,MCALENS,7.428571428571429,0.03544903448552732,0.9932508436445444,0.6807008810586881,0.02529206310971938,0.7572363402786142
2.0,MCALENS,7.357142857142858,0.0370548797623349,0.9935414424111948,0.6807008810586881,0.02529206310971938,0.7572363402786142
2.0,MCALENS,7.285714285714286,0.038459994379541534,0.9937759336099585,0.6807008810586881,0.02529206310971938,0.7572363402786142
2.0,MCALENS,7.214285714285714,0.04006583965634911,0.9920477137176938,0.6807008810586881,0.02529206310971938,0.7572363402786142
2.0,MCALENS,7.142857142857143,0.042314023043879725,0.992467043314501,0.6807008810586881,0.02529206310971938,0.7572363402786142
2.0,MCALENS,7.071428571428571,0.04444176803564977,0.9928251121076234,0.6807008810586881,0.02529206310971938,0.7572363402786142
2.0,MCALENS,7.0,0.04632863623589867,0.9922613929492692,0.6807008810586881,0.02529206310971938,0.7572363402786142
2.0,MCALENS,6.928571428571429,0.04853667349150909,0.9926108374384236,0.6807008810586881,0.02529206310971938,0.7572363402786142
2.0,MCALENS,6.857142857142858,0.05110602593440122,0.9929797191887676,0.6807008810586881,0.02529206310971938,0.7572363402786142
2.0,MCALENS,6.785714285714286,0.053354209321931835,0.9925317401045557,0.6807008810586881,0.02529206310971938,0.7572363402786142
2.0,MCALENS,6.714285714285714,0.0561644385563451,0.9921985815602837,0.6807008810586881,0.02529206310971938,0.7572363402786142
2.0,MCALENS,6.642857142857143,0.05849291420771609,0.9925068119891008,0.6807008810586881,0.02529206310971938,0.7572363402786142
2.0,MCALENS,6.571428571428571,0.06138343570596973,0.9922128487994809,0.6807008810586881,0.02529206310971938,0.7572363402786142
2.0,MCALENS,6.5,0.06411337267654262,0.9906947890818859,0.6807008810586881,0.02529206310971938,0.7572363402786142
2.0,MCALENS,6.428571428571429,0.06728491709823758,0.9899586532782044,0.6807008810586881,0.02529206310971938,0.7572363402786142
2.0,MCALENS,6.357142857142858,0.07005500020073066,0.9892290249433107,0.6807008810586881,0.02529206310971938,0.7572363402786142
2.0,MCALENS,6.285714285714286,0.07314625235858525,0.9896795219989136,0.6807008810586881,0.02529206310971938,0.7572363402786142
2.0,MCALENS,6.214285714285714,0.0763980890441206,0.9885714285714285,0.6807008810586881,0.02529206310971938,0.7572363402786142
2.0,MCALENS,6.142857142857143,0.07973021799349633,0.9880597014925373,0.6807008810586881,0.02529206310971938,0.7572363402786142
2.0,MCALENS,6.071428571428571,0.0825404472279096,0.9865642994241842,0.6807008810586881,0.02529206310971938,0.7572363402786142
2.0,MCALENS,6.0,0.08627403749648721,0.9862322166131253,0.6807008810586881,0.02529206310971938,0.7572363402786142
2.0,MCALENS,5.928571428571429,0.09064996587578787,0.9855958096900916,0.6807008810586881,0.02529206310971938,0.7572363402786142
2.0,MCALENS,5.857142857142858,0.09450399454012606,0.9849372384937238,0.6807008810586881,0.02529206310971938,0.7572363402786142
2.0,MCALENS,5.7857142857142865,0.09807700028102292,0.9827031375703942,0.6807008810586881,0.02529206310971938,0.7572363402786142
2.0,MCALENS,5.714285714285714,0.10201132120920149,0.981081081081081,0.6807008810586881,0.02529206310971938,0.7572363402786142
2.0,MCALENS,5.642857142857142,0.10594564213738006,0.9806763285024155,0.6807008810586881,0.02529206310971938,0.7572363402786142
2.0,MCALENS,5.571428571428571,0.11100405475932394,0.9766866831508301,0.6807008810586881,0.02529206310971938,0.7572363402786142
2.0,MCALENS,5.5,0.11542012927054478,0.9755683746182559,0.6807008810586881,0.02529206310971938,0.7572363402786142
2.0,MCALENS,5.428571428571429,0.11959532699024449,0.9732113688337145,0.6807008810586881,0.02529206310971938,0.7572363402786142
2.0,MCALENS,5.357142857142858,0.1237705247099442,0.9716356760163882,0.6807008810586881,0.02529206310971938,0.7572363402786142
2.0,MCALENS,5.2857142857142865,0.1280260146934843,0.970185579555826,0.6807008810586881,0.02529206310971938,0.7572363402786142
2.0,MCALENS,5.214285714285714,0.13340559637078966,0.9673944687045124,0.6807008810586881,0.02529206310971938,0.7572363402786142
2.0,MCALENS,5.142857142857143,0.13770123248624994,0.9642957548495924,0.6807008810586881,0.02529206310971938,0.7572363402786142
2.0,MCALENS,5.071428571428571,0.14179613794210927,0.962135657858894,0.6807008810586881,0.02529206310971938,0.7572363402786142
2.0,MCALENS,5.0,0.1455297282106869,0.9582342056568861,0.6807008810586881,0.02529206310971938,0.7572363402786142
2.0,MCALENS,4.928571428571429,0.15090930988799228,0.9552731893265566,0.6807008810586881,0.02529206310971938,0.7572363402786142
2.0,MCALENS,4.857142857142858,0.15552611505881409,0.9537173806006893,0.6807008810586881,0.02529206310971938,0.7572363402786142
2.0,MCALENS,4.7857142857142865,0.15950058211891285,0.951161120421355,0.6807008810586881,0.02529206310971938,0.7572363402786142
2.0,MCALENS,4.714285714285714,0.16427797181741538,0.9489795918367347,0.6807008810586881,0.02529206310971938,0.7572363402786142
2.0,MCALENS,4.642857142857143,0.1692962383074391,0.9450918870461676,0.6807008810586881,0.02529206310971938,0.7572363402786142
2.0,MCALENS,4.571428571428571,0.1737926050825003,0.9412915851272016,0.6807008810586881,0.02529206310971938,0.7572363402786142
2.0,MCALENS,4.5,0.17816853346180095,0.9382663847780127,0.6807008810586881,0.02529206310971938,0.7572363402786142
2.0,MCALENS,4.428571428571429,0.18214300052189972,0.935656836461126,0.6807008810586881,0.02529206310971938,0.7572363402786142
2.0,MCALENS,4.357142857142858,0.1863984905054398,0.9306474243335338,0.6807008810586881,0.02529206310971938,0.7572363402786142
2.0,MCALENS,4.2857142857142865,0.19085471114858082,0.927609756097561,0.6807008810586881,0.02529206310971938,0.7572363402786142
2.0,MCALENS,4.214285714285714,0.19486932434059978,0.9233403081605478,0.6807008810586881,0.02529206310971938,0.7572363402786142
2.0,MCALENS,4.142857142857143,0.19832189168573608,0.9185570844179992,0.6807008810586881,0.02529206310971938,0.7572363402786142
2.0,MCALENS,4.071428571428571,0.2024970894054358,0.9152603883142806,0.6807008810586881,0.02529206310971938,0.7572363402786142
2.0,MCALENS,4.0,0.20578907222289133,0.91015625,0.6807008810586881,0.02529206310971938,0.7572363402786142
2.0,MCALENS,3.928571428571429,0.20956280862338914,0.9060926922409304,0.6807008810586881,0.02529206310971938,0.7572363402786142
2.0,MCALENS,3.8571428571428577,0.21221245333012165,0.9003576903423608,0.6807008810586881,0.02529206310971938,0.7572363402786142
2.0,MCALENS,3.7857142857142856,0.21534385161989641,0.8965401972254722,0.6807008810586881,0.02529206310971938,0.7572363402786142
2.0,MCALENS,3.7142857142857144,0.2188365650969529,0.8937530742744713,0.6807008810586881,0.02529206310971938,0.7572363402786142
2.0,MCALENS,3.6428571428571432,0.22212854791440845,0.8898359601157929,0.6807008810586881,0.02529206310971938,0.7572363402786142
2.0,MCALENS,3.571428571428572,0.22554096912762456,0.8862596624073198,0.6807008810586881,0.02529206310971938,0.7572363402786142
2.0,MCALENS,3.5,0.22819061383435707,0.8812403100775194,0.6807008810586881,0.02529206310971938,0.7572363402786142
2.0,MCALENS,3.428571428571429,0.23075996627724918,0.8772893772893773,0.6807008810586881,0.02529206310971938,0.7572363402786142
2.0,MCALENS,3.3571428571428577,0.23276727287325866,0.8720108286960445,0.6807008810586881,0.02529206310971938,0.7572363402786142
2.0,MCALENS,3.2857142857142856,0.2349351639969489,0.8674770234212867,0.6807008810586881,0.02529206310971938,0.7572363402786142
2.0,MCALENS,3.2142857142857144,0.2375446625717612,0.8630396732788798,0.6807008810586881,0.02529206310971938,0.7572363402786142
2.0,MCALENS,3.1428571428571432,0.24007386888273316,0.860431654676259,0.6807008810586881,0.02529206310971938,0.7572363402786142
2.0,MCALENS,3.071428571428572,0.2420811754787426,0.8576304935286588,0.6807008810586881,0.02529206310971938,0.7572363402786142
2.0,MCALENS,3.0,0.24428921273435306,0.8540350877192983,0.6807008810586881,0.02529206310971938,0.7572363402786142
2.0,MCALENS,2.928571428571429,0.24657754225380385,0.8501038062283737,0.6807008810586881,0.02529206310971938,0.7572363402786142
2.0,MCALENS,2.8571428571428577,0.24882572564133446,0.8467213114754099,0.6807008810586881,0.02529206310971938,0.7572363402786142
2.0,MCALENS,2.7857142857142856,0.25075273997350356,0.8440540540540541,0.6807008810586881,0.02529206310971938,0.7572363402786142
2.0,MCALENS,2.7142857142857144,0.25227829298647075,0.8399946531212404,0.6807008810586881,0.02529206310971938,0.7572363402786142
2.0,MCALENS,2.6428571428571432,0.2543257457144004,0.836634970945589,0.6807008810586881,0.02529206310971938,0.7572363402786142
2.0,MCALENS,2.571428571428572,0.25677465976153196,0.8343334202974172,0.6807008810586881,0.02529206310971938,0.7572363402786142
2.0,MCALENS,2.5,0.2594243044682645,0.8320885912953901,0.6807008810586881,0.02529206310971938,0.7572363402786142
2.0,MCALENS,2.428571428571429,0.2631980408687623,0.8286147623862488,0.6807008810586881,0.02529206310971938,0.7572363402786142
2.0,MCALENS,2.3571428571428577,0.2666907543458188,0.8252173913043478,0.6807008810586881,0.02529206310971938,0.7572363402786142
2.0,MCALENS,2.2857142857142865,0.2713075595166406,0.8215414539265743,0.6807008810586881,0.02529206310971938,0.7572363402786142
2.0,MCALENS,2.2142857142857144,0.2776907944919507,0.8163578425587159,0.6807008810586881,0.02529206310971938,0.7572363402786142
2.0,MCALENS,2.1428571428571432,0.2845557830503031,0.812937263447643,0.6807008810586881,0.02529206310971938,0.7572363402786142
2.0,MCALENS,2.071428571428572,0.2933879320727448,0.8069787985865724,0.6807008810586881,0.02529206310971938,0.7572363402786142
2.0,MCALENS,2.0,0.30543177164880164,0.801010739102969,0.6807008810586881,0.02529206310971938,0.7572363402786142
2.0,MCALENS,1.9285714285714288,0.3189610181059055,0.7913346613545816,0.6807008810586881,0.02529206310971938,0.7572363402786142
2.0,MCALENS,1.8571428571428577,0.33405596370789675,0.7790469057204381,0.6807008810586881,0.02529206310971938,0.7572363402786142
2.0,MCALENS,1.7857142857142865,0.35051587779517446,0.7624661601606847,0.6807008810586881,0.02529206310971938,0.7572363402786142
2.0,MCALENS,1.7142857142857144,0.36846119876349914,0.7436998622477919,0.6807008810586881,0.02529206310971938,0.7572363402786142
2.0,MCALENS,1.6428571428571432,0.38745031916174877,0.7188291374944138,0.6807008810586881,0.02529206310971938,0.7572363402786142
2.0,MCALENS,1.571428571428572,0.40965113011361354,0.6948113849925098,0.6807008810586881,0.02529206310971938,0.7572363402786142
2.0,MCALENS,1.5,0.4359067003894175,0.6655633198479833,0.6807008810586881,0.02529206310971938,0.7572363402786142
2.0,MCALENS,1.4285714285714288,0.4618411016098599,0.6345284059569773,0.6807008810586881,0.02529206310971938,0.7572363402786142
2.0,MCALENS,1.3571428571428577,0.4877353566983821,0.6003063543828442,0.6807008810586881,0.02529206310971938,0.7572363402786142
2.0,MCALENS,1.2857142857142865,0.5147537034806696,0.5658678670726863,0.6807008810586881,0.02529206310971938,0.7572363402786142
2.0,MCALENS,1.2142857142857144,0.5433377494078445,0.5308908327776253,0.6807008810586881,0.02529206310971938,0.7572363402786142
2.0,MCALENS,1.1428571428571432,0.5700349271347706,0.4957924508537309,0.6807008810586881,0.02529206310971938,0.7572363402786142
2.0,MCALENS,1.071428571428572,0.5950058211891285,0.46068009449210495,0.6807008810586881,0.02529206310971938,0.7572363402786142
2.0,MCALENS,1.0,0.61652414789835,0.42480152692871564,0.6807008810586881,0.02529206310971938,0.7572363402786142
2.0,MCALENS,0.9285714285714288,0.6384037897948532,0.3925935069744476,0.6807008810586881,0.02529206310971938,0.7572363402786142
2.0,MCALENS,0.8571428571428577,0.6587578786783893,0.36267792414463795,0.6807008810586881,0.02529206310971938,0.7572363402786142
2.0,MCALENS,0.7857142857142865,0.6768236380424746,0.3351823134120641,0.6807008810586881,0.02529206310971938,0.7572363402786142
2.0,MCALENS,0.7142857142857144,0.6927616524147898,0.308660966622545,0.6807008810586881,0.02529206310971938,0.7572363402786142
2.0,MCALENS,0.6428571428571432,0.7060098759484523,0.2837962141139639,0.6807008810586881,0.02529206310971938,0.7572363402786142
2.0,MCALENS,0.5714285714285721,0.7169296238307439,0.2612040720805055,0.6807008810586881,0.02529206310971938,0.7572363402786142
2.0,MCALENS,0.5,0.7255208960616645,0.2407256936581727,0.6807008810586881,0.02529206310971938,0.7572363402786142
2.0,MCALENS,0.4285714285714288,0.7338311453691437,0.22324950840895488,0.6807008810586881,0.02529206310971938,0.7572363402786142
2.0,MCALENS,0.35714285714285765,0.7404552571359749,0.20768165388643042,0.6807008810586881,0.02529206310971938,0.7572363402786142
2.0,MCALENS,0.2857142857142865,0.7451523545706371,0.19390324164516365,0.6807008810586881,0.02529206310971938,0.7572363402786142
2.0,MCALENS,0.2142857142857144,0.7496487213456984,0.18192003429328554,0.6807008810586881,0.02529206310971938,0.7572363402786142
2.0,MCALENS,0.14285714285714324,0.7526596812397126,0.17126935550175856,0.6807008810586881,0.02529206310971938,0.7572363402786142
2.0,MCALENS,0.07142857142857206,0.7547472800995624,0.1618485166755626,0.6807008810586881,0.02529206310971938,0.7572363402786142
2.0,MCALENS,0.0,0.7561122485848488,0.15406891135761264,0.6807008810586881,0.02529206310971938,0.7572363402786142
2.0,MCALENS,-0.07142857142857117,0.7565137099040508,0.14993753928659523,0.6807008810586881,0.02529206310971938,0.7572363402786142
2.0,MCALENS,-0.14285714285714235,0.7567947328274921,0.1463496056145581,0.6807008810586881,0.02529206310971938,0.7572363402786142
2.0,MCALENS,-0.21428571428571352,0.7570356096190132,0.1434767060542194,0.6807008810586881,0.02529206310971938,0.7572363402786142
2.0,MCALENS,-0.2857142857142847,0.7571159018828536,0.14099238182103635,0.6807008810586881,0.02529206310971938,0.7572363402786142
2.0,MCALENS,-0.3571428571428559,0.7571159018828536,0.13884062665645797,0.6807008810586881,0.02529206310971938,0.7572363402786142
2.0,MCALENS,-0.4285714285714288,0.7571961941466939,0.13717290433315393,0.6807008810586881,0.02529206310971938,0.7572363402786142
2.0,MCALENS,-0.5,0.7572363402786142,0.1358855397383436,0.6807008810586881,0.02529206310971938,0.7572363402786142
2.0,FUSION,8.0,0.009594925528925288,0.9958333333333333,0.715394156319195,0.02529206310971938,0.7572363402786142
2.0,FUSION,7.928571428571429,0.009956240716206993,0.9959839357429718,0.715394156319195,0.02529206310971938,0.7572363402786142
2.0,FUSION,7.857142857142857,0.010518286563089646,0.9961977186311787,0.715394156319195,0.02529206310971938,0.7572363402786142
2.0,FUSION,7.785714285714286,0.01091974788229154,0.9963369963369964,0.715394156319195,0.02529206310971938,0.7572363402786142
2.0,FUSION,7.714285714285714,0.011521939861094383,0.9965277777777778,0.715394156319195,0.02529206310971938,0.7572363402786142
2.0,FUSION,7.642857142857143,0.011883255048376088,0.9966329966329966,0.715394156319195,0.02529206310971938,0.7572363402786142
2.0,FUSION,7.571428571428571,0.01268617768677988,0.9968454258675079,0.715394156319195,0.02529206310971938,0.7572363402786142
2.0,FUSION,7.5,0.01328836966558272,0.9969879518072289,0.715394156319195,0.02529206310971938,0.7572363402786142
2.0,FUSION,7.428571428571429,0.013609538720944237,0.9970588235294118,0.715394156319195,0.02529206310971938,0.7572363402786142
2.0,FUSION,7.357142857142858,0.014051146172066322,0.9971509971509972,0.715394156319195,0.02529206310971938,0.7572363402786142
2.0,FUSION,7.285714285714286,0.014492753623188406,0.9972375690607734,0.715394156319195,0.02529206310971938,0.7572363402786142
2.0,FUSION,7.214285714285714,0.015215383997751816,0.9973684210526316,0.715394156319195,0.02529206310971938,0.7572363402786142
2.0,FUSION,7.142857142857143,0.01585772210847485,0.9974747474747475,0.715394156319195,0.02529206310971938,0.7572363402786142
2.0,FUSION,7.071428571428571,0.016299329559596933,0.9975429975429976,0.715394156319195,0.02529206310971938,0.7572363402786142
2.0,FUSION,7.0,0.017222690593761292,0.9976744186046511,0.715394156319195,0.02529206310971938,0.7572363402786142
2.0,FUSION,6.928571428571429,0.01818619775984584,0.9977973568281938,0.715394156319195,0.02529206310971938,0.7572363402786142
2.0,FUSION,6.857142857142858,0.019029266530169817,0.9978947368421053,0.715394156319195,0.02529206310971938,0.7572363402786142
2.0,FUSION,6.785714285714286,0.019952627564334177,0.9979919678714859,0.715394156319195,0.02529206310971938,0.7572363402786142
2.0,FUSION,6.714285714285714,0.021036573126179292,0.9980952380952381,0.715394156319195,0.02529206310971938,0.7572363402786142
2.0,FUSION,6.642857142857143,0.021598618973061947,0.9962962962962963,0.715394156319195,0.02529206310971938,0.7572363402786142
2.0,FUSION,6.571428571428571,0.02264241840298687,0.9964664310954063,0.715394156319195,0.02529206310971938,0.7572363402786142
2.0,FUSION,6.5,0.023967240756353127,0.996661101836394,0.715394156319195,0.02529206310971938,0.7572363402786142
2.0,FUSION,6.428571428571429,0.02505118631819824,0.9968051118210862,0.715394156319195,0.02529206310971938,0.7572363402786142
2.0,FUSION,6.357142857142858,0.02609498574812317,0.9938837920489296,0.715394156319195,0.02529206310971938,0.7572363402786142
2.0,FUSION,6.285714285714286,0.02745995423340961,0.9941860465116279,0.715394156319195,0.02529206310971938,0.7572363402786142
2.0,FUSION,6.214285714285714,0.029025653378297,0.9944979367262724,0.715394156319195,0.02529206310971938,0.7572363402786142
2.0,FUSION,6.142857142857143,0.02990886828054117,0.9933333333333333,0.715394156319195,0.02529206310971938,0.7572363402786142
2.0,FUSION,6.071428571428571,0.03151471355734875,0.9911616161616161,0.715394156319195,0.02529206310971938,0.7572363402786142
2.0,FUSION,6.0,0.032759243646874624,0.991494532199271,0.715394156319195,0.02529206310971938,0.7572363402786142
2.0,FUSION,5.928571428571429,0.03408406600024088,0.991822429906542,0.715394156319195,0.02529206310971938,0.7572363402786142
2.0,FUSION,5.857142857142858,0.035609619013208076,0.9921700223713646,0.715394156319195,0.02529206310971938,0.7572363402786142
2.0,FUSION,5.7857142857142865,0.03697458749849452,0.9924568965517241,0.715394156319195,0.02529206310971938,0.7572363402786142
2.0,FUSION,5.714285714285714,0.03882130956682324,0.9928131416837782,0.715394156319195,0.02529206310971938,0.7572363402786142
2.0,FUSION,5.642857142857142,0.04094905455859328,0.9931840311587147,0.715394156319195,0.02529206310971938,0.7572363402786142
2.0,FUSION,5.571428571428571,0.043357822473804646,0.9935602575896965,0.715394156319195,0.02529206310971938,0.7572363402786142
2.0,FUSION,5.5,0.046168051708217916,0.9939498703543648,0.715394156319195,0.02529206310971938,0.7572363402786142
2.0,FUSION,5.428571428571429,0.048376088963828334,0.9942244224422442,0.715394156319195,0.02529206310971938,0.7572363402786142
2.0,FUSION,5.357142857142858,0.050784856879039705,0.9921568627450981,0.715394156319195,0.02529206310971938,0.7572363402786142
2.0,FUSION,5.2857142857142865,0.05331406319001164,0.992526158445441,0.715394156319195,0.02529206310971938,0.7572363402786142
2.0,FUSION,5.214285714285714,0.056525753743626804,0.9922480620155039,0.715394156319195,0.02529206310971938,0.7572363402786142
2.0,FUSION,5.142857142857143,0.059496567505720827,0.9919678714859438,0.715394156319195,0.02529206310971938,0.7572363402786142
2.0,FUSION,5.071428571428571,0.06262796579549561,0.9911054637865311,0.715394156319195,0.02529206310971938,0.7572363402786142
2.0,FUSION,5.0,0.06539804889798868,0.9896719319562576,0.715394156319195,0.02529206310971938,0.7572363402786142
2.0,FUSION,4.928571428571429,0.06828857039624232,0.9883788495061011,0.715394156319195,0.02529206310971938,0.7572363402786142
2.0,FUSION,4.857142857142858,0.07186157613713919,0.9873138444567016,0.715394156319195,0.02529206310971938,0.7572363402786142
2.0,FUSION,4.7857142857142865,0.07499297442691397,0.986272439281943,0.715394156319195,0.02529206310971938,0.7572363402786142
2.0,FUSION,4.714285714285714,0.07844554177205026,0.9863705199394245,0.715394156319195,0.02529206310971938,0.7572363402786142
2.0,FUSION,4.642857142857143,0.08217913204062789,0.9869816779170685,0.715394156319195,0.02529206310971938,0.7572363402786142
2.0,FUSION,4.571428571428571,0.08599301457304588,0.9861878453038674,0.715394156319195,0.02529206310971938,0.7572363402786142
2.0,FUSION,4.5,0.0897667509735437,0.9867608120035305,0.715394156319195,0.02529206310971938,0.7572363402786142
2.0,FUSION,4.428571428571429,0.09382151029748284,0.986492190797805,0.715394156319195,0.02529206310971938,0.7572363402786142
2.0,FUSION,4.357142857142858,0.09775583122566141,0.985032362459547,0.715394156319195,0.02529206310971938,0.7572363402786142
2.0,FUSION,4.2857142857142865,0.10245292866032357,0.9838087895142636,0.715394156319195,0.02529206310971938,0.7572363402786142
2.0,FUSION,4.214285714285714,0.10682885703962423,0.9826440177252584,0.715394156319195,0.02529206310971938,0.7572363402786142
2.0,FUSION,4.142857142857143,0.11212814645308924,0.9820675105485233,0.715394156319195,0.02529206310971938,0.7572363402786142
2.0,FUSION,4.071428571428571,0.11786904331767634,0.9806279225116901,0.715394156319195,0.02529206310971938,0.7572363402786142
2.0,FUSION,4.0,0.12296760207154041,0.9773452456924059,0.715394156319195,0.02529206310971938,0.7572363402786142
2.0,FUSION,3.928571428571429,0.12822674535308523,0.9746719560573696,0.715394156319195,0.02529206310971938,0.7572363402786142
2.0,FUSION,3.8571428571428577,0.13348588863463004,0.9722222222222222,0.715394156319195,0.02529206310971938,0.7572363402786142
2.0,FUSION,3.7857142857142856,0.138985908707696,0.9711079943899018,0.715394156319195,0.02529206310971938,0.7572363402786142
2.0,FUSION,3.7142857142857144,0.14565016660644747,0.969017094017094,0.715394156319195,0.02529206310971938,0.7572363402786142
2.0,FUSION,3.6428571428571432,0.15175237865831628,0.9657639243740419,0.715394156319195,0.02529206310971938,0.7572363402786142
2.0,FUSION,3.571428571428572,0.15805532136978603,0.961181640625,0.715394156319195,0.02529206310971938,0.7572363402786142
2.0,FUSION,3.5,0.16484001766429804,0.956663560111836,0.715394156319195,0.02529206310971938,0.7572363402786142
2.0,FUSION,3.428571428571429,0.17086193745232647,0.9525514771709938,0.715394156319195,0.02529206310971938,0.7572363402786142
2.0,FUSION,3.3571428571428577,0.1772451724276366,0.9482388316151202,0.715394156319195,0.02529206310971938,0.7572363402786142
2.0,FUSION,3.2857142857142856,0.18386928419446785,0.9453044375644994,0.715394156319195,0.02529206310971938,0.7572363402786142
2.0,FUSION,3.2142857142857144,0.1901722269059376,0.9417495029821074,0.715394156319195,0.02529206310971938,0.7572363402786142
2.0,FUSION,3.1428571428571432,0.19703721546429,0.9380733944954128,0.715394156319195,0.02529206310971938,0.7572363402786142
2.0,FUSION,3.071428571428572,0.20297884298847807,0.9328413284132842,0.715394156319195,0.02529206310971938,0.7572363402786142
2.0,FUSION,3.0,0.20984383154683045,0.9294096728307255,0.715394156319195,0.02529206310971938,0.7572363402786142
2.0,FUSION,2.928571428571429,0.21566502067525795,0.9233413544173256,0.715394156319195,0.02529206310971938,0.7572363402786142
2.0,FUSION,2.8571428571428577,0.2222891324420892,0.9185467816854678,0.715394156319195,0.02529206310971938,0.7572363402786142
2.0,FUSION,2.7857142857142856,0.2287928058131599,0.9127162075592569,0.715394156319195,0.02529206310971938,0.7572363402786142
2.0,FUSION,2.7142857142857144,0.2345738488096672,0.906875679031507,0.715394156319195,0.02529206310971938,0.7572363402786142
2.0,FUSION,2.6428571428571432,0.24196073708298205,0.8990155131264916,0.715394156319195,0.02529206310971938,0.7572363402786142
2.0,FUSION,2.571428571428572,0.24878557950941427,0.8926822241428983,0.715394156319195,0.02529206310971938,0.7572363402786142
2.0,FUSION,2.5,0.2560520293869686,0.8854643898375677,0.715394156319195,0.02529206310971938,0.7572363402786142
2.0,FUSION,2.428571428571429,0.2636396483198844,0.8795874631663542,0.715394156319195,0.02529206310971938,0.7572363402786142
2.0,FUSION,2.3571428571428577,0.2708659520655185,0.8713676869430453,0.715394156319195,0.02529206310971938,0.7572363402786142
2.0,FUSION,2.2857142857142865,0.2799389778794813,0.8646001239925605,0.715394156319195,0.02529206310971938,0.7572363402786142
2.0,FUSION,2.2142857142857144,0.29021638765104985,0.8545927414588013,0.715394156319195,0.02529206310971938,0.7572363402786142
2.0,FUSION,2.1428571428571432,0.30181861977598456,0.8461451885199774,0.715394156319195,0.02529206310971938,0.7572363402786142
2.0,FUSION,2.071428571428572,0.3155485968926894,0.8367933567550303,0.715394156319195,0.02529206310971938,0.7572363402786142
2.0,FUSION,2.0,0.3293990124051548,0.8274505849132715,0.715394156319195,0.02529206310971938,0.7572363402786142
2.0,FUSION,1.9285714285714288,0.34509614998594884,0.8140151515151515,0.715394156319195,0.02529206310971938,0.7572363402786142
2.0,FUSION,1.8571428571428577,0.3605524107752218,0.7987371042333689,0.715394156319195,0.02529206310971938,0.7572363402786142
2.0,FUSION,1.7857142857142865,0.3785780240073869,0.7827025232403718,0.715394156319195,0.02529206310971938,0.7572363402786142
2.0,FUSION,1.7142857142857144,0.3988518206270826,0.7621787495205217,0.715394156319195,0.02529206310971938,0.7572363402786142
2.0,FUSION,1.6428571428571432,0.4196876630936609,0.7375996613278769,0.715394156319195,0.02529206310971938,0.7572363402786142
2.0,FUSION,1.571428571428572,0.44301256573929104,0.7099659010487036,0.715394156319195,0.02529206310971938,0.7572363402786142
2.0,FUSION,1.5,0.4679031675298085,0.6787211740041929,0.715394156319195,0.02529206310971938,0.7572363402786142
2.0,FUSION,1.4285714285714288,0.49452005299289414,0.6473617826361152,0.715394156319195,0.02529206310971938,0.7572363402786142
2.0,FUSION,1.3571428571428577,0.5208960616644587,0.6144629664709226,0.715394156319195,0.02529206310971938,0.7572363402786142
2.0,FUSION,1.2857142857142865,0.5437392107270465,0.5785808876927677,0.715394156319195,0.02529206310971938,0.7572363402786142
2.0,FUSION,1.2142857142857144,0.5695933196836485,0.5431437102825205,0.715394156319195,0.02529206310971938,0.7572363402786142
2.0,FUSION,1.1428571428571432,0.593841583363443,0.5086307681727529,0.715394156319195,0.02529206310971938,0.7572363402786142
2.0,FUSION,1.071428571428572,0.6171263398771528,0.4741517581739667,0.715394156319195,0.02529206310971938,0.7572363402786142
2.0,FUSION,1.0,0.6386446665863744,0.4387929607767419,0.715394156319195,0.02529206310971938,0.7572363402786142
2.0,FUSION,0.9285714285714288,0.6580753944357461,0.4064568920627836,0.715394156319195,0.02529206310971938,0.7572363402786142
2.0,FUSION,0.8571428571428577,0.6768236380424746,0.37574663457252383,0.715394156319195,0.02529206310971938,0.7572363402786142
2.0,FUSION,0.7857142857142865,0.6930426753382312,0.3477849185083708,0.715394156319195,0.02529206310971938,0.7572363402786142
2.0,FUSION,0.7142857142857144,0.706571921795335,0.3203786292891599,0.715394156319195,0.02529206310971938,0.7572363402786142
2.0,FUSION,0.6428571428571432,0.7178931309968285,0.29574133796411145,0.715394156319195,0.02529206310971938,0.7572363402786142
2.0,FUSION,0.5714285714285721,0.7285720020875989,0.27332148558691527,0.715394156319195,0.02529206310971938,0.7572363402786142
2.0,FUSION,0.5,0.7370026897908386,0.25268402796894784,0.715394156319195,0.02529206310971938,0.7572363402786142
2.0,FUSION,0.4285714285714288,0.7448311855152756,0.23444746319580465,0.715394156319195,0.02529206310971938,0.7572363402786142
2.0,FUSION,0.35714285714285765,0.7505720823798627,0.21801644218995977,0.715394156319195,0.02529206310971938,0.7572363402786142
2.0,FUSION,0.2857142857142865,0.7551085952868442,0.2034197092922651,0.715394156319195,0.02529206310971938,0.7572363402786142
2.0,FUSION,0.2142857142857144,0.759323939138464,0.19118182185743743,0.715394156319195,0.02529206310971938,0.7572363402786142
2.0,FUSION,0.14285714285714324,0.7618531454494359,0.17999620601346866,0.715394156319195,0.02529206310971938,0.7572363402786142
2.0,FUSION,0.07142857142857206,0.7639407443092858,0.17072798722388702,0.715394156319195,0.02529206310971938,0.7572363402786142
2.0,FUSION,0.0,0.7655867357180136,0.16262173178926542,0.715394156319195,0.02529206310971938,0.7572363402786142
2.0,FUSION,-0.07142857142857117,0.7657874663776145,0.15826198061861144,0.715394156319195,0.02529206310971938,0.7572363402786142
2.0,FUSION,-0.14285714285714235,0.7661487815648962,0.1546189619691151,0.715394156319195,0.02529206310971938,0.7572363402786142
2.0,FUSION,-0.21428571428571352,0.7663896583564174,0.1514166058567848,0.715394156319195,0.02529206310971938,0.7572363402786142
2.0,FUSION,-0.2857142857142847,0.7664298044883375,0.14886234268515197,0.715394156319195,0.02529206310971938,0.7572363402786142
2.0,FUSION,-0.3571428571428559,0.7665502428840981,0.14667721640535578,0.715394156319195,0.02529206310971938,0.7572363402786142
2.0,FUSION,-0.4285714285714288,0.7665502428840981,0.1449018000789242,0.715394156319195,0.02529206310971938,0.7572363402786142
2.0,FUSION,-0.5,0.7665502428840981,0.14351427325887287,0.715394156319195,0.02529206310971938,0.7572363402786142
4.0,GAUSSIAN_STARLET,8.0,0.003003378801151295,1.0,0.7512693516987533,0.011888374421223877,0.7860092604179703
4.0,GAUSSIAN_STARLET,7.928571428571429,0.003128519584532599,1.0,0.7512693516987533,0.011888374421223877,0.7860092604179703
4.0,GAUSSIAN_STARLET,7.857142857142857,0.003128519584532599,1.0,0.7512693516987533,0.011888374421223877,0.7860092604179703
4.0,GAUSSIAN_STARLET,7.785714285714286,0.003754223501439119,1.0,0.7512693516987533,0.011888374421223877,0.7860092604179703
4.0,GAUSSIAN_STARLET,7.714285714285714,0.004004505068201727,1.0,0.7512693516987533,0.011888374421223877,0.7860092604179703
4.0,GAUSSIAN_STARLET,7.642857142857143,0.004004505068201727,1.0,0.7512693516987533,0.011888374421223877,0.7860092604179703
4.0,GAUSSIAN_STARLET,7.571428571428571,0.004254786634964335,1.0,0.7512693516987533,0.011888374421223877,0.7860092604179703
4.0,GAUSSIAN_STARLET,7.5,0.004379927418345639,1.0,0.7512693516987533,0.011888374421223877,0.7860092604179703
4.0,GAUSSIAN_STARLET,7.428571428571429,0.0047553497684895505,1.0,0.7512693516987533,0.011888374421223877,0.7860092604179703
4.0,GAUSSIAN_STARLET,7.357142857142858,0.0050056313352521585,1.0,0.7512693516987533,0.011888374421223877,0.7860092604179703
4.0,GAUSSIAN_STARLET,7.285714285714286,0.005506194468777374,1.0,0.7512693516987533,0.011888374421223877,0.7860092604179703
4.0,GAUSSIAN_STARLET,7.214285714285714,0.005631335252158679,1.0,0.7512693516987533,0.011888374421223877,0.7860092604179703
4.0,GAUSSIAN_STARLET,7.142857142857143,0.005756476035539982,1.0,0.7512693516987533,0.011888374421223877,0.7860092604179703
4.0,GAUSSIAN_STARLET,7.071428571428571,0.00600675760230259,1.0,0.7512693516987533,0.011888374421223877,0.7860092604179703
4.0,GAUSSIAN_STARLET,7.0,0.006131898385683895,1.0,0.7512693516987533,0.011888374421223877,0.7860092604179703
4.0,GAUSSIAN_STARLET,6.928571428571429,0.00663246151920911,1.0,0.7512693516987533,0.011888374421223877,0.7860092604179703
4.0,GAUSSIAN_STARLET,6.857142857142858,0.006882743085971718,1.0,0.7512693516987533,0.011888374421223877,0.7860092604179703
4.0,GAUSSIAN_STARLET,6.785714285714286,0.007133024652734326,1.0,0.7512693516987533,0.011888374421223877,0.7860092604179703
4.0,GAUSSIAN_STARLET,6.714285714285714,0.007508447002878238,1.0,0.7512693516987533,0.011888374421223877,0.7860092604179703
4.0,GAUSSIAN_STARLET,6.642857142857143,0.008259291703166062,1.0,0.7512693516987533,0.011888374421223877,0.7860092604179703
4.0,GAUSSIAN_STARLET,6.571428571428571,0.008384432486547366,1.0,0.7512693516987533,0.011888374421223877,0.7860092604179703
4.0,GAUSSIAN_STARLET,6.5,0.008759854836691278,1.0,0.7512693516987533,0.011888374421223877,0.7860092604179703
4.0,GAUSSIAN_STARLET,6.428571428571429,0.009385558753597797,1.0,0.7512693516987533,0.011888374421223877,0.7860092604179703
4.0,GAUSSIAN_STARLET,6.357142857142858,0.009886121887123013,1.0,0.7512693516987533,0.011888374421223877,0.7860092604179703
4.0,GAUSSIAN_STARLET,6.285714285714286,0.010762107370792142,1.0,0.7512693516987533,0.011888374421223877,0.7860092604179703
4.0,GAUSSIAN_STARLET,6.214285714285714,0.011512952071079965,1.0,0.7512693516987533,0.011888374421223877,0.7860092604179703
4.0,GAUSSIAN_STARLET,6.142857142857143,0.01201351520460518,1.0,0.7512693516987533,0.011888374421223877,0.7860092604179703
4.0,GAUSSIAN_STARLET,6.071428571428571,0.0126392191215117,1.0,0.7512693516987533,0.011888374421223877,0.7860092604179703
4.0,GAUSSIAN_STARLET,6.0,0.013515204605180828,1.0,0.7512693516987533,0.011888374421223877,0.7860092604179703
4.0,GAUSSIAN_STARLET,5.928571428571429,0.01451633087223126,1.0,0.7512693516987533,0.011888374421223877,0.7860092604179703
4.0,GAUSSIAN_STARLET,5.857142857142858,0.01514203478913778,1.0,0.7512693516987533,0.011888374421223877,0.7860092604179703
4.0,GAUSSIAN_STARLET,5.7857142857142865,0.016268301839569517,1.0,0.7512693516987533,0.011888374421223877,0.7860092604179703
4.0,GAUSSIAN_STARLET,5.714285714285714,0.016643724189713428,1.0,0.7512693516987533,0.011888374421223877,0.7860092604179703
4.0,GAUSSIAN_STARLET,5.642857142857142,0.017519709673382556,1.0,0.7512693516987533,0.011888374421223877,0.7860092604179703
4.0,GAUSSIAN_STARLET,5.571428571428571,0.01864597672381429,1.0,0.7512693516987533,0.011888374421223877,0.7860092604179703
4.0,GAUSSIAN_STARLET,5.5,0.020147666124389937,1.0,0.7512693516987533,0.011888374421223877,0.7860092604179703
4.0,GAUSSIAN_STARLET,5.428571428571429,0.020898510824677762,1.0,0.7512693516987533,0.011888374421223877,0.7860092604179703
4.0,GAUSSIAN_STARLET,5.357142857142858,0.0221499186584908,1.0,0.7512693516987533,0.011888374421223877,0.7860092604179703
4.0,GAUSSIAN_STARLET,5.2857142857142865,0.02402703040921036,1.0,0.7512693516987533,0.011888374421223877,0.7860092604179703
4.0,GAUSSIAN_STARLET,5.214285714285714,0.025779001376548618,1.0,0.7512693516987533,0.011888374421223877,0.7860092604179703
4.0,GAUSSIAN_STARLET,5.142857142857143,0.027280690777124264,1.0,0.7512693516987533,0.011888374421223877,0.7860092604179703
4.0,GAUSSIAN_STARLET,5.071428571428571,0.028782380177699914,0.9956709956709957,0.7512693516987533,0.011888374421223877,0.7860092604179703
4.0,GAUSSIAN_STARLET,5.0,0.02990864722813165,0.9958333333333333,0.7512693516987533,0.011888374421223877,0.7860092604179703
4.0,GAUSSIAN_STARLET,4.928571428571429,0.0314103366287073,0.996031746031746,0.7512693516987533,0.011888374421223877,0.7860092604179703
4.0,GAUSSIAN_STARLET,4.857142857142858,0.03241146289575773,0.9961538461538462,0.7512693516987533,0.011888374421223877,0.7860092604179703
4.0,GAUSSIAN_STARLET,4.7857142857142865,0.035414841696909026,0.9964788732394366,0.7512693516987533,0.011888374421223877,0.7860092604179703
4.0,GAUSSIAN_STARLET,4.714285714285714,0.037917657364535104,0.9967105263157895,0.7512693516987533,0.011888374421223877,0.7860092604179703
4.0,GAUSSIAN_STARLET,4.642857142857143,0.03941934676511075,0.9936908517350158,0.7512693516987533,0.011888374421223877,0.7860092604179703
4.0,GAUSSIAN_STARLET,4.571428571428571,0.041171317732449,0.9939577039274925,0.7512693516987533,0.011888374421223877,0.7860092604179703
4.0,GAUSSIAN_STARLET,4.5,0.043423851833312474,0.994269340974212,0.7512693516987533,0.011888374421223877,0.7860092604179703
4.0,GAUSSIAN_STARLET,4.428571428571429,0.04692779376798899,0.9920634920634921,0.7512693516987533,0.011888374421223877,0.7860092604179703
4.0,GAUSSIAN_STARLET,4.357142857142858,0.05105743961957202,0.9902912621359223,0.7512693516987533,0.011888374421223877,0.7860092604179703
4.0,GAUSSIAN_STARLET,4.2857142857142865,0.0535602552871981,0.9907407407407407,0.7512693516987533,0.011888374421223877,0.7860092604179703
4.0,GAUSSIAN_STARLET,4.214285714285714,0.055687648604680264,0.9910913140311804,0.7512693516987533,0.011888374421223877,0.7860092604179703
4.0,GAUSSIAN_STARLET,4.142857142857143,0.05831560505568765,0.9914893617021276,0.7512693516987533,0.011888374421223877,0.7860092604179703
4.0,GAUSSIAN_STARLET,4.071428571428571,0.062320110123889376,0.9861386138613861,0.7512693516987533,0.011888374421223877,0.7860092604179703
4.0,GAUSSIAN_STARLET,4.0,0.06707545989237892,0.9816849816849816,0.7512693516987533,0.011888374421223877,0.7860092604179703
4.0,GAUSSIAN_STARLET,3.928571428571429,0.07158052809410587,0.9794520547945206,0.7512693516987533,0.011888374421223877,0.7860092604179703
4.0,GAUSSIAN_STARLET,3.8571428571428577,0.07596045551245151,0.9806138933764136,0.7512693516987533,0.011888374421223877,0.7860092604179703
4.0,GAUSSIAN_STARLET,3.7857142857142856,0.08071580528094106,0.9787556904400607,0.7512693516987533,0.011888374421223877,0.7860092604179703
4.0,GAUSSIAN_STARLET,3.7142857142857144,0.085220873482668,0.978448275862069,0.7512693516987533,0.011888374421223877,0.7860092604179703
4.0,GAUSSIAN_STARLET,3.6428571428571432,0.0914779126517332,0.9772727272727273,0.7512693516987533,0.011888374421223877,0.7860092604179703
4.0,GAUSSIAN_STARLET,3.571428571428572,0.09623326242022275,0.97712833545108,0.7512693516987533,0.011888374421223877,0.7860092604179703
4.0,GAUSSIAN_STARLET,3.5,0.10386685020648229,0.9730363423212193,0.7512693516987533,0.011888374421223877,0.7860092604179703
4.0,GAUSSIAN_STARLET,3.428571428571429,0.11375297209360531,0.9711538461538461,0.7512693516987533,0.011888374421223877,0.7860092604179703
4.0,GAUSSIAN_STARLET,3.3571428571428577,0.12038543361281441,0.9668341708542714,0.7512693516987533,0.011888374421223877,0.7860092604179703
4.0,GAUSSIAN_STARLET,3.2857142857142856,0.12876986609936178,0.9607843137254902,0.7512693516987533,0.011888374421223877,0.7860092604179703
4.0,GAUSSIAN_STARLET,3.2142857142857144,0.13677887623576523,0.9587719298245614,0.7512693516987533,0.011888374421223877,0.7860092604179703
4.0,GAUSSIAN_STARLET,3.1428571428571432,0.14628957577274435,0.9535073409461664,0.7512693516987533,0.011888374421223877,0.7860092604179703
4.0,GAUSSIAN_STARLET,3.071428571428572,0.15667626079339256,0.9484848484848485,0.7512693516987533,0.011888374421223877,0.7860092604179703
4.0,GAUSSIAN_STARLET,3.0,0.16781379051432863,0.9430379746835443,0.7512693516987533,0.011888374421223877,0.7860092604179703
4.0,GAUSSIAN_STARLET,2.928571428571429,0.18120385433612815,0.9390402075226978,0.7512693516987533,0.011888374421223877,0.7860092604179703
4.0,GAUSSIAN_STARLET,2.8571428571428577,0.19471905894130898,0.9345345345345345,0.7512693516987533,0.011888374421223877,0.7860092604179703
4.0,GAUSSIAN_STARLET,2.7857142857142856,0.21048679764735329,0.9292817679558011,0.7512693516987533,0.011888374421223877,0.7860092604179703
4.0,GAUSSIAN_STARLET,2.7142857142857144,0.22537855086972844,0.9216990788126919,0.7512693516987533,0.011888374421223877,0.7860092604179703
4.0,GAUSSIAN_STARLET,2.6428571428571432,0.2432736828932549,0.9152542372881356,0.7512693516987533,0.011888374421223877,0.7860092604179703
4.0,GAUSSIAN_STARLET,2.571428571428572,0.26079339256663747,0.902946273830156,0.7512693516987533,0.011888374421223877,0.7860092604179703
4.0,GAUSSIAN_STARLET,2.5,0.28019021399073957,0.8909669717469161,0.7512693516987533,0.011888374421223877,0.7860092604179703
4.0,GAUSSIAN_STARLET,2.428571428571429,0.3000875985483669,0.8809698750918442,0.7512693516987533,0.011888374421223877,0.7860092604179703
4.0,GAUSSIAN_STARLET,2.3571428571428577,0.3222375172068577,0.8705206220419203,0.7512693516987533,0.011888374421223877,0.7860092604179703
4.0,GAUSSIAN_STARLET,2.2857142857142865,0.343761731948442,0.8488875154511742,0.7512693516987533,0.011888374421223877,0.7860092604179703
4.0,GAUSSIAN_STARLET,2.2142857142857144,0.36753848079088974,0.8362756264236902,0.7512693516987533,0.011888374421223877,0.7860092604179703
4.0,GAUSSIAN_STARLET,2.1428571428571432,0.39231635590038794,0.8183241973375098,0.7512693516987533,0.011888374421223877,0.7860092604179703
4.0,GAUSSIAN_STARLET,2.071428571428572,0.4159679639594544,0.798846431146359,0.7512693516987533,0.011888374421223877,0.7860092604179703
4.0,GAUSSIAN_STARLET,2.0,0.4441246402202478,0.7753987327944069,0.7512693516987533,0.011888374421223877,0.7860092604179703
4.0,GAUSSIAN_STARLET,1.9285714285714288,0.4694030784632712,0.747211155378486,0.7512693516987533,0.011888374421223877,0.7860092604179703
4.0,GAUSSIAN_STARLET,1.8571428571428577,0.49981228882492806,0.7219812002892263,0.7512693516987533,0.011888374421223877,0.7860092604179703
4.0,GAUSSIAN_STARLET,1.7857142857142865,0.5258415717682393,0.6920289855072463,0.7512693516987533,0.011888374421223877,0.7860092604179703
4.0,GAUSSIAN_STARLET,1.7142857142857144,0.5548742335127018,0.6621863799283154,0.7512693516987533,0.011888374421223877,0.7860092604179703
4.0,GAUSSIAN_STARLET,1.6428571428571432,0.5773995745213365,0.6286960076304674,0.7512693516987533,0.011888374421223877,0.7860092604179703
4.0,GAUSSIAN_STARLET,1.571428571428572,0.6005506194468777,0.5981553035024305,0.7512693516987533,0.011888374421223877,0.7860092604179703
4.0,GAUSSIAN_STARLET,1.5,0.6238268051558002,0.5645526613816535,0.7512693516987533,0.011888374421223877,0.7860092604179703
4.0,GAUSSIAN_STARLET,1.4285714285714288,0.6471029908647228,0.5328730420445177,0.7512693516987533,0.011888374421223877,0.7860092604179703
4.0,GAUSSIAN_STARLET,1.3571428571428577,0.6649981228882493,0.49920150305307653,0.7512693516987533,0.011888374421223877,0.7860092604179703
4.0,GAUSSIAN_STARLET,1.2857142857142865,0.6841446627455888,0.46750470326663246,0.7512693516987533,0.011888374421223877,0.7860092604179703
4.0,GAUSSIAN_STARLET,1.2142857142857144,0.7019146539857339,0.43571816981278644,0.7512693516987533,0.011888374421223877,0.7860092604179703
4.0,GAUSSIAN_STARLET,1.1428571428571432,0.7164309848579652,0.4038515801354402,0.7512693516987533,0.011888374421223877,0.7860092604179703
4.0,GAUSSIAN_STARLET,1.071428571428572,0.7283193592791891,0.37231320368474924,0.7512693516987533,0.011888374421223877,0.7860092604179703
4.0,GAUSSIAN_STARLET,1.0,0.7403328744837943,0.34588400374181477,0.7512693516987533,0.011888374421223877,0.7860092604179703
4.0,GAUSSIAN_STARLET,0.9285714285714288,0.7507195595044425,0.3199807979517815,0.7512693516987533,0.011888374421223877,0.7860092604179703
4.0,GAUSSIAN_STARLET,0.8571428571428577,0.7586034288574647,0.2952895903356228,0.7512693516987533,0.011888374421223877,0.7860092604179703
4.0,GAUSSIAN_STARLET,0.7857142857142865,0.7661118758603429,0.27352336699133234,0.7512693516987533,0.011888374421223877,0.7860092604179703
4.0,GAUSSIAN_STARLET,0.7142857142857144,0.7726191965961707,0.254199604743083,0.7512693516987533,0.011888374421223877,0.7860092604179703
4.0,GAUSSIAN_STARLET,0.6428571428571432,0.7780002502815667,0.23645076636367093,0.7512693516987533,0.011888374421223877,0.7860092604179703
4.0,GAUSSIAN_STARLET,0.5714285714285721,0.7811287698660994,0.21943331224073684,0.7512693516987533,0.011888374421223877,0.7860092604179703
4.0,GAUSSIAN_STARLET,0.5,0.7843824302340132,0.20450911938399297,0.7512693516987533,0.011888374421223877,0.7860092604179703
4.0,GAUSSIAN_STARLET,0.4285714285714288,0.7862595419847328,0.1909088146820212,0.7512693516987533,0.011888374421223877,0.7860092604179703
4.0,GAUSSIAN_STARLET,0.35714285714285765,0.7881366537354524,0.1786159954622802,0.7512693516987533,0.011888374421223877,0.7860092604179703
4.0,GAUSSIAN_STARLET,0.2857142857142865,0.7902640470529345,0.1682833235623301,0.7512693516987533,0.011888374421223877,0.7860092604179703
4.0,GAUSSIAN_STARLET,0.2142857142857144,0.791265173319985,0.1584275011901481,0.7512693516987533,0.011888374421223877,0.7860092604179703
4.0,GAUSSIAN_STARLET,0.14285714285714324,0.7926417219371793,0.15022650190925693,0.7512693516987533,0.011888374421223877,0.7860092604179703
4.0,GAUSSIAN_STARLET,0.07142857142857206,0.7936428482042298,0.14303112313937755,0.7512693516987533,0.011888374421223877,0.7860092604179703
4.0,GAUSSIAN_STARLET,0.0,0.7942685521211362,0.13680648359701686,0.7512693516987533,0.011888374421223877,0.7860092604179703
4.0,GAUSSIAN_STARLET,-0.07142857142857117,0.7942685521211362,0.13386623921709237,0.7512693516987533,0.011888374421223877,0.7860092604179703
4.0,GAUSSIAN_STARLET,-0.14285714285714235,0.7942685521211362,0.1311715956765247,0.7512693516987533,0.011888374421223877,0.7860092604179703
4.0,GAUSSIAN_STARLET,-0.21428571428571352,0.7943936929045176,0.1287548425045129,0.7512693516987533,0.011888374421223877,0.7860092604179703
4.0,GAUSSIAN_STARLET,-0.2857142857142847,0.7943936929045176,0.12679769894534995,0.7512693516987533,0.011888374421223877,0.7860092604179703
4.0,GAUSSIAN_STARLET,-0.3571428571428559,0.7943936929045176,0.1251601963761115,0.7512693516987533,0.011888374421223877,0.7860092604179703
4.0,GAUSSIAN_STARLET,-0.4285714285714288,0.7943936929045176,0.12378853766502214,0.7512693516987533,0.011888374421223877,0.7860092604179703
4.0,GAUSSIAN_STARLET,-0.5,0.7943936929045176,0.122588494293494,0.7512693516987533,0.011888374421223877,0.7860092604179703
4.0,MCALENS,8.0,0.011888374421223877,1.0,0.7372131476002813,0.011888374421223877,0.7860092604179703
4.0,MCALENS,7.928571428571429,0.012388937554749093,1.0,0.7372131476002813,0.011888374421223877,0.7860092604179703
4.0,MCALENS,7.857142857142857,0.0126392191215117,1.0,0.7372131476002813,0.011888374421223877,0.7860092604179703
4.0,MCALENS,7.785714285714286,0.01389062695532474,1.0,0.7372131476002813,0.011888374421223877,0.7860092604179703
4.0,MCALENS,7.714285714285714,0.01451633087223126,1.0,0.7372131476002813,0.011888374421223877,0.7860092604179703
4.0,MCALENS,7.642857142857143,0.015392316355900389,1.0,0.7372131476002813,0.011888374421223877,0.7860092604179703
4.0,MCALENS,7.571428571428571,0.016143161056188213,1.0,0.7372131476002813,0.011888374421223877,0.7860092604179703
4.0,MCALENS,7.5,0.017144287323238642,1.0,0.7372131476002813,0.011888374421223877,0.7860092604179703
4.0,MCALENS,7.428571428571429,0.01764485045676386,1.0,0.7372131476002813,0.011888374421223877,0.7860092604179703
4.0,MCALENS,7.357142857142858,0.019021399073958202,1.0,0.7372131476002813,0.011888374421223877,0.7860092604179703
4.0,MCALENS,7.285714285714286,0.019647102990864723,1.0,0.7372131476002813,0.011888374421223877,0.7860092604179703
4.0,MCALENS,7.214285714285714,0.02052308847453385,1.0,0.7372131476002813,0.011888374421223877,0.7860092604179703
4.0,MCALENS,7.142857142857143,0.022024777875109498,1.0,0.7372131476002813,0.011888374421223877,0.7860092604179703
4.0,MCALENS,7.071428571428571,0.02340132649230384,1.0,0.7372131476002813,0.011888374421223877,0.7860092604179703
4.0,MCALENS,7.0,0.02490301589287949,1.0,0.7372131476002813,0.011888374421223877,0.7860092604179703
4.0,MCALENS,6.928571428571429,0.027030409210361657,1.0,0.7372131476002813,0.011888374421223877,0.7860092604179703
4.0,MCALENS,6.857142857142858,0.028782380177699914,1.0,0.7372131476002813,0.011888374421223877,0.7860092604179703
4.0,MCALENS,6.785714285714286,0.030784632711800777,1.0,0.7372131476002813,0.011888374421223877,0.7860092604179703
4.0,MCALENS,6.714285714285714,0.03191089976223251,1.0,0.7372131476002813,0.011888374421223877,0.7860092604179703
4.0,MCALENS,6.642857142857143,0.03316230759604555,1.0,0.7372131476002813,0.011888374421223877,0.7860092604179703
4.0,MCALENS,6.571428571428571,0.034288574646477284,1.0,0.7372131476002813,0.011888374421223877,0.7860092604179703
4.0,MCALENS,6.5,0.03616568639719685,1.0,0.7372131476002813,0.011888374421223877,0.7860092604179703
4.0,MCALENS,6.428571428571429,0.0377925165811538,0.9966996699669967,0.7372131476002813,0.011888374421223877,0.7860092604179703
4.0,MCALENS,6.357142857142858,0.039294205981729446,0.9968253968253968,0.7372131476002813,0.011888374421223877,0.7860092604179703
4.0,MCALENS,6.285714285714286,0.04142159929921161,0.9969879518072289,0.7372131476002813,0.011888374421223877,0.7860092604179703
4.0,MCALENS,6.214285714285714,0.04455011888374421,0.994413407821229,0.7372131476002813,0.011888374421223877,0.7860092604179703
4.0,MCALENS,6.142857142857143,0.04680265298460768,0.9946808510638298,0.7372131476002813,0.011888374421223877,0.7860092604179703
4.0,MCALENS,6.071428571428571,0.04968089100237767,0.9949874686716792,0.7372131476002813,0.011888374421223877,0.7860092604179703
4.0,MCALENS,6.0,0.05280941058691027,0.9929411764705882,0.7372131476002813,0.011888374421223877,0.7860092604179703
4.0,MCALENS,5.928571428571429,0.054811663121011135,0.9931972789115646,0.7372131476002813,0.011888374421223877,0.7860092604179703
4.0,MCALENS,5.857142857142858,0.05831560505568765,0.9936034115138592,0.7372131476002813,0.011888374421223877,0.7860092604179703
4.0,MCALENS,5.7857142857142865,0.061569265423601555,0.9939393939393939,0.7372131476002813,0.011888374421223877,0.7860092604179703
4.0,MCALENS,5.714285714285714,0.06444750344137154,0.9903846153846154,0.7372131476002813,0.011888374421223877,0.7860092604179703
4.0,MCALENS,5.642857142857142,0.06882743085971718,0.985663082437276,0.7372131476002813,0.011888374421223877,0.7860092604179703
4.0,MCALENS,5.571428571428571,0.072456513577775,0.9830220713073005,0.7372131476002813,0.011888374421223877,0.7860092604179703
4.0,MCALENS,5.5,0.07646101864597672,0.9823151125401929,0.7372131476002813,0.011888374421223877,0.7860092604179703
4.0,MCALENS,5.428571428571429,0.07946439744712802,0.9799382716049383,0.7372131476002813,0.011888374421223877,0.7860092604179703
4.0,MCALENS,5.357142857142858,0.08246777624827932,0.9777448071216617,0.7372131476002813,0.011888374421223877,0.7860092604179703
4.0,MCALENS,5.2857142857142865,0.08947566011763233,0.9781121751025992,0.7372131476002813,0.011888374421223877,0.7860092604179703
4.0,MCALENS,5.214285714285714,0.09373044675259667,0.9739921976592978,0.7372131476002813,0.011888374421223877,0.7860092604179703
4.0,MCALENS,5.142857142857143,0.09998748592166187,0.9720194647201946,0.7372131476002813,0.011888374421223877,0.7860092604179703
4.0,MCALENS,5.071428571428571,0.10687022900763359,0.9693530079455165,0.7372131476002813,0.011888374421223877,0.7860092604179703
4.0,MCALENS,5.0,0.11588036541108747,0.96760710553814,0.7372131476002813,0.011888374421223877,0.7860092604179703
4.0,MCALENS,4.928571428571429,0.12238768614691528,0.9664031620553359,0.7372131476002813,0.011888374421223877,0.7860092604179703
4.0,MCALENS,4.857142857142858,0.12851958453259918,0.9625117150890347,0.7372131476002813,0.011888374421223877,0.7860092604179703
4.0,MCALENS,4.7857142857142865,0.13415091978475785,0.9588550983899821,0.7372131476002813,0.011888374421223877,0.7860092604179703
4.0,MCALENS,4.714285714285714,0.14291077462144913,0.9556485355648535,0.7372131476002813,0.011888374421223877,0.7860092604179703
4.0,MCALENS,4.642857142857143,0.1507946439744713,0.9510655090765588,0.7372131476002813,0.011888374421223877,0.7860092604179703
4.0,MCALENS,4.571428571428571,0.15917907646101864,0.9471332836932241,0.7372131476002813,0.011888374421223877,0.7860092604179703
4.0,MCALENS,4.5,0.16881491678137905,0.9440167949615116,0.7372131476002813,0.011888374421223877,0.7860092604179703
4.0,MCALENS,4.428571428571429,0.17895132023526467,0.9420289855072463,0.7372131476002813,0.011888374421223877,0.7860092604179703
4.0,MCALENS,4.357142857142858,0.18896258290576898,0.939639079029247,0.7372131476002813,0.011888374421223877,0.7860092604179703
4.0,MCALENS,4.2857142857142865,0.20072581654361157,0.9374634716540035,0.7372131476002813,0.011888374421223877,0.7860092604179703
4.0,MCALENS,4.214285714285714,0.21248905018145414,0.932967032967033,0.7372131476002813,0.011888374421223877,0.7860092604179703
4.0,MCALENS,4.142857142857143,0.22325115755224628,0.9277171086843474,0.7372131476002813,0.011888374421223877,0.7860092604179703
4.0,MCALENS,4.071428571428571,0.23576523589037668,0.9208211143695014,0.7372131476002813,0.011888374421223877,0.7860092604179703
4.0,MCALENS,4.0,0.24677762482793142,0.9142327306444136,0.7372131476002813,0.011888374421223877,0.7860092604179703
4.0,MCALENS,3.928571428571429,0.26041797021649354,0.909925666812418,0.7372131476002813,0.011888374421223877,0.7860092604179703
4.0,MCALENS,3.8571428571428577,0.27380803403829307,0.9067550766680481,0.7372131476002813,0.011888374421223877,0.7860092604179703
4.0,MCALENS,3.7857142857142856,0.2888249280440496,0.9015625,0.7372131476002813,0.011888374421223877,0.7860092604179703
4.0,MCALENS,3.7142857142857144,0.30359154048304343,0.8902752293577981,0.7372131476002813,0.011888374421223877,0.7860092604179703
4.0,MCALENS,3.6428571428571432,0.3157301964710299,0.8818594896889199,0.7372131476002813,0.011888374421223877,0.7860092604179703
4.0,MCALENS,3.571428571428572,0.3308722312601677,0.8740495867768595,0.7372131476002813,0.011888374421223877,0.7860092604179703
4.0,MCALENS,3.5,0.3472656738831185,0.863947696139477,0.7372131476002813,0.011888374421223877,0.7860092604179703
4.0,MCALENS,3.428571428571429,0.3615317231885872,0.8570157223375853,0.7372131476002813,0.011888374421223877,0.7860092604179703
4.0,MCALENS,3.3571428571428577,0.3746715054436241,0.847678369195923,0.7372131476002813,0.011888374421223877,0.7860092604179703
4.0,MCALENS,3.2857142857142856,0.38630959829808537,0.8354533152909337,0.7372131476002813,0.011888374421223877,0.7860092604179703
4.0,MCALENS,3.2142857142857144,0.3980728319359279,0.8238798238798238,0.7372131476002813,0.011888374421223877,0.7860092604179703
4.0,MCALENS,3.1428571428571432,0.4103366287072957,0.8086313193588163,0.7372131476002813,0.011888374421223877,0.7860092604179703
4.0,MCALENS,3.071428571428572,0.42197472156175697,0.7954706298655343,0.7372131476002813,0.011888374421223877,0.7860092604179703
4.0,MCALENS,3.0,0.4322362657990239,0.7848216314473984,0.7372131476002813,0.011888374421223877,0.7860092604179703
4.0,MCALENS,2.928571428571429,0.4442497810036291,0.7717391304347826,0.7372131476002813,0.011888374421223877,0.7860092604179703
4.0,MCALENS,2.8571428571428577,0.45601301464147165,0.7569588699626091,0.7372131476002813,0.011888374421223877,0.7860092604179703
4.0,MCALENS,2.7857142857142856,0.464397447128019,0.7404229848363927,0.7372131476002813,0.011888374421223877,0.7860092604179703
4.0,MCALENS,2.7142857142857144,0.47253159804780376,0.7293799497778636,0.7372131476002813,0.011888374421223877,0.7860092604179703
4.0,MCALENS,2.6428571428571432,0.4834188462019772,0.7159006671608599,0.7372131476002813,0.011888374421223877,0.7860092604179703
4.0,MCALENS,2.571428571428572,0.491552997121762,0.7030606765706103,0.7372131476002813,0.011888374421223877,0.7860092604179703
4.0,MCALENS,2.5,0.49943686647478414,0.6879848302016893,0.7372131476002813,0.011888374421223877,0.7860092604179703
4.0,MCALENS,2.428571428571429,0.5079464397447128,0.6748129675810474,0.7372131476002813,0.011888374421223877,0.7860092604179703
4.0,MCALENS,2.3571428571428577,0.5153297459642098,0.6640864376713433,0.7372131476002813,0.011888374421223877,0.7860092604179703
4.0,MCALENS,2.2857142857142865,0.5250907270679515,0.654398003742982,0.7372131476002813,0.011888374421223877,0.7860092604179703
4.0,MCALENS,2.2142857142857144,0.5319734701539232,0.6418541446474407,0.7372131476002813,0.011888374421223877,0.7860092604179703
4.0,MCALENS,2.1428571428571432,0.5403579026404706,0.6296296296296297,0.7372131476002813,0.011888374421223877,0.7860092604179703
4.0,MCALENS,2.071428571428572,0.5507445876611188,0.6179443976411121,0.7372131476002813,0.011888374421223877,0.7860092604179703
4.0,MCALENS,2.0,0.5591290201476661,0.6027249426682855,0.7372131476002813,0.011888374421223877,0.7860092604179703
4.0,MCALENS,1.9285714285714288,0.5723939431860844,0.5882201646090535,0.7372131476002813,0.011888374421223877,0.7860092604179703
4.0,MCALENS,1.8571428571428577,0.5827806282067326,0.5730281776793404,0.7372131476002813,0.011888374421223877,0.7860092604179703
4.0,MCALENS,1.7857142857142865,0.5957952696783881,0.5566467905997895,0.7372131476002813,0.011888374421223877,0.7860092604179703
4.0,MCALENS,1.7142857142857144,0.6091853335001877,0.539569940146309,0.7372131476002813,0.011888374421223877,0.7860092604179703
4.0,MCALENS,1.6428571428571432,0.6218245526216994,0.5221183145949354,0.7372131476002813,0.011888374421223877,0.7860092604179703
4.0,MCALENS,1.571428571428572,0.6368414466274559,0.5039112783443905,0.7372131476002813,0.011888374421223877,0.7860092604179703
4.0,MCALENS,1.5,0.6484795394819172,0.48294501397949674,0.7372131476002813,0.011888374421223877,0.7860092604179703
4.0,MCALENS,1.4285714285714288,0.6642472781879615,0.46253049843150923,0.7372131476002813,0.011888374421223877,0.7860092604179703
4.0,MCALENS,1.3571428571428577,0.6765110749593293,0.43851395197923426,0.7372131476002813,0.011888374421223877,0.7860092604179703
4.0,MCALENS,1.2857142857142865,0.6892754348642223,0.41491525423728814,0.7372131476002813,0.011888374421223877,0.7860092604179703
4.0,MCALENS,1.2142857142857144,0.7014140908522087,0.3913559558720849,0.7372131476002813,0.011888374421223877,0.7860092604179703
4.0,MCALENS,1.1428571428571432,0.71305218370667,0.3670209339774557,0.7372131476002813,0.011888374421223877,0.7860092604179703
4.0,MCALENS,1.071428571428572,0.7223126016768865,0.3423690610356486,0.7372131476002813,0.011888374421223877,0.7860092604179703
4.0,MCALENS,1.0,0.7313227380803404,0.3191872849418319,0.7372131476002813,0.011888374421223877,0.7860092604179703
4.0,MCALENS,0.9285714285714288,0.7413340007508447,0.2980029176517934,0.7372131476002813,0.011888374421223877,0.7860092604179703
4.0,MCALENS,0.8571428571428577,0.7499687148041547,0.27708169587128395,0.7372131476002813,0.011888374421223877,0.7860092604179703
4.0,MCALENS,0.7857142857142865,0.7593542735577524,0.2584106975555745,0.7372131476002813,0.011888374421223877,0.7860092604179703
4.0,MCALENS,0.7142857142857144,0.7647353272431485,0.23971286235437178,0.7372131476002813,0.011888374421223877,0.7860092604179703
4.0,MCALENS,0.6428571428571432,0.7697409585784007,0.2230239303843365,0.7372131476002813,0.011888374421223877,0.7860092604179703
4.0,MCALENS,0.5714285714285721,0.7731197597296959,0.20748950461796808,0.7372131476002813,0.011888374421223877,0.7860092604179703
4.0,MCALENS,0.5,0.7753722938305594,0.1935705582804836,0.7372131476002813,0.011888374421223877,0.7860092604179703
4.0,MCALENS,0.4285714285714288,0.7780002502815667,0.18135410285580933,0.7372131476002813,0.011888374421223877,0.7860092604179703
4.0,MCALENS,0.35714285714285765,0.7805030659491928,0.1702563262632053,0.7372131476002813,0.011888374421223877,0.7860092604179703
4.0,MCALENS,0.2857142857142865,0.7823801776999124,0.16038582899361228,0.7372131476002813,0.011888374421223877,0.7860092604179703
4.0,MCALENS,0.2142857142857144,0.7835064447503441,0.15127938724720322,0.7372131476002813,0.011888374421223877,0.7860092604179703
4.0,MCALENS,0.14285714285714324,0.7850081341509197,0.1432159083125956,0.7372131476002813,0.011888374421223877,0.7860092604179703
4.0,MCALENS,0.07142857142857206,0.7851332749343011,0.136003988641044,0.7372131476002813,0.011888374421223877,0.7860092604179703
4.0,MCALENS,0.0,0.7860092604179703,0.12997413347128817,0.7372131476002813,0.011888374421223877,0.7860092604179703
4.0,MCALENS,-0.07142857142857117,0.7860092604179703,0.12706858183289502,0.7372131476002813,0.011888374421223877,0.7860092604179703
4.0,MCALENS,-0.14285714285714235,0.7860092604179703,0.12462796142704076,0.7372131476002813,0.011888374421223877,0.7860092604179703
4.0,MCALENS,-0.21428571428571352,0.7860092604179703,0.12241039932957845,0.7372131476002813,0.011888374421223877,0.7860092604179703
4.0,MCALENS,-0.2857142857142847,0.7860092604179703,0.1205427397996392,0.7372131476002813,0.011888374421223877,0.7860092604179703
4.0,MCALENS,-0.3571428571428559,0.7860092604179703,0.11904400894583222,0.7372131476002813,0.011888374421223877,0.7860092604179703
4.0,MCALENS,-0.4285714285714288,0.7860092604179703,0.11778715424285044,0.7372131476002813,0.011888374421223877,0.7860092604179703
4.0,MCALENS,-0.5,0.7860092604179703,0.11676240403026417,0.7372131476002813,0.011888374421223877,0.7860092604179703
4.0,FUSION,8.0,0.005881616818921287,1.0,0.7640563159559894,0.011888374421223877,0.7860092604179703
4.0,FUSION,7.928571428571429,0.006131898385683895,1.0,0.7640563159559894,0.011888374421223877,0.7860092604179703
4.0,FUSION,7.857142857142857,0.007133024652734326,1.0,0.7640563159559894,0.011888374421223877,0.7860092604179703
4.0,FUSION,7.785714285714286,0.007383306219496934,1.0,0.7640563159559894,0.011888374421223877,0.7860092604179703
4.0,FUSION,7.714285714285714,0.007383306219496934,1.0,0.7640563159559894,0.011888374421223877,0.7860092604179703
4.0,FUSION,7.642857142857143,0.008009010136403453,1.0,0.7640563159559894,0.011888374421223877,0.7860092604179703
4.0,FUSION,7.571428571428571,0.008259291703166062,1.0,0.7640563159559894,0.011888374421223877,0.7860092604179703
4.0,FUSION,7.5,0.00850957326992867,1.0,0.7640563159559894,0.011888374421223877,0.7860092604179703
4.0,FUSION,7.428571428571429,0.009010136403453885,1.0,0.7640563159559894,0.011888374421223877,0.7860092604179703
4.0,FUSION,7.357142857142858,0.009385558753597797,1.0,0.7640563159559894,0.011888374421223877,0.7860092604179703
4.0,FUSION,7.285714285714286,0.010511825804029533,1.0,0.7640563159559894,0.011888374421223877,0.7860092604179703
4.0,FUSION,7.214285714285714,0.010636966587410836,1.0,0.7640563159559894,0.011888374421223877,0.7860092604179703
4.0,FUSION,7.142857142857143,0.011512952071079965,1.0,0.7640563159559894,0.011888374421223877,0.7860092604179703
4.0,FUSION,7.071428571428571,0.012138655987986484,1.0,0.7640563159559894,0.011888374421223877,0.7860092604179703
4.0,FUSION,7.0,0.012889500688274309,1.0,0.7640563159559894,0.011888374421223877,0.7860092604179703
4.0,FUSION,6.928571428571429,0.013640345388562132,1.0,0.7640563159559894,0.011888374421223877,0.7860092604179703
4.0,FUSION,6.857142857142858,0.01451633087223126,1.0,0.7640563159559894,0.011888374421223877,0.7860092604179703
4.0,FUSION,6.785714285714286,0.015392316355900389,1.0,0.7640563159559894,0.011888374421223877,0.7860092604179703
4.0,FUSION,6.714285714285714,0.016143161056188213,1.0,0.7640563159559894,0.011888374421223877,0.7860092604179703
4.0,FUSION,6.642857142857143,0.01701914653985734,1.0,0.7640563159559894,0.011888374421223877,0.7860092604179703
4.0,FUSION,6.571428571428571,0.017895132023526467,1.0,0.7640563159559894,0.011888374421223877,0.7860092604179703
4.0,FUSION,6.5,0.01864597672381429,1.0,0.7640563159559894,0.011888374421223877,0.7860092604179703
4.0,FUSION,6.428571428571429,0.01989738455762733,1.0,0.7640563159559894,0.011888374421223877,0.7860092604179703
4.0,FUSION,6.357142857142858,0.020898510824677762,1.0,0.7640563159559894,0.011888374421223877,0.7860092604179703
4.0,FUSION,6.285714285714286,0.021899637091728194,1.0,0.7640563159559894,0.011888374421223877,0.7860092604179703
4.0,FUSION,6.214285714285714,0.02365160805906645,1.0,0.7640563159559894,0.011888374421223877,0.7860092604179703
4.0,FUSION,6.142857142857143,0.02452759354273558,1.0,0.7640563159559894,0.011888374421223877,0.7860092604179703
4.0,FUSION,6.071428571428571,0.025779001376548618,1.0,0.7640563159559894,0.011888374421223877,0.7860092604179703
4.0,FUSION,6.0,0.02715554999374296,1.0,0.7640563159559894,0.011888374421223877,0.7860092604179703
4.0,FUSION,5.928571428571429,0.028156676260793392,1.0,0.7640563159559894,0.011888374421223877,0.7860092604179703
4.0,FUSION,5.857142857142858,0.03028406957827556,1.0,0.7640563159559894,0.011888374421223877,0.7860092604179703
4.0,FUSION,5.7857142857142865,0.03191089976223251,1.0,0.7640563159559894,0.011888374421223877,0.7860092604179703
4.0,FUSION,5.714285714285714,0.034163433863095984,0.9963503649635036,0.7640563159559894,0.011888374421223877,0.7860092604179703
4.0,FUSION,5.642857142857142,0.035539982480290326,0.9964912280701754,0.7640563159559894,0.011888374421223877,0.7860092604179703
4.0,FUSION,5.571428571428571,0.037166812664247276,0.9966442953020134,0.7640563159559894,0.011888374421223877,0.7860092604179703
4.0,FUSION,5.5,0.039544487548492054,0.9937106918238994,0.7640563159559894,0.011888374421223877,0.7860092604179703
4.0,FUSION,5.428571428571429,0.04229758478288074,0.9912023460410557,0.7640563159559894,0.011888374421223877,0.7860092604179703
4.0,FUSION,5.357142857142858,0.04542610436741334,0.9918032786885246,0.7640563159559894,0.011888374421223877,0.7860092604179703
4.0,FUSION,5.2857142857142865,0.047803779251658116,0.9896373056994818,0.7640563159559894,0.011888374421223877,0.7860092604179703
4.0,FUSION,5.214285714285714,0.0504317357026655,0.9901719901719902,0.7640563159559894,0.011888374421223877,0.7860092604179703
4.0,FUSION,5.142857142857143,0.05230884745338506,0.990521327014218,0.7640563159559894,0.011888374421223877,0.7860092604179703
4.0,FUSION,5.071428571428571,0.05593793017144287,0.9889380530973452,0.7640563159559894,0.011888374421223877,0.7860092604179703
4.0,FUSION,5.0,0.060192716806407205,0.9897119341563786,0.7640563159559894,0.011888374421223877,0.7860092604179703
4.0,FUSION,4.928571428571429,0.06419722187460894,0.9903474903474904,0.7640563159559894,0.011888374421223877,0.7860092604179703
4.0,FUSION,4.857142857142858,0.06707545989237892,0.9871086556169429,0.7640563159559894,0.011888374421223877,0.7860092604179703
4.0,FUSION,4.7857142857142865,0.07082968339381805,0.9860627177700348,0.7640563159559894,0.011888374421223877,0.7860092604179703
4.0,FUSION,4.714285714285714,0.07433362532849455,0.9834437086092715,0.7640563159559894,0.011888374421223877,0.7860092604179703
4.0,FUSION,4.642857142857143,0.07871355274684019,0.9812792511700468,0.7640563159559894,0.011888374421223877,0.7860092604179703
4.0,FUSION,4.571428571428571,0.08284319859842322,0.9807407407407407,0.7640563159559894,0.011888374421223877,0.7860092604179703
4.0,FUSION,4.5,0.0854711550494306,0.9743223965763196,0.7640563159559894,0.011888374421223877,0.7860092604179703
4.0,FUSION,4.428571428571429,0.09210361656863972,0.9735449735449735,0.7640563159559894,0.011888374421223877,0.7860092604179703
4.0,FUSION,4.357142857142858,0.0978600926041797,0.9702233250620348,0.7640563159559894,0.011888374421223877,0.7860092604179703
4.0,FUSION,4.2857142857142865,0.10524339882367664,0.9711316397228638,0.7640563159559894,0.011888374421223877,0.7860092604179703
4.0,FUSION,4.214285714285714,0.11287698660993618,0.9667738478027867,0.7640563159559894,0.011888374421223877,0.7860092604179703
4.0,FUSION,4.142857142857143,0.12201226379677137,0.9653465346534653,0.7640563159559894,0.011888374421223877,0.7860092604179703
4.0,FUSION,4.071428571428571,0.13039669628331874,0.9648148148148148,0.7640563159559894,0.011888374421223877,0.7860092604179703
4.0,FUSION,4.0,0.1387811287698661,0.9618386816999133,0.7640563159559894,0.011888374421223877,0.7860092604179703
4.0,FUSION,3.928571428571429,0.14641471655612565,0.9558823529411765,0.7640563159559894,0.011888374421223877,0.7860092604179703
4.0,FUSION,3.8571428571428577,0.15517457139281693,0.9553158705701078,0.7640563159559894,0.011888374421223877,0.7860092604179703
4.0,FUSION,3.7857142857142856,0.1643098485796521,0.9514492753623188,0.7640563159559894,0.011888374421223877,0.7860092604179703
4.0,FUSION,3.7142857142857144,0.17519709673382555,0.9497964721845319,0.7640563159559894,0.011888374421223877,0.7860092604179703
4.0,FUSION,3.6428571428571432,0.18683518958828682,0.9455351488283724,0.7640563159559894,0.011888374421223877,0.7860092604179703
4.0,FUSION,3.571428571428572,0.19709673382555376,0.9448110377924415,0.7640563159559894,0.011888374421223877,0.7860092604179703
4.0,FUSION,3.5,0.2114879239144037,0.93732667775929,0.7640563159559894,0.011888374421223877,0.7860092604179703
4.0,FUSION,3.428571428571429,0.2247528469528219,0.9354166666666667,0.7640563159559894,0.011888374421223877,0.7860092604179703
4.0,FUSION,3.3571428571428577,0.23901889625829056,0.9317073170731708,0.7640563159559894,0.011888374421223877,0.7860092604179703
4.0,FUSION,3.2857142857142856,0.251532974596421,0.9237132352941176,0.7640563159559894,0.011888374421223877,0.7860092604179703
4.0,FUSION,3.2142857142857144,0.26717557251908397,0.9182795698924732,0.7640563159559894,0.011888374421223877,0.7860092604179703
4.0,FUSION,3.1428571428571432,0.2829433112251283,0.9139046079223929,0.7640563159559894,0.011888374421223877,0.7860092604179703
4.0,FUSION,3.071428571428572,0.29558253034663995,0.9022154316271963,0.7640563159559894,0.011888374421223877,0.7860092604179703
4.0,FUSION,3.0,0.31135026905268426,0.8930366116295765,0.7640563159559894,0.011888374421223877,0.7860092604179703
4.0,FUSION,2.928571428571429,0.330997372043549,0.8875838926174496,0.7640563159559894,0.011888374421223877,0.7860092604179703
4.0,FUSION,2.8571428571428577,0.3501439119008885,0.8771159874608151,0.7640563159559894,0.011888374421223877,0.7860092604179703
4.0,FUSION,2.7857142857142856,0.36653735452383934,0.8681090693538827,0.7640563159559894,0.011888374421223877,0.7860092604179703
4.0,FUSION,2.7142857142857144,0.38380678263045925,0.8543175487465181,0.7640563159559894,0.011888374421223877,0.7860092604179703
4.0,FUSION,2.6428571428571432,0.39857339506945316,0.8417019027484144,0.7640563159559894,0.011888374421223877,0.7860092604179703
4.0,FUSION,2.571428571428572,0.4130897259416844,0.8256628314157078,0.7640563159559894,0.011888374421223877,0.7860092604179703
4.0,FUSION,2.5,0.4298585909147791,0.8107151286287467,0.7640563159559894,0.011888374421223877,0.7860092604179703
4.0,FUSION,2.428571428571429,0.44662745588787384,0.7934637616718542,0.7640563159559894,0.011888374421223877,0.7860092604179703
4.0,FUSION,2.3571428571428577,0.46564885496183206,0.7761785565289946,0.7640563159559894,0.011888374421223877,0.7860092604179703
4.0,FUSION,2.2857142857142865,0.4804154674008259,0.7560063016935802,0.7640563159559894,0.011888374421223877,0.7860092604179703
4.0,FUSION,2.2142857142857144,0.5003128519584532,0.7402332901314571,0.7640563159559894,0.011888374421223877,0.7860092604179703
4.0,FUSION,2.1428571428571432,0.517081716931548,0.7218728162124388,0.7640563159559894,0.011888374421223877,0.7860092604179703
4.0,FUSION,2.071428571428572,0.5300963584032036,0.6988945718528295,0.7640563159559894,0.011888374421223877,0.7860092604179703
4.0,FUSION,2.0,0.5468652233762983,0.6781502172563625,0.7640563159559894,0.011888374421223877,0.7860092604179703
4.0,FUSION,1.9285714285714288,0.5632586659992491,0.6536450769677606,0.7640563159559894,0.011888374421223877,0.7860092604179703
4.0,FUSION,1.8571428571428577,0.580903516456013,0.6323389184034872,0.7640563159559894,0.011888374421223877,0.7860092604179703
4.0,FUSION,1.7857142857142865,0.59979977474659,0.610262286732875,0.7640563159559894,0.011888374421223877,0.7860092604179703
4.0,FUSION,1.7142857142857144,0.6169440620698285,0.5873942571190277,0.7640563159559894,0.011888374421223877,0.7860092604179703
4.0,FUSION,1.6428571428571432,0.6340883493930672,0.5640654569742848,0.7640563159559894,0.011888374421223877,0.7860092604179703
4.0,FUSION,1.571428571428572,0.6477286947816293,0.5388859968766267,0.7640563159559894,0.011888374421223877,0.7860092604179703
4.0,FUSION,1.5,0.6659992491552997,0.5139049826187717,0.7640563159559894,0.011888374421223877,0.7860092604179703
4.0,FUSION,1.4285714285714288,0.6803904392441497,0.48784208165096454,0.7640563159559894,0.011888374421223877,0.7860092604179703
4.0,FUSION,1.3571428571428577,0.6955324740332874,0.4601374285950824,0.7640563159559894,0.011888374421223877,0.7860092604179703
4.0,FUSION,1.2857142857142865,0.7081716931547991,0.4327114237651017,0.7640563159559894,0.011888374421223877,0.7860092604179703
4.0,FUSION,1.2142857142857144,0.7201852083594044,0.4043704328274311,0.7640563159559894,0.011888374421223877,0.7860092604179703
4.0,FUSION,1.1428571428571432,0.7304467525966712,0.37711590644786147,0.7640563159559894,0.011888374421223877,0.7860092604179703
4.0,FUSION,1.071428571428572,0.7400825929170317,0.3507502520609691,0.7640563159559894,0.011888374421223877,0.7860092604179703
4.0,FUSION,1.0,0.7488424477537229,0.3257130415850207,0.7640563159559894,0.011888374421223877,0.7860092604179703
4.0,FUSION,0.9285714285714288,0.7572268802402703,0.30344516323153303,0.7640563159559894,0.011888374421223877,0.7860092604179703
4.0,FUSION,0.8571428571428577,0.7636090601927168,0.28149651704571665,0.7640563159559894,0.011888374421223877,0.7860092604179703
4.0,FUSION,0.7857142857142865,0.769866099361782,0.26109837874543756,0.7640563159559894,0.011888374421223877,0.7860092604179703
4.0,FUSION,0.7142857142857144,0.7756225753973219,0.24348850913376546,0.7640563159559894,0.011888374421223877,0.7860092604179703
4.0,FUSION,0.6428571428571432,0.7795019396821424,0.2262951391411756,0.7640563159559894,0.011888374421223877,0.7860092604179703
4.0,FUSION,0.5714285714285721,0.7828807408334376,0.2107461680983662,0.7640563159559894,0.011888374421223877,0.7860092604179703
4.0,FUSION,0.5,0.7860092604179703,0.19696447050707142,0.7640563159559894,0.011888374421223877,0.7860092604179703
4.0,FUSION,0.4285714285714288,0.7877612313853085,0.18403204116236918,0.7640563159559894,0.011888374421223877,0.7860092604179703
4.0,FUSION,0.35714285714285765,0.7898886247027906,0.17262409407903734,0.7640563159559894,0.011888374421223877,0.7860092604179703
4.0,FUSION,0.2857142857142865,0.7916405956701289,0.1626053876208102,0.7640563159559894,0.011888374421223877,0.7860092604179703
4.0,FUSION,0.2142857142857144,0.7926417219371793,0.15364090622422744,0.7640563159559894,0.011888374421223877,0.7860092604179703
4.0,FUSION,0.14285714285714324,0.794143411337755,0.14603949003543978,0.7640563159559894,0.011888374421223877,0.7860092604179703
4.0,FUSION,0.07142857142857206,0.7947691152546615,0.1389776357827476,0.7640563159559894,0.011888374421223877,0.7860092604179703
4.0,FUSION,0.0,0.7950193968214241,0.13301647787944137,0.7640563159559894,0.011888374421223877,0.7860092604179703
4.0,FUSION,-0.07142857142857117,0.7950193968214241,0.1301764235805176,0.7640563159559894,0.011888374421223877,0.7860092604179703
4.0,FUSION,-0.14285714285714235,0.7950193968214241,0.12752930785289868,0.7640563159559894,0.011888374421223877,0.7860092604179703
4.0,FUSION,-0.21428571428571352,0.7950193968214241,0.12520446975818372,0.7640563159559894,0.011888374421223877,0.7860092604179703
4.0,FUSION,-0.2857142857142847,0.7950193968214241,0.1234095456399697,0.7640563159559894,0.011888374421223877,0.7860092604179703
4.0,FUSION,-0.3571428571428559,0.7950193968214241,0.1217889732382486,0.7640563159559894,0.011888374421223877,0.7860092604179703
4.0,FUSION,-0.4285714285714288,0.7950193968214241,0.1204862691549082,0.7640563159559894,0.011888374421223877,0.7860092604179703
4.0,FUSION,-0.5,0.7950193968214241,0.11939709447649834,0.7640563159559894,0.011888374421223877,0.7860092604179703
6.0,GAUSSIAN_STARLET,8.0,0.0018050541516245488,1.0,0.7453753600270463,0.0041258380608561115,0.7630221763795771
6.0,GAUSSIAN_STARLET,7.928571428571429,0.0018050541516245488,1.0,0.7453753600270463,0.0041258380608561115,0.7630221763795771
6.0,GAUSSIAN_STARLET,7.857142857142857,0.0020629190304280558,1.0,0.7453753600270463,0.0041258380608561115,0.7630221763795771
6.0,GAUSSIAN_STARLET,7.785714285714286,0.0020629190304280558,1.0,0.7453753600270463,0.0041258380608561115,0.7630221763795771
6.0,GAUSSIAN_STARLET,7.714285714285714,0.0020629190304280558,1.0,0.7453753600270463,0.0041258380608561115,0.7630221763795771
6.0,GAUSSIAN_STARLET,7.642857142857143,0.0020629190304280558,1.0,0.7453753600270463,0.0041258380608561115,0.7630221763795771
6.0,GAUSSIAN_STARLET,7.571428571428571,0.0020629190304280558,1.0,0.7453753600270463,0.0041258380608561115,0.7630221763795771
6.0,GAUSSIAN_STARLET,7.5,0.0023207839092315627,1.0,0.7453753600270463,0.0041258380608561115,0.7630221763795771
6.0,GAUSSIAN_STARLET,7.428571428571429,0.0028365136668385767,1.0,0.7453753600270463,0.0041258380608561115,0.7630221763795771
6.0,GAUSSIAN_STARLET,7.357142857142858,0.0028365136668385767,1.0,0.7453753600270463,0.0041258380608561115,0.7630221763795771
6.0,GAUSSIAN_STARLET,7.285714285714286,0.0028365136668385767,1.0,0.7453753600270463,0.0041258380608561115,0.7630221763795771
6.0,GAUSSIAN_STARLET,7.214285714285714,0.0028365136668385767,1.0,0.7453753600270463,0.0041258380608561115,0.7630221763795771
6.0,GAUSSIAN_STARLET,7.142857142857143,0.0033522434244455906,1.0,0.7453753600270463,0.0041258380608561115,0.7630221763795771
6.0,GAUSSIAN_STARLET,7.071428571428571,0.0038679731820526046,1.0,0.7453753600270463,0.0041258380608561115,0.7630221763795771
6.0,GAUSSIAN_STARLET,7.0,0.0038679731820526046,1.0,0.7453753600270463,0.0041258380608561115,0.7630221763795771
6.0,GAUSSIAN_STARLET,6.928571428571429,0.0041258380608561115,1.0,0.7453753600270463,0.0041258380608561115,0.7630221763795771
6.0,GAUSSIAN_STARLET,6.857142857142858,0.0046415678184631255,1.0,0.7453753600270463,0.0041258380608561115,0.7630221763795771
6.0,GAUSSIAN_STARLET,6.785714285714286,0.0046415678184631255,1.0,0.7453753600270463,0.0041258380608561115,0.7630221763795771
6.0,GAUSSIAN_STARLET,6.714285714285714,0.0046415678184631255,1.0,0.7453753600270463,0.0041258380608561115,0.7630221763795771
6.0,GAUSSIAN_STARLET,6.642857142857143,0.0046415678184631255,1.0,0.7453753600270463,0.0041258380608561115,0.7630221763795771
6.0,GAUSSIAN_STARLET,6.571428571428571,0.005673027333677153,1.0,0.7453753600270463,0.0041258380608561115,0.7630221763795771
6.0,GAUSSIAN_STARLET,6.5,0.00593089221248066,1.0,0.7453753600270463,0.0041258380608561115,0.7630221763795771
6.0,GAUSSIAN_STARLET,6.428571428571429,0.006446621970087674,1.0,0.7453753600270463,0.0041258380608561115,0.7630221763795771
6.0,GAUSSIAN_STARLET,6.357142857142858,0.006962351727694688,1.0,0.7453753600270463,0.0041258380608561115,0.7630221763795771
6.0,GAUSSIAN_STARLET,6.285714285714286,0.007478081485301702,1.0,0.7453753600270463,0.0041258380608561115,0.7630221763795771
6.0,GAUSSIAN_STARLET,6.214285714285714,0.00850954100051573,1.0,0.7453753600270463,0.0041258380608561115,0.7630221763795771
6.0,GAUSSIAN_STARLET,6.142857142857143,0.009283135636926251,1.0,0.7453753600270463,0.0041258380608561115,0.7630221763795771
6.0,GAUSSIAN_STARLET,6.071428571428571,0.009798865394533264,1.0,0.7453753600270463,0.0041258380608561115,0.7630221763795771
6.0,GAUSSIAN_STARLET,6.0,0.010314595152140279,1.0,0.7453753600270463,0.0041258380608561115,0.7630221763795771
6.0,GAUSSIAN_STARLET,5.928571428571429,0.0110881897885508,1.0,0.7453753600270463,0.0041258380608561115,0.7630221763795771
6.0,GAUSSIAN_STARLET,5.857142857142858,0.011603919546157814,1.0,0.7453753600270463,0.0041258380608561115,0.7630221763795771
6.0,GAUSSIAN_STARLET,5.7857142857142865,0.01263537906137184,1.0,0.7453753600270463,0.0041258380608561115,0.7630221763795771
6.0,GAUSSIAN_STARLET,5.714285714285714,0.012893243940175348,1.0,0.7453753600270463,0.0041258380608561115,0.7630221763795771
6.0,GAUSSIAN_STARLET,5.642857142857142,0.014182568334192883,0.9821428571428571,0.7453753600270463,0.0041258380608561115,0.7630221763795771
6.0,GAUSSIAN_STARLET,5.571428571428571,0.014956162970603403,0.9830508474576272,0.7453753600270463,0.0041258380608561115,0.7630221763795771
6.0,GAUSSIAN_STARLET,5.5,0.015729757607013926,0.9838709677419355,0.7453753600270463,0.0041258380608561115,0.7630221763795771
6.0,GAUSSIAN_STARLET,5.428571428571429,0.018050541516245487,0.9859154929577465,0.7453753600270463,0.0041258380608561115,0.7630221763795771
6.0,GAUSSIAN_STARLET,5.357142857142858,0.018566271273852502,0.9863013698630136,0.7453753600270463,0.0041258380608561115,0.7630221763795771
6.0,GAUSSIAN_STARLET,5.2857142857142865,0.019855595667870037,0.9871794871794872,0.7453753600270463,0.0041258380608561115,0.7630221763795771
6.0,GAUSSIAN_STARLET,5.214285714285714,0.02037132542547705,0.9875,0.7453753600270463,0.0041258380608561115,0.7630221763795771
6.0,GAUSSIAN_STARLET,5.142857142857143,0.0221763795771016,0.9885057471264368,0.7453753600270463,0.0041258380608561115,0.7630221763795771
6.0,GAUSSIAN_STARLET,5.071428571428571,0.02372356884992264,0.989247311827957,0.7453753600270463,0.0041258380608561115,0.7630221763795771
6.0,GAUSSIAN_STARLET,5.0,0.02475502836513667,0.9896907216494846,0.7453753600270463,0.0041258380608561115,0.7630221763795771
6.0,GAUSSIAN_STARLET,4.928571428571429,0.026044352759154205,0.9805825242718447,0.7453753600270463,0.0041258380608561115,0.7630221763795771
6.0,GAUSSIAN_STARLET,4.857142857142858,0.02707581227436823,0.9813084112149533,0.7453753600270463,0.0041258380608561115,0.7630221763795771
6.0,GAUSSIAN_STARLET,4.7857142857142865,0.029912325941206807,0.9830508474576272,0.7453753600270463,0.0041258380608561115,0.7630221763795771
6.0,GAUSSIAN_STARLET,4.714285714285714,0.032490974729241874,0.984375,0.7453753600270463,0.0041258380608561115,0.7630221763795771
6.0,GAUSSIAN_STARLET,4.642857142857143,0.03403816400206292,0.9850746268656716,0.7453753600270463,0.0041258380608561115,0.7630221763795771
6.0,GAUSSIAN_STARLET,4.571428571428571,0.0368746776689015,0.9794520547945206,0.7453753600270463,0.0041258380608561115,0.7630221763795771
6.0,GAUSSIAN_STARLET,4.5,0.040226921093347086,0.975,0.7453753600270463,0.0041258380608561115,0.7630221763795771
6.0,GAUSSIAN_STARLET,4.428571428571429,0.0443527591542032,0.9772727272727273,0.7453753600270463,0.0041258380608561115,0.7630221763795771
6.0,GAUSSIAN_STARLET,4.357142857142858,0.0479628674574523,0.9789473684210527,0.7453753600270463,0.0041258380608561115,0.7630221763795771
6.0,GAUSSIAN_STARLET,4.2857142857142865,0.05157297576070139,0.975609756097561,0.7453753600270463,0.0041258380608561115,0.7630221763795771
6.0,GAUSSIAN_STARLET,4.214285714285714,0.054925219185146985,0.9770642201834863,0.7453753600270463,0.0041258380608561115,0.7630221763795771
6.0,GAUSSIAN_STARLET,4.142857142857143,0.06034038164002063,0.975,0.7453753600270463,0.0041258380608561115,0.7630221763795771
6.0,GAUSSIAN_STARLET,4.071428571428571,0.06420835482207324,0.97265625,0.7453753600270463,0.0041258380608561115,0.7630221763795771
6.0,GAUSSIAN_STARLET,4.0,0.06807632800412584,0.974169741697417,0.7453753600270463,0.0041258380608561115,0.7630221763795771
6.0,GAUSSIAN_STARLET,3.928571428571429,0.07271789582258896,0.9690721649484536,0.7453753600270463,0.0041258380608561115,0.7630221763795771
6.0,GAUSSIAN_STARLET,3.8571428571428577,0.07607013924703455,0.9703947368421053,0.7453753600270463,0.0041258380608561115,0.7630221763795771
6.0,GAUSSIAN_STARLET,3.7857142857142856,0.08251676121712223,0.9696969696969697,0.7453753600270463,0.0041258380608561115,0.7630221763795771
6.0,GAUSSIAN_STARLET,3.7142857142857144,0.09128416709644147,0.9672131147540983,0.7453753600270463,0.0041258380608561115,0.7630221763795771
6.0,GAUSSIAN_STARLET,3.6428571428571432,0.09541000515729757,0.9635416666666666,0.7453753600270463,0.0041258380608561115,0.7630221763795771
6.0,GAUSSIAN_STARLET,3.571428571428572,0.10495100567302733,0.9621749408983451,0.7453753600270463,0.0041258380608561115,0.7630221763795771
6.0,GAUSSIAN_STARLET,3.5,0.11320268179473955,0.9502164502164502,0.7453753600270463,0.0041258380608561115,0.7630221763795771
6.0,GAUSSIAN_STARLET,3.428571428571429,0.12093862815884476,0.9455645161290323,0.7453753600270463,0.0041258380608561115,0.7630221763795771
6.0,GAUSSIAN_STARLET,3.3571428571428577,0.12790097988653945,0.9429657794676806,0.7453753600270463,0.0041258380608561115,0.7630221763795771
6.0,GAUSSIAN_STARLET,3.2857142857142856,0.1364105208870552,0.9412811387900356,0.7453753600270463,0.0041258380608561115,0.7630221763795771
6.0,GAUSSIAN_STARLET,3.2142857142857144,0.148014440433213,0.939443535188216,0.7453753600270463,0.0041258380608561115,0.7630221763795771
6.0,GAUSSIAN_STARLET,3.1428571428571432,0.15832903558535327,0.9345509893455098,0.7453753600270463,0.0041258380608561115,0.7630221763795771
6.0,GAUSSIAN_STARLET,3.071428571428572,0.17302733367715317,0.9306518723994452,0.7453753600270463,0.0041258380608561115,0.7630221763795771
6.0,GAUSSIAN_STARLET,3.0,0.19133574007220217,0.9333333333333333,0.7453753600270463,0.0041258380608561115,0.7630221763795771
6.0,GAUSSIAN_STARLET,2.928571428571429,0.2065497679216091,0.9206896551724137,0.7453753600270463,0.0041258380608561115,0.7630221763795771
6.0,GAUSSIAN_STARLET,2.8571428571428577,0.22356884992264053,0.9088050314465409,0.7453753600270463,0.0041258380608561115,0.7630221763795771
6.0,GAUSSIAN_STARLET,2.7857142857142856,0.24187725631768953,0.8958930276981852,0.7453753600270463,0.0041258380608561115,0.7630221763795771
6.0,GAUSSIAN_STARLET,2.7142857142857144,0.2625064466219701,0.8821490467937608,0.7453753600270463,0.0041258380608561115,0.7630221763795771
6.0,GAUSSIAN_STARLET,2.6428571428571432,0.2821041774110366,0.8696343402225755,0.7453753600270463,0.0041258380608561115,0.7630221763795771
6.0,GAUSSIAN_STARLET,2.571428571428572,0.3029912325941207,0.8589181286549707,0.7453753600270463,0.0041258380608561115,0.7630221763795771
6.0,GAUSSIAN_STARLET,2.5,0.3261990716864363,0.840531561461794,0.7453753600270463,0.0041258380608561115,0.7630221763795771
6.0,GAUSSIAN_STARLET,2.428571428571429,0.34682826199071687,0.8231334149326806,0.7453753600270463,0.0041258380608561115,0.7630221763795771
6.0,GAUSSIAN_STARLET,2.3571428571428577,0.3726147498710676,0.8014420410427066,0.7453753600270463,0.0041258380608561115,0.7630221763795771
6.0,GAUSSIAN_STARLET,2.2857142857142865,0.39685404847859723,0.781615033011681,0.7453753600270463,0.0041258380608561115,0.7630221763795771
6.0,GAUSSIAN_STARLET,2.2142857142857144,0.42315626611655494,0.7657489500699953,0.7453753600270463,0.0041258380608561115,0.7630221763795771
6.0,GAUSSIAN_STARLET,2.1428571428571432,0.44894275399690564,0.7430644472897994,0.7453753600270463,0.0041258380608561115,0.7630221763795771
6.0,GAUSSIAN_STARLET,2.071428571428572,0.4767921609076844,0.7288135593220338,0.7453753600270463,0.0041258380608561115,0.7630221763795771
6.0,GAUSSIAN_STARLET,2.0,0.5028365136668386,0.6986743102830527,0.7453753600270463,0.0041258380608561115,0.7630221763795771
6.0,GAUSSIAN_STARLET,1.9285714285714288,0.5296544610624033,0.6688375122110062,0.7453753600270463,0.0041258380608561115,0.7630221763795771
6.0,GAUSSIAN_STARLET,1.8571428571428577,0.5572460030943786,0.6406759561221465,0.7453753600270463,0.0041258380608561115,0.7630221763795771
6.0,GAUSSIAN_STARLET,1.7857142857142865,0.5827746260959258,0.6058981233243967,0.7453753600270463,0.0041258380608561115,0.7630221763795771
6.0,GAUSSIAN_STARLET,1.7142857142857144,0.6049510056730273,0.5737344093910491,0.7453753600270463,0.0041258380608561115,0.7630221763795771
6.0,GAUSSIAN_STARLET,1.6428571428571432,0.6260959257349149,0.5411187876086472,0.7453753600270463,0.0041258380608561115,0.7630221763795771
6.0,GAUSSIAN_STARLET,1.571428571428572,0.6462093862815884,0.5079043372517228,0.7453753600270463,0.0041258380608561115,0.7630221763795771
6.0,GAUSSIAN_STARLET,1.5,0.6634863331614235,0.47393626818935347,0.7453753600270463,0.0041258380608561115,0.7630221763795771
6.0,GAUSSIAN_STARLET,1.4285714285714288,0.6807632800412584,0.4449688184729479,0.7453753600270463,0.0041258380608561115,0.7630221763795771
6.0,GAUSSIAN_STARLET,1.3571428571428577,0.6936565239814337,0.41390983228188954,0.7453753600270463,0.0041258380608561115,0.7630221763795771
6.0,GAUSSIAN_STARLET,1.2857142857142865,0.703971119133574,0.3836424957841484,0.7453753600270463,0.0041258380608561115,0.7630221763795771
6.0,GAUSSIAN_STARLET,1.2142857142857144,0.7117070654976793,0.35594531854526695,0.7453753600270463,0.0041258380608561115,0.7630221763795771
6.0,GAUSSIAN_STARLET,1.1428571428571432,0.7204744713769985,0.33167141500474834,0.7453753600270463,0.0041258380608561115,0.7630221763795771
6.0,GAUSSIAN_STARLET,1.071428571428572,0.7269210933470861,0.30654632448890823,0.7453753600270463,0.0041258380608561115,0.7630221763795771
6.0,GAUSSIAN_STARLET,1.0,0.7349149045899949,0.2845163222521713,0.7453753600270463,0.0041258380608561115,0.7630221763795771
6.0,GAUSSIAN_STARLET,0.9285714285714288,0.7398143372872614,0.263986013986014,0.7453753600270463,0.0041258380608561115,0.7630221763795771
6.0,GAUSSIAN_STARLET,0.8571428571428577,0.7447137699845281,0.24568268821777967,0.7453753600270463,0.0041258380608561115,0.7630221763795771
6.0,GAUSSIAN_STARLET,0.7857142857142865,0.7490974729241877,0.22802197802197802,0.7453753600270463,0.0041258380608561115,0.7630221763795771
6.0,GAUSSIAN_STARLET,0.7142857142857144,0.7527075812274369,0.2128481843371737,0.7453753600270463,0.0041258380608561115,0.7630221763795771
6.0,GAUSSIAN_STARLET,0.6428571428571432,0.755801959773079,0.19859069042618063,0.7453753600270463,0.0041258380608561115,0.7630221763795771
6.0,GAUSSIAN_STARLET,0.5714285714285721,0.7570912841670965,0.18538864683967923,0.7453753600270463,0.0041258380608561115,0.7630221763795771
6.0,GAUSSIAN_STARLET,0.5,0.7588963383187209,0.17361807562975637,0.7453753600270463,0.0041258380608561115,0.7630221763795771
6.0,GAUSSIAN_STARLET,0.4285714285714288,0.760443527591542,0.1627842790903069,0.7453753600270463,0.0041258380608561115,0.7630221763795771
6.0,GAUSSIAN_STARLET,0.35714285714285765,0.7612171222279526,0.15302472655642527,0.7453753600270463,0.0041258380608561115,0.7630221763795771
6.0,GAUSSIAN_STARLET,0.2857142857142865,0.7612171222279526,0.1445358401880141,0.7453753600270463,0.0041258380608561115,0.7630221763795771
6.0,GAUSSIAN_STARLET,0.2142857142857144,0.7612171222279526,0.13707280832095098,0.7453753600270463,0.0041258380608561115,0.7630221763795771
6.0,GAUSSIAN_STARLET,0.14285714285714324,0.7617328519855595,0.1303848870056497,0.7453753600270463,0.0041258380608561115,0.7630221763795771
6.0,GAUSSIAN_STARLET,0.07142857142857206,0.7625064466219701,0.12450526315789473,0.7453753600270463,0.0041258380608561115,0.7630221763795771
6.0,GAUSSIAN_STARLET,0.0,0.7630221763795771,0.11927603998710093,0.7453753600270463,0.0041258380608561115,0.7630221763795771
6.0,GAUSSIAN_STARLET,-0.07142857142857117,0.7630221763795771,0.11697501581277672,0.7453753600270463,0.0041258380608561115,0.7630221763795771
6.0,GAUSSIAN_STARLET,-0.14285714285714235,0.7630221763795771,0.11518100428182172,0.7453753600270463,0.0041258380608561115,0.7630221763795771
6.0,GAUSSIAN_STARLET,-0.21428571428571352,0.7630221763795771,0.11358925143953935,0.7453753600270463,0.0041258380608561115,0.7630221763795771
6.0,GAUSSIAN_STARLET,-0.2857142857142847,0.7630221763795771,0.1122193567961165,0.7453753600270463,0.0041258380608561115,0.7630221763795771
6.0,GAUSSIAN_STARLET,-0.3571428571428559,0.7630221763795771,0.11099024756189048,0.7453753600270463,0.0041258380608561115,0.7630221763795771
6.0,GAUSSIAN_STARLET,-0.4285714285714288,0.7630221763795771,0.10998773370999516,0.7453753600270463,0.0041258380608561115,0.7630221763795771
6.0,GAUSSIAN_STARLET,-0.5,0.7630221763795771,0.10916805017524442,0.7453753600270463,0.0041258380608561115,0.7630221763795771
6.0,MCALENS,8.0,0.0041258380608561115,1.0,0.7594077713954945,0.0041258380608561115,0.7630221763795771
6.0,MCALENS,7.928571428571429,0.004383702939659618,1.0,0.7594077713954945,0.0041258380608561115,0.7630221763795771
6.0,MCALENS,7.857142857142857,0.004899432697266632,1.0,0.7594077713954945,0.0041258380608561115,0.7630221763795771
6.0,MCALENS,7.785714285714286,0.005157297576070139,1.0,0.7594077713954945,0.0041258380608561115,0.7630221763795771
6.0,MCALENS,7.714285714285714,0.005673027333677153,1.0,0.7594077713954945,0.0041258380608561115,0.7630221763795771
6.0,MCALENS,7.642857142857143,0.005673027333677153,1.0,0.7594077713954945,0.0041258380608561115,0.7630221763795771
6.0,MCALENS,7.571428571428571,0.005673027333677153,1.0,0.7594077713954945,0.0041258380608561115,0.7630221763795771
6.0,MCALENS,7.5,0.006188757091284167,1.0,0.7594077713954945,0.0041258380608561115,0.7630221763795771
6.0,MCALENS,7.428571428571429,0.006704486848891181,1.0,0.7594077713954945,0.0041258380608561115,0.7630221763795771
6.0,MCALENS,7.357142857142858,0.007735946364105209,1.0,0.7594077713954945,0.0041258380608561115,0.7630221763795771
6.0,MCALENS,7.285714285714286,0.009283135636926251,1.0,0.7594077713954945,0.0041258380608561115,0.7630221763795771
6.0,MCALENS,7.214285714285714,0.009798865394533264,1.0,0.7594077713954945,0.0041258380608561115,0.7630221763795771
6.0,MCALENS,7.142857142857143,0.010572460030943786,1.0,0.7594077713954945,0.0041258380608561115,0.7630221763795771
6.0,MCALENS,7.071428571428571,0.0110881897885508,1.0,0.7594077713954945,0.0041258380608561115,0.7630221763795771
6.0,MCALENS,7.0,0.01263537906137184,1.0,0.7594077713954945,0.0041258380608561115,0.7630221763795771
6.0,MCALENS,6.928571428571429,0.012893243940175348,1.0,0.7594077713954945,0.0041258380608561115,0.7630221763795771
6.0,MCALENS,6.857142857142858,0.013408973697782363,1.0,0.7594077713954945,0.0041258380608561115,0.7630221763795771
6.0,MCALENS,6.785714285714286,0.014182568334192883,1.0,0.7594077713954945,0.0041258380608561115,0.7630221763795771
6.0,MCALENS,6.714285714285714,0.014956162970603403,1.0,0.7594077713954945,0.0041258380608561115,0.7630221763795771
6.0,MCALENS,6.642857142857143,0.016503352243424446,1.0,0.7594077713954945,0.0041258380608561115,0.7630221763795771
6.0,MCALENS,6.571428571428571,0.017534811758638472,1.0,0.7594077713954945,0.0041258380608561115,0.7630221763795771
6.0,MCALENS,6.5,0.018050541516245487,1.0,0.7594077713954945,0.0041258380608561115,0.7630221763795771
6.0,MCALENS,6.428571428571429,0.019339865910263022,1.0,0.7594077713954945,0.0041258380608561115,0.7630221763795771
6.0,MCALENS,6.357142857142858,0.020629190304280558,1.0,0.7594077713954945,0.0041258380608561115,0.7630221763795771
6.0,MCALENS,6.285714285714286,0.021918514698298093,0.9883720930232558,0.7594077713954945,0.0041258380608561115,0.7630221763795771
6.0,MCALENS,6.214285714285714,0.02294997421351212,0.9888888888888889,0.7594077713954945,0.0041258380608561115,0.7630221763795771
6.0,MCALENS,6.142857142857143,0.02475502836513667,0.9896907216494846,0.7594077713954945,0.0041258380608561115,0.7630221763795771
6.0,MCALENS,6.071428571428571,0.02630221763795771,0.9902912621359223,0.7594077713954945,0.0041258380608561115,0.7630221763795771
6.0,MCALENS,6.0,0.02810727178958226,0.990909090909091,0.7594077713954945,0.0041258380608561115,0.7630221763795771
6.0,MCALENS,5.928571428571429,0.030428055698813822,0.9915966386554622,0.7594077713954945,0.0041258380608561115,0.7630221763795771
6.0,MCALENS,5.857142857142858,0.03274883960804539,0.9921875,0.7594077713954945,0.0041258380608561115,0.7630221763795771
6.0,MCALENS,5.7857142857142865,0.03481175863847344,0.9854014598540146,0.7594077713954945,0.0041258380608561115,0.7630221763795771
6.0,MCALENS,5.714285714285714,0.036616812790097986,0.9726027397260274,0.7594077713954945,0.0041258380608561115,0.7630221763795771
6.0,MCALENS,5.642857142857142,0.038164002062919034,0.9736842105263158,0.7594077713954945,0.0041258380608561115,0.7630221763795771
6.0,MCALENS,5.571428571428571,0.042289840123775145,0.9761904761904762,0.7594077713954945,0.0041258380608561115,0.7630221763795771
6.0,MCALENS,5.5,0.04538421866941723,0.9777777777777777,0.7594077713954945,0.0041258380608561115,0.7630221763795771
6.0,MCALENS,5.428571428571429,0.047705002578648785,0.9736842105263158,0.7594077713954945,0.0041258380608561115,0.7630221763795771
6.0,MCALENS,5.357142857142858,0.050799381124290874,0.9752475247524752,0.7594077713954945,0.0041258380608561115,0.7630221763795771
6.0,MCALENS,5.2857142857142865,0.0556988138215575,0.9773755656108597,0.7594077713954945,0.0041258380608561115,0.7630221763795771
6.0,MCALENS,5.214285714285714,0.0593089221248066,0.9745762711864406,0.7594077713954945,0.0041258380608561115,0.7630221763795771
6.0,MCALENS,5.142857142857143,0.06395048994326973,0.9763779527559056,0.7594077713954945,0.0041258380608561115,0.7630221763795771
6.0,MCALENS,5.071428571428571,0.06859205776173286,0.9743589743589743,0.7594077713954945,0.0041258380608561115,0.7630221763795771
6.0,MCALENS,5.0,0.07246003094378546,0.9756944444444444,0.7594077713954945,0.0041258380608561115,0.7630221763795771
6.0,MCALENS,4.928571428571429,0.0778751933986591,0.9710610932475884,0.7594077713954945,0.0041258380608561115,0.7630221763795771
6.0,MCALENS,4.857142857142858,0.08225889633831872,0.9725609756097561,0.7594077713954945,0.0041258380608561115,0.7630221763795771
6.0,MCALENS,4.7857142857142865,0.08586900464156781,0.9680232558139535,0.7594077713954945,0.0041258380608561115,0.7630221763795771
6.0,MCALENS,4.714285714285714,0.09102630221763795,0.9671232876712329,0.7594077713954945,0.0041258380608561115,0.7630221763795771
6.0,MCALENS,4.642857142857143,0.09747292418772563,0.9667519181585678,0.7594077713954945,0.0041258380608561115,0.7630221763795771
6.0,MCALENS,4.571428571428571,0.10520887055183084,0.966824644549763,0.7594077713954945,0.0041258380608561115,0.7630221763795771
6.0,MCALENS,4.5,0.11346054667354306,0.962800875273523,0.7594077713954945,0.0041258380608561115,0.7630221763795771
6.0,MCALENS,4.428571428571429,0.12016503352243424,0.9608247422680413,0.7594077713954945,0.0041258380608561115,0.7630221763795771
6.0,MCALENS,4.357142857142858,0.1263537906137184,0.9514563106796117,0.7594077713954945,0.0041258380608561115,0.7630221763795771
6.0,MCALENS,4.2857142857142865,0.1364105208870552,0.9514388489208633,0.7594077713954945,0.0041258380608561115,0.7630221763795771
6.0,MCALENS,4.214285714285714,0.14517792676637442,0.9542372881355933,0.7594077713954945,0.0041258380608561115,0.7630221763795771
6.0,MCALENS,4.142857142857143,0.15471892728210418,0.9419152276295133,0.7594077713954945,0.0041258380608561115,0.7630221763795771
6.0,MCALENS,4.071428571428571,0.16400206291903044,0.9366715758468336,0.7594077713954945,0.0041258380608561115,0.7630221763795771
6.0,MCALENS,4.0,0.18076328004125838,0.933422103861518,0.7594077713954945,0.0041258380608561115,0.7630221763795771
6.0,MCALENS,3.928571428571429,0.19391438886023724,0.9295426452410384,0.7594077713954945,0.0041258380608561115,0.7630221763795771
6.0,MCALENS,3.8571428571428577,0.2070654976792161,0.9198167239404352,0.7594077713954945,0.0041258380608561115,0.7630221763795771
6.0,MCALENS,3.7857142857142856,0.22047447137699847,0.9076433121019108,0.7594077713954945,0.0041258380608561115,0.7630221763795771
6.0,MCALENS,3.7142857142857144,0.23491490458999484,0.9037698412698413,0.7594077713954945,0.0041258380608561115,0.7630221763795771
6.0,MCALENS,3.6428571428571432,0.2539969056214544,0.8987226277372263,0.7594077713954945,0.0041258380608561115,0.7630221763795771
6.0,MCALENS,3.571428571428572,0.26843733883445076,0.8912671232876712,0.7594077713954945,0.0041258380608561115,0.7630221763795771
6.0,MCALENS,3.5,0.2844249613202682,0.884522854851644,0.7594077713954945,0.0041258380608561115,0.7630221763795771
6.0,MCALENS,3.428571428571429,0.2998968540484786,0.8797276853252648,0.7594077713954945,0.0041258380608561115,0.7630221763795771
6.0,MCALENS,3.3571428571428577,0.31923671995874164,0.870604781997187,0.7594077713954945,0.0041258380608561115,0.7630221763795771
6.0,MCALENS,3.2857142857142856,0.33909231562661163,0.8600392413342054,0.7594077713954945,0.0041258380608561115,0.7630221763795771
6.0,MCALENS,3.2142857142857144,0.35817431665807115,0.8474679682733374,0.7594077713954945,0.0041258380608561115,0.7630221763795771
6.0,MCALENS,3.1428571428571432,0.3780299123259412,0.8339021615472128,0.7594077713954945,0.0041258380608561115,0.7630221763795771
6.0,MCALENS,3.071428571428572,0.39736977823620423,0.8196808510638298,0.7594077713954945,0.0041258380608561115,0.7630221763795771
6.0,MCALENS,3.0,0.4179989685404848,0.807673143996014,0.7594077713954945,0.0041258380608561115,0.7630221763795771
6.0,MCALENS,2.928571428571429,0.43604951005673026,0.7890807279514699,0.7594077713954945,0.0041258380608561115,0.7630221763795771
6.0,MCALENS,2.8571428571428577,0.4553893759669933,0.7671589921807124,0.7594077713954945,0.0041258380608561115,0.7630221763795771
6.0,MCALENS,2.7857142857142856,0.47266632284682825,0.754320987654321,0.7594077713954945,0.0041258380608561115,0.7630221763795771
6.0,MCALENS,2.7142857142857144,0.49123259412068077,0.738944918541505,0.7594077713954945,0.0041258380608561115,0.7630221763795771
6.0,MCALENS,2.6428571428571432,0.5110881897885508,0.7238860482103725,0.7594077713954945,0.0041258380608561115,0.7630221763795771
6.0,MCALENS,2.571428571428572,0.5330067044868488,0.7042589437819421,0.7594077713954945,0.0041258380608561115,0.7630221763795771
6.0,MCALENS,2.5,0.5489943269726664,0.6817162984309958,0.7594077713954945,0.0041258380608561115,0.7630221763795771
6.0,MCALENS,2.428571428571429,0.5639504899432697,0.65992757996379,0.7594077713954945,0.0041258380608561115,0.7630221763795771
6.0,MCALENS,2.3571428571428577,0.5801959773078906,0.6382978723404256,0.7594077713954945,0.0041258380608561115,0.7630221763795771
6.0,MCALENS,2.2857142857142865,0.592057761732852,0.6134117018434411,0.7594077713954945,0.0041258380608561115,0.7630221763795771
6.0,MCALENS,2.2142857142857144,0.6036616812790098,0.5907141054756497,0.7594077713954945,0.0041258380608561115,0.7630221763795771
6.0,MCALENS,2.1428571428571432,0.6134605466735431,0.5661589719181342,0.7594077713954945,0.0041258380608561115,0.7630221763795771
6.0,MCALENS,2.071428571428572,0.6227436823104693,0.5423310128003593,0.7594077713954945,0.0041258380608561115,0.7630221763795771
6.0,MCALENS,2.0,0.631768953068592,0.5202803142917817,0.7594077713954945,0.0041258380608561115,0.7630221763795771
6.0,MCALENS,1.9285714285714288,0.6425992779783394,0.49899879855826995,0.7594077713954945,0.0041258380608561115,0.7630221763795771
6.0,MCALENS,1.8571428571428577,0.6549767921609077,0.4783427495291902,0.7594077713954945,0.0041258380608561115,0.7630221763795771
6.0,MCALENS,1.7857142857142865,0.664775657555441,0.4585556741373177,0.7594077713954945,0.0041258380608561115,0.7630221763795771
6.0,MCALENS,1.7142857142857144,0.6738009283135636,0.4366644385026738,0.7594077713954945,0.0041258380608561115,0.7630221763795771
6.0,MCALENS,1.6428571428571432,0.6843733883445074,0.41815030723176305,0.7594077713954945,0.0041258380608561115,0.7630221763795771
6.0,MCALENS,1.571428571428572,0.6931407942238267,0.39698715108551175,0.7594077713954945,0.0041258380608561115,0.7630221763795771
6.0,MCALENS,1.5,0.6995874161939144,0.3765440666204025,0.7594077713954945,0.0041258380608561115,0.7630221763795771
6.0,MCALENS,1.4285714285714288,0.7080969571944301,0.3570406969184761,0.7594077713954945,0.0041258380608561115,0.7630221763795771
6.0,MCALENS,1.3571428571428577,0.7181536874677669,0.33909655424327284,0.7594077713954945,0.0041258380608561115,0.7630221763795771
6.0,MCALENS,1.2857142857142865,0.7258896338318721,0.32252520623281394,0.7594077713954945,0.0041258380608561115,0.7630221763795771
6.0,MCALENS,1.2142857142857144,0.7333677153171738,0.3069285560112238,0.7594077713954945,0.0041258380608561115,0.7630221763795771
6.0,MCALENS,1.1428571428571432,0.7403300670448685,0.28915298620203445,0.7594077713954945,0.0041258380608561115,0.7630221763795771
6.0,MCALENS,1.071428571428572,0.7449716348633316,0.272059515961955,0.7594077713954945,0.0041258380608561115,0.7630221763795771
6.0,MCALENS,1.0,0.7483238782877772,0.25482964524060414,0.7594077713954945,0.0041258380608561115,0.7630221763795771
6.0,MCALENS,0.9285714285714288,0.7514182568334193,0.23932325886990802,0.7594077713954945,0.0041258380608561115,0.7630221763795771
6.0,MCALENS,0.8571428571428577,0.7560598246518824,0.2243476930140026,0.7594077713954945,0.0041258380608561115,0.7630221763795771
6.0,MCALENS,0.7857142857142865,0.758380608561114,0.2110967556703991,0.7594077713954945,0.0041258380608561115,0.7630221763795771
6.0,MCALENS,0.7142857142857144,0.7622485817431666,0.1981498860437056,0.7594077713954945,0.0041258380608561115,0.7630221763795771
6.0,MCALENS,0.6428571428571432,0.7671480144404332,0.1870245803734205,0.7594077713954945,0.0041258380608561115,0.7630221763795771
6.0,MCALENS,0.5714285714285721,0.7689530685920578,0.17510275983558427,0.7594077713954945,0.0041258380608561115,0.7630221763795771
6.0,MCALENS,0.5,0.7697266632284683,0.1644899983468342,0.7594077713954945,0.0041258380608561115,0.7630221763795771
6.0,MCALENS,0.4285714285714288,0.7710159876224858,0.15464983966070137,0.7594077713954945,0.0041258380608561115,0.7630221763795771
6.0,MCALENS,0.35714285714285765,0.7715317173800929,0.14606522163639915,0.7594077713954945,0.0041258380608561115,0.7630221763795771
6.0,MCALENS,0.2857142857142865,0.7725631768953068,0.1387037037037037,0.7594077713954945,0.0041258380608561115,0.7630221763795771
6.0,MCALENS,0.2142857142857144,0.7730789066529139,0.13158356741573032,0.7594077713954945,0.0041258380608561115,0.7630221763795771
6.0,MCALENS,0.14285714285714324,0.7735946364105208,0.12559658377292138,0.7594077713954945,0.0041258380608561115,0.7630221763795771
6.0,MCALENS,0.07142857142857206,0.7735946364105208,0.12000480019200768,0.7594077713954945,0.0041258380608561115,0.7630221763795771
6.0,MCALENS,0.0,0.7738525012893244,0.11527233617577015,0.7594077713954945,0.0041258380608561115,0.7630221763795771
6.0,MCALENS,-0.07142857142857117,0.7738525012893244,0.11329658713379644,0.7594077713954945,0.0041258380608561115,0.7630221763795771
6.0,MCALENS,-0.14285714285714235,0.7738525012893244,0.1115115933412604,0.7594077713954945,0.0041258380608561115,0.7630221763795771
6.0,MCALENS,-0.21428571428571352,0.7738525012893244,0.10986637378729636,0.7594077713954945,0.0041258380608561115,0.7630221763795771
6.0,MCALENS,-0.2857142857142847,0.7738525012893244,0.10833543915382116,0.7594077713954945,0.0041258380608561115,0.7630221763795771
6.0,MCALENS,-0.3571428571428559,0.7738525012893244,0.10722452479634129,0.7594077713954945,0.0041258380608561115,0.7630221763795771
6.0,MCALENS,-0.4285714285714288,0.7738525012893244,0.10639957454352066,0.7594077713954945,0.0041258380608561115,0.7630221763795771
6.0,MCALENS,-0.5,0.7738525012893244,0.1056950656852041,0.7594077713954945,0.0041258380608561115,0.7630221763795771
6.0,FUSION,8.0,0.0025786487880350697,1.0,0.7787522773136559,0.0041258380608561115,0.7630221763795771
6.0,FUSION,7.928571428571429,0.0025786487880350697,1.0,0.7787522773136559,0.0041258380608561115,0.7630221763795771
6.0,FUSION,7.857142857142857,0.0028365136668385767,1.0,0.7787522773136559,0.0041258380608561115,0.7630221763795771
6.0,FUSION,7.785714285714286,0.0030943785456420837,1.0,0.7787522773136559,0.0041258380608561115,0.7630221763795771
6.0,FUSION,7.714285714285714,0.0036101083032490976,1.0,0.7787522773136559,0.0041258380608561115,0.7630221763795771
6.0,FUSION,7.642857142857143,0.0036101083032490976,1.0,0.7787522773136559,0.0041258380608561115,0.7630221763795771
6.0,FUSION,7.571428571428571,0.0038679731820526046,1.0,0.7787522773136559,0.0041258380608561115,0.7630221763795771
6.0,FUSION,7.5,0.0038679731820526046,1.0,0.7787522773136559,0.0041258380608561115,0.7630221763795771
6.0,FUSION,7.428571428571429,0.0041258380608561115,1.0,0.7787522773136559,0.0041258380608561115,0.7630221763795771
6.0,FUSION,7.357142857142858,0.0046415678184631255,1.0,0.7787522773136559,0.0041258380608561115,0.7630221763795771
6.0,FUSION,7.285714285714286,0.005157297576070139,1.0,0.7787522773136559,0.0041258380608561115,0.7630221763795771
6.0,FUSION,7.214285714285714,0.005157297576070139,1.0,0.7787522773136559,0.0041258380608561115,0.7630221763795771
6.0,FUSION,7.142857142857143,0.005157297576070139,1.0,0.7787522773136559,0.0041258380608561115,0.7630221763795771
6.0,FUSION,7.071428571428571,0.005157297576070139,1.0,0.7787522773136559,0.0041258380608561115,0.7630221763795771
6.0,FUSION,7.0,0.005673027333677153,1.0,0.7787522773136559,0.0041258380608561115,0.7630221763795771
6.0,FUSION,6.928571428571429,0.006446621970087674,1.0,0.7787522773136559,0.0041258380608561115,0.7630221763795771
6.0,FUSION,6.857142857142858,0.007735946364105209,1.0,0.7787522773136559,0.0041258380608561115,0.7630221763795771
6.0,FUSION,6.785714285714286,0.00850954100051573,1.0,0.7787522773136559,0.0041258380608561115,0.7630221763795771
6.0,FUSION,6.714285714285714,0.009541000515729758,1.0,0.7787522773136559,0.0041258380608561115,0.7630221763795771
6.0,FUSION,6.642857142857143,0.009798865394533264,1.0,0.7787522773136559,0.0041258380608561115,0.7630221763795771
6.0,FUSION,6.571428571428571,0.010572460030943786,1.0,0.7787522773136559,0.0041258380608561115,0.7630221763795771
6.0,FUSION,6.5,0.011346054667354307,1.0,0.7787522773136559,0.0041258380608561115,0.7630221763795771
6.0,FUSION,6.428571428571429,0.011603919546157814,1.0,0.7787522773136559,0.0041258380608561115,0.7630221763795771
6.0,FUSION,6.357142857142858,0.012119649303764827,1.0,0.7787522773136559,0.0041258380608561115,0.7630221763795771
6.0,FUSION,6.285714285714286,0.012119649303764827,1.0,0.7787522773136559,0.0041258380608561115,0.7630221763795771
6.0,FUSION,6.214285714285714,0.013924703455389376,1.0,0.7787522773136559,0.0041258380608561115,0.7630221763795771
6.0,FUSION,6.142857142857143,0.014698298091799896,1.0,0.7787522773136559,0.0041258380608561115,0.7630221763795771
6.0,FUSION,6.071428571428571,0.016761217122227952,1.0,0.7787522773136559,0.0041258380608561115,0.7630221763795771
6.0,FUSION,6.0,0.017534811758638472,0.9855072463768116,0.7787522773136559,0.0041258380608561115,0.7630221763795771
6.0,FUSION,5.928571428571429,0.018566271273852502,0.9863013698630136,0.7787522773136559,0.0041258380608561115,0.7630221763795771
6.0,FUSION,5.857142857142858,0.020629190304280558,0.9876543209876543,0.7787522773136559,0.0041258380608561115,0.7630221763795771
6.0,FUSION,5.7857142857142865,0.021660649819494584,0.9882352941176471,0.7787522773136559,0.0041258380608561115,0.7630221763795771
6.0,FUSION,5.714285714285714,0.02294997421351212,0.9888888888888889,0.7787522773136559,0.0041258380608561115,0.7630221763795771
6.0,FUSION,5.642857142857142,0.023465703971119134,0.9891304347826086,0.7787522773136559,0.0041258380608561115,0.7630221763795771
6.0,FUSION,5.571428571428571,0.02475502836513667,0.9896907216494846,0.7787522773136559,0.0041258380608561115,0.7630221763795771
6.0,FUSION,5.5,0.026044352759154205,0.9805825242718447,0.7787522773136559,0.0041258380608561115,0.7630221763795771
6.0,FUSION,5.428571428571429,0.02784940691077875,0.9818181818181818,0.7787522773136559,0.0041258380608561115,0.7630221763795771
6.0,FUSION,5.357142857142858,0.030428055698813822,0.9833333333333333,0.7787522773136559,0.0041258380608561115,0.7630221763795771
6.0,FUSION,5.2857142857142865,0.03171738009283136,0.984,0.7787522773136559,0.0041258380608561115,0.7630221763795771
6.0,FUSION,5.214285714285714,0.03429602888086643,0.9851851851851852,0.7787522773136559,0.0041258380608561115,0.7630221763795771
6.0,FUSION,5.142857142857143,0.0368746776689015,0.9727891156462585,0.7787522773136559,0.0041258380608561115,0.7630221763795771
6.0,FUSION,5.071428571428571,0.03945332645693656,0.9745222929936306,0.7787522773136559,0.0041258380608561115,0.7630221763795771
6.0,FUSION,5.0,0.04203197524497163,0.9760479041916168,0.7787522773136559,0.0041258380608561115,0.7630221763795771
6.0,FUSION,4.928571428571429,0.0446106240330067,0.9719101123595506,0.7787522773136559,0.0041258380608561115,0.7630221763795771
6.0,FUSION,4.857142857142858,0.048736462093862815,0.9742268041237113,0.7787522773136559,0.0041258380608561115,0.7630221763795771
6.0,FUSION,4.7857142857142865,0.05312016503352243,0.9716981132075472,0.7787522773136559,0.0041258380608561115,0.7630221763795771
6.0,FUSION,4.714285714285714,0.05724600309437854,0.9694323144104804,0.7787522773136559,0.0041258380608561115,0.7630221763795771
6.0,FUSION,4.642857142857143,0.06059824651882414,0.9710743801652892,0.7787522773136559,0.0041258380608561115,0.7630221763795771
6.0,FUSION,4.571428571428571,0.06678700361010831,0.9736842105263158,0.7787522773136559,0.0041258380608561115,0.7630221763795771
6.0,FUSION,4.5,0.07168643630737494,0.9754385964912281,0.7787522773136559,0.0041258380608561115,0.7630221763795771
6.0,FUSION,4.428571428571429,0.07632800412583807,0.976897689768977,0.7787522773136559,0.0041258380608561115,0.7630221763795771
6.0,FUSION,4.357142857142858,0.08071170706549768,0.9720496894409938,0.7787522773136559,0.0041258380608561115,0.7630221763795771
6.0,FUSION,4.2857142857142865,0.08457968024755029,0.9647058823529412,0.7787522773136559,0.0041258380608561115,0.7630221763795771
6.0,FUSION,4.214285714285714,0.09051057246003094,0.9669421487603306,0.7787522773136559,0.0041258380608561115,0.7630221763795771
6.0,FUSION,4.142857142857143,0.09695719443011862,0.9665809768637532,0.7787522773136559,0.0041258380608561115,0.7630221763795771
6.0,FUSION,4.071428571428571,0.10185662712738525,0.9610705596107056,0.7787522773136559,0.0041258380608561115,0.7630221763795771
6.0,FUSION,4.0,0.11346054667354306,0.9565217391304348,0.7787522773136559,0.0041258380608561115,0.7630221763795771
6.0,FUSION,3.928571428571429,0.11939143888602373,0.9566115702479339,0.7787522773136559,0.0041258380608561115,0.7630221763795771
6.0,FUSION,3.8571428571428577,0.12558019597730788,0.9549019607843138,0.7787522773136559,0.0041258380608561115,0.7630221763795771
6.0,FUSION,3.7857142857142856,0.13357400722021662,0.9574861367837338,0.7787522773136559,0.0041258380608561115,0.7630221763795771
6.0,FUSION,3.7142857142857144,0.14156781846312533,0.951473136915078,0.7787522773136559,0.0041258380608561115,0.7630221763795771
6.0,FUSION,3.6428571428571432,0.15652398143372873,0.9484375,0.7787522773136559,0.0041258380608561115,0.7630221763795771
6.0,FUSION,3.571428571428572,0.16915936049510058,0.9452449567723343,0.7787522773136559,0.0041258380608561115,0.7630221763795771
6.0,FUSION,3.5,0.18359979370809695,0.9430463576158941,0.7787522773136559,0.0041258380608561115,0.7630221763795771
6.0,FUSION,3.428571428571429,0.19932955131511088,0.9358353510895884,0.7787522773136559,0.0041258380608561115,0.7630221763795771
6.0,FUSION,3.3571428571428577,0.21557503867973182,0.9319955406911928,0.7787522773136559,0.0041258380608561115,0.7630221763795771
6.0,FUSION,3.2857142857142856,0.2294997421351212,0.9241952232606438,0.7787522773136559,0.0041258380608561115,0.7630221763795771
6.0,FUSION,3.2142857142857144,0.24574522949974215,0.9163461538461538,0.7787522773136559,0.0041258380608561115,0.7630221763795771
6.0,FUSION,3.1428571428571432,0.26456936565239814,0.9047619047619048,0.7787522773136559,0.0041258380608561115,0.7630221763795771
6.0,FUSION,3.071428571428572,0.28365136668385765,0.900163666121113,0.7787522773136559,0.0041258380608561115,0.7630221763795771
6.0,FUSION,3.0,0.30505415162454874,0.8941798941798942,0.7787522773136559,0.0041258380608561115,0.7630221763795771
6.0,FUSION,2.928571428571429,0.3243940175348118,0.8809523809523809,0.7787522773136559,0.0041258380608561115,0.7630221763795771
6.0,FUSION,2.8571428571428577,0.3457968024755028,0.8719115734720416,0.7787522773136559,0.0041258380608561115,0.7630221763795771
6.0,FUSION,2.7857142857142856,0.3666838576585869,0.8576598311218335,0.7787522773136559,0.0041258380608561115,0.7630221763795771
6.0,FUSION,2.7142857142857144,0.388602372356885,0.8409598214285714,0.7787522773136559,0.0041258380608561115,0.7630221763795771
6.0,FUSION,2.6428571428571432,0.41026302217637955,0.8217975206611571,0.7787522773136559,0.0041258380608561115,0.7630221763795771
6.0,FUSION,2.571428571428572,0.4345023207839092,0.8077660594439118,0.7787522773136559,0.0041258380608561115,0.7630221763795771
6.0,FUSION,2.5,0.4577101598762249,0.7945389435989257,0.7787522773136559,0.0041258380608561115,0.7630221763795771
6.0,FUSION,2.428571428571429,0.47962867457452296,0.7727461570419609,0.7787522773136559,0.0041258380608561115,0.7630221763795771
6.0,FUSION,2.3571428571428577,0.5030943785456421,0.7457951070336392,0.7787522773136559,0.0041258380608561115,0.7630221763795771
6.0,FUSION,2.2857142857142865,0.5265600825167612,0.7246273953158269,0.7787522773136559,0.0041258380608561115,0.7630221763795771
6.0,FUSION,2.2142857142857144,0.5484785972150593,0.7026759167492567,0.7787522773136559,0.0041258380608561115,0.7630221763795771
6.0,FUSION,2.1428571428571432,0.5693656523981434,0.6791756382651492,0.7787522773136559,0.0041258380608561115,0.7630221763795771
6.0,FUSION,2.071428571428572,0.5884476534296029,0.6521863389539868,0.7787522773136559,0.0041258380608561115,0.7630221763795771
6.0,FUSION,2.0,0.6090768437338835,0.6225619399051133,0.7787522773136559,0.0041258380608561115,0.7630221763795771
6.0,FUSION,1.9285714285714288,0.6250644662197009,0.591796875,0.7787522773136559,0.0041258380608561115,0.7630221763795771
6.0,FUSION,1.8571428571428577,0.6405363589479113,0.5619909502262443,0.7787522773136559,0.0041258380608561115,0.7630221763795771
6.0,FUSION,1.7857142857142865,0.6570397111913358,0.533500837520938,0.7787522773136559,0.0041258380608561115,0.7630221763795771
6.0,FUSION,1.7142857142857144,0.6748323878287777,0.5029790505477609,0.7787522773136559,0.0041258380608561115,0.7630221763795771
6.0,FUSION,1.6428571428571432,0.6859205776173285,0.4734781060875756,0.7787522773136559,0.0041258380608561115,0.7630221763795771
6.0,FUSION,1.571428571428572,0.6975244971634863,0.4449745023852607,0.7787522773136559,0.0041258380608561115,0.7630221763795771
6.0,FUSION,1.5,0.7055183084063951,0.41605839416058393,0.7787522773136559,0.0041258380608561115,0.7630221763795771
6.0,FUSION,1.4285714285714288,0.7153171738009283,0.3912552891396333,0.7787522773136559,0.0041258380608561115,0.7630221763795771
6.0,FUSION,1.3571428571428577,0.725373904074265,0.3685796645702306,0.7787522773136559,0.0041258380608561115,0.7630221763795771
6.0,FUSION,1.2857142857142865,0.7318205260443528,0.34429212665291764,0.7787522773136559,0.0041258380608561115,0.7630221763795771
6.0,FUSION,1.2142857142857144,0.7372356884992264,0.32217714672075726,0.7787522773136559,0.0041258380608561115,0.7630221763795771
6.0,FUSION,1.1428571428571432,0.7426508509541001,0.30204509701101206,0.7787522773136559,0.0041258380608561115,0.7630221763795771
6.0,FUSION,1.071428571428572,0.7480660134089737,0.28239073298938966,0.7787522773136559,0.0041258380608561115,0.7630221763795771
6.0,FUSION,1.0,0.7529654461062403,0.26437301946582165,0.7787522773136559,0.0041258380608561115,0.7630221763795771
6.0,FUSION,0.9285714285714288,0.7591542031975245,0.2471042471042471,0.7787522773136559,0.0041258380608561115,0.7630221763795771
6.0,FUSION,0.8571428571428577,0.7635379061371841,0.23100327664222187,0.7787522773136559,0.0041258380608561115,0.7630221763795771
6.0,FUSION,0.7857142857142865,0.7668901495616297,0.21547601796841037,0.7787522773136559,0.0041258380608561115,0.7630221763795771
6.0,FUSION,0.7142857142857144,0.7689530685920578,0.20195042665583096,0.7787522773136559,0.0041258380608561115,0.7630221763795771
6.0,FUSION,0.6428571428571432,0.7715317173800929,0.1896191140122948,0.7787522773136559,0.0041258380608561115,0.7630221763795771
6.0,FUSION,0.5714285714285721,0.7738525012893244,0.17797414304352982,0.7787522773136559,0.0041258380608561115,0.7630221763795771
6.0,FUSION,0.5,0.7743682310469314,0.16684260236679815,0.7787522773136559,0.0041258380608561115,0.7630221763795771
6.0,FUSION,0.4285714285714288,0.7748839608045385,0.15683716075156576,0.7787522773136559,0.0041258380608561115,0.7630221763795771
6.0,FUSION,0.35714285714285765,0.7756575554409489,0.1480387814360943,0.7787522773136559,0.0041258380608561115,0.7630221763795771
6.0,FUSION,0.2857142857142865,0.7756575554409489,0.14008289479811856,0.7787522773136559,0.0041258380608561115,0.7630221763795771
6.0,FUSION,0.2142857142857144,0.7759154203197525,0.1332182228715633,0.7787522773136559,0.0041258380608561115,0.7630221763795771
6.0,FUSION,0.14285714285714324,0.7766890149561629,0.12701357847684913,0.7787522773136559,0.0041258380608561115,0.7630221763795771
6.0,FUSION,0.07142857142857206,0.7769468798349665,0.12150173401080733,0.7787522773136559,0.0041258380608561115,0.7630221763795771
6.0,FUSION,0.0,0.77720474471377,0.11661378936779386,0.7787522773136559,0.0041258380608561115,0.7630221763795771
6.0,FUSION,-0.07142857142857117,0.77720474471377,0.11425322213798332,0.7787522773136559,0.0041258380608561115,0.7630221763795771
6.0,FUSION,-0.14285714285714235,0.77720474471377,0.11248367232692666,0.7787522773136559,0.0041258380608561115,0.7630221763795771
6.0,FUSION,-0.21428571428571352,0.77720474471377,0.11091892687594303,0.7787522773136559,0.0041258380608561115,0.7630221763795771
6.0,FUSION,-0.2857142857142847,0.77720474471377,0.10968775020016013,0.7787522773136559,0.0041258380608561115,0.7630221763795771
6.0,FUSION,-0.3571428571428559,0.77720474471377,0.10837828119381518,0.7787522773136559,0.0041258380608561115,0.7630221763795771
6.0,FUSION,-0.4285714285714288,0.77720474471377,0.1073552983081033,0.7787522773136559,0.0041258380608561115,0.7630221763795771
6.0,FUSION,-0.5,0.77720474471377,0.1065883933939244,0.7787522773136559,0.0041258380608561115,0.7630221763795771
