c,r,p,method,observed_mean,mean_after
0,10,0,TRUTH,0.0010508563465106875,0.0010508563465106875
0,10,0,GAUSSIAN_STARLET,0.0005466390541727378,0.0005466390541727378
0,10,0,MCALENS,0.000980974754923798,0.000980974754923798
0,10,0,FUSION,0.000550164788365205,0.000550164788365205
0,10,1,TRUTH,0.0009247896654205004,0.0009247896654205004
0,10,1,GAUSSIAN_STARLET,0.0007939259356579296,0.0007939259356579296
0,10,1,MCALENS,0.0011224130194012083,0.0011224130194012083
0,10,1,FUSION,0.0007937289027490093,0.0007937289027490093
0,10,2,TRUTH,0.0029619725030176377,0.0029619725030176377
0,10,2,GAUSSIAN_STARLET,-0.00039599289454592996,-0.00039599289454592996
0,10,2,MCALENS,-4.5188230187964835e-05,-4.5188230187964835e-05
0,10,2,FUSION,-0.0003848145179791437,-0.0003848145179791437
0,10,3,TRUTH,0.00023314410169354165,0.00023314410169354165
0,10,3,GAUSSIAN_STARLET,0.00014385757207952603,0.00014385757207952603
0,10,3,MCALENS,0.0008721687130287628,0.0008721687130287628
0,10,3,FUSION,0.00016026754732343372,0.00016026754732343372
0,10,4,TRUTH,0.00020899608283269576,0.00020899608283269576
0,10,4,GAUSSIAN_STARLET,0.0002530852723790896,0.0002530852723790896
0,10,4,MCALENS,0.0013398249438438085,0.0013398249438438085
0,10,4,FUSION,0.00025690334306625987,0.00025690334306625987
0,10,5,TRUTH,-0.0004660172882748602,-0.0004660172882748602
0,10,5,GAUSSIAN_STARLET,0.0002707442852203835,0.0002707442852203835
0,10,5,MCALENS,0.0007703206761995896,0.0007703206761995896
0,10,5,FUSION,0.00027433320040396196,0.00027433320040396196
0,10,6,TRUTH,0.002107059473861978,0.002107059473861978
0,10,6,GAUSSIAN_STARLET,7.366356904899521e-05,7.366356904899521e-05
0,10,6,MCALENS,0.0005962934984214463,0.0005962934984214463
0,10,6,FUSION,7.591038708138264e-05,7.591038708138264e-05
0,10,7,TRUTH,-0.001553421718781866,-0.001553421718781866
0,10,7,GAUSSIAN_STARLET,0.0004910490384481748,0.0004910490384481748
0,10,7,MCALENS,0.0006883019933791228,0.0006883019933791228
0,10,7,FUSION,0.0004910853812477222,0.0004910853812477222
0,11,0,TRUTH,0.0010749184398634857,0.0010749184398634857
0,11,0,GAUSSIAN_STARLET,-0.0002826215613718921,-0.0002826215613718921
0,11,0,MCALENS,4.1633933148055584e-05,4.1633933148055584e-05
0,11,0,FUSION,-0.0002690130980033985,-0.0002690130980033985
0,11,1,TRUTH,-0.002219669140247303,-0.002219669140247303
0,11,1,GAUSSIAN_STARLET,-0.0004167779055877731,-0.0004167779055877731
0,11,1,MCALENS,-0.00011508916877619687,-0.00011508916877619687
0,11,1,FUSION,-0.0004169541551478583,-0.0004169541551478583
0,11,2,TRUTH,-0.0003600593353643135,-0.0003600593353643135
0,11,2,GAUSSIAN_STARLET,-0.0003620818409442721,-0.0003620818409442721
0,11,2,MCALENS,-0.00010516156938099616,-0.00010516156938099616
0,11,2,FUSION,-0.0003546468282359493,-0.0003546468282359493
0,11,3,TRUTH,-0.0005038765708024019,-0.0005038765708024019
0,11,3,GAUSSIAN_STARLET,-0.00020296433257914638,-0.00020296433257914638
0,11,3,MCALENS,0.000416985286565761,0.000416985286565761
0,11,3,FUSION,-0.00019806488849105018,-0.00019806488849105018
0,11,4,TRUTH,-0.0007706325808457952,-0.0007706325808457952
0,11,4,GAUSSIAN_STARLET,7.47775453731676e-05,7.47775453731676e-05
0,11,4,MCALENS,0.0006637949804692578,0.0006637949804692578
0,11,4,FUSION,7.639574082525618e-05,7.639574082525618e-05
0,11,5,TRUTH,-0.0002939531435688759,-0.0002939531435688759
0,11,5,GAUSSIAN_STARLET,-0.00026541977561465743,-0.00026541977561465743
0,11,5,MCALENS,0.00020325138067420496,0.00020325138067420496
0,11,5,FUSION,-0.0002585299230235119,-0.0002585299230235119
0,11,6,TRUTH,-0.001018961619215402,-0.001018961619215402
0,11,6,GAUSSIAN_STARLET,-0.0005910401121322866,-0.0005910401121322866
0,11,6,MCALENS,-0.00019511253858512216,-0.00019511253858512216
0,11,6,FUSION,-0.000576084795738666,-0.000576084795738666
0,11,7,TRUTH,-0.0009195987335563754,-0.0009195987335563754
0,11,7,GAUSSIAN_STARLET,-0.00023493985364859125,-0.00023493985364859125
0,11,7,MCALENS,0.00017119913429096154,0.00017119913429096154
0,11,7,FUSION,-0.0002225671061828177,-0.0002225671061828177
0,12,0,TRUTH,0.00042794498697492776,0.00042794498697492776
0,12,0,GAUSSIAN_STARLET,4.1415862945836386e-05,4.1415862945836386e-05
0,12,0,MCALENS,0.0004132628156880953,0.0004132628156880953
0,12,0,FUSION,6.113116121138057e-05,6.113116121138057e-05
0,12,1,TRUTH,0.0002686989338771584,0.0002686989338771584
0,12,1,GAUSSIAN_STARLET,-0.0005399011836736065,-0.0005399011836736065
0,12,1,MCALENS,3.983239640549389e-05,3.983239640549389e-05
0,12,1,FUSION,-0.000518322028345783,-0.000518322028345783
0,12,2,TRUTH,-0.001917912837714794,-0.001917912837714794
0,12,2,GAUSSIAN_STARLET,-0.0002587974755501265,-0.0002587974755501265
0,12,2,MCALENS,0.00011378608630742468,0.00011378608630742468
0,12,2,FUSION,-0.0002318407993659388,-0.0002318407993659388
0,12,3,TRUTH,-0.0030050852105279156,-0.0030050852105279156
0,12,3,GAUSSIAN_STARLET,-0.0010587722035806722,-0.0010587722035806722
0,12,3,MCALENS,-0.0007791808271389582,-0.0007791808271389582
0,12,3,FUSION,-0.0010538949407319822,-0.0010538949407319822
0,12,4,TRUTH,-0.0011911616277128897,-0.0011911616277128897
0,12,4,GAUSSIAN_STARLET,1.3284033723245123e-06,1.3284033723245123e-06
0,12,4,MCALENS,0.0008056789130129768,0.0008056789130129768
0,12,4,FUSION,6.772485330611536e-06,6.772485330611536e-06
0,12,5,TRUTH,0.0001274862690945216,0.0001274862690945216
0,12,5,GAUSSIAN_STARLET,-9.798449381071929e-05,-9.798449381071929e-05
0,12,5,MCALENS,0.0004375753639103081,0.0004375753639103081
0,12,5,FUSION,-9.612704102704416e-05,-9.612704102704416e-05
0,12,6,TRUTH,0.0018593847554990923,0.0018593847554990923
0,12,6,GAUSSIAN_STARLET,-0.0002668834172719081,-0.0002668834172719081
0,12,6,MCALENS,9.578986705903018e-05,9.578986705903018e-05
0,12,6,FUSION,-0.0002608063484000629,-0.0002608063484000629
0,12,7,TRUTH,0.0006561442630121523,0.0006561442630121523
0,12,7,GAUSSIAN_STARLET,-1.657688172026194e-05,-1.657688172026194e-05
0,12,7,MCALENS,0.0005685526167859844,0.0005685526167859844
0,12,7,FUSION,5.498566806969905e-07,5.498566806969905e-07
0,13,0,TRUTH,-0.003219811742976152,-0.003219811742976152
0,13,0,GAUSSIAN_STARLET,-0.000929836861735123,-0.000929836861735123
0,13,0,MCALENS,-0.0006640533456891076,-0.0006640533456891076
0,13,0,FUSION,-0.0009238646168800603,-0.0009238646168800603
0,13,1,TRUTH,-0.00024688691671482393,-0.00024688691671482393
0,13,1,GAUSSIAN_STARLET,-0.0009370735359113636,-0.0009370735359113636
0,13,1,MCALENS,-0.0007997028778962642,-0.0007997028778962642
0,13,1,FUSION,-0.0009307710044083484,-0.0009307710044083484
0,13,2,TRUTH,-0.0011225680928323438,-0.0011225680928323438
0,13,2,GAUSSIAN_STARLET,-0.0006578166927208864,-0.0006578166927208864
0,13,2,MCALENS,-0.00045797739409028166,-0.00045797739409028166
0,13,2,FUSION,-0.0006570290751274064,-0.0006570290751274064
0,13,3,TRUTH,-0.0017047100120565122,-0.0017047100120565122
0,13,3,GAUSSIAN_STARLET,-0.0003431230986150394,-0.0003431230986150394
0,13,3,MCALENS,0.0001140516112592389,0.0001140516112592389
0,13,3,FUSION,-0.00033947638275756454,-0.00033947638275756454
0,13,4,TRUTH,-0.0018095109646190347,-0.0018095109646190347
0,13,4,GAUSSIAN_STARLET,-1.0928495571677198e-06,-1.0928495571677198e-06
0,13,4,MCALENS,0.0006966539465687063,0.0006966539465687063
0,13,4,FUSION,2.5416065946743233e-06,2.5416065946743233e-06
0,13,5,TRUTH,-0.0008054940274101262,-0.0008054940274101262
0,13,5,GAUSSIAN_STARLET,-0.00045435017796742136,-0.00045435017796742136
0,13,5,MCALENS,0.00026555275478028727,0.00026555275478028727
0,13,5,FUSION,-0.0004454913472554443,-0.0004454913472554443
0,13,6,TRUTH,-0.002289154523672738,-0.002289154523672738
0,13,6,GAUSSIAN_STARLET,-0.0006552964152872965,-0.0006552964152872965
0,13,6,MCALENS,-0.00034343142118685574,-0.00034343142118685574
0,13,6,FUSION,-0.0006497706323139793,-0.0006497706323139793
0,13,7,TRUTH,-0.001380104783074793,-0.001380104783074793
0,13,7,GAUSSIAN_STARLET,-0.0008302833446136472,-0.0008302833446136472
0,13,7,MCALENS,-0.0005825861915468429,-0.0005825861915468429
0,13,7,FUSION,-0.0008256094521764643,-0.0008256094521764643
0,14,0,TRUTH,0.0009718261233447402,0.0009718261233447402
0,14,0,GAUSSIAN_STARLET,-3.775969109013964e-05,-3.775969109013964e-05
0,14,0,MCALENS,0.00048409186329915013,0.00048409186329915013
0,14,0,FUSION,2.0325202028758997e-06,2.0325202028758997e-06
0,14,1,TRUTH,0.000127507163612761,0.000127507163612761
0,14,1,GAUSSIAN_STARLET,-0.00010020674181380423,-0.00010020674181380423
0,14,1,MCALENS,0.00033443692508544783,0.00033443692508544783
0,14,1,FUSION,-8.708356390202281e-05,-8.708356390202281e-05
0,14,2,TRUTH,-0.0003569870350136385,-0.0003569870350136385
0,14,2,GAUSSIAN_STARLET,1.2991993524353442e-05,1.2991993524353442e-05
0,14,2,MCALENS,0.0003822595913472867,0.0003822595913472867
0,14,2,FUSION,1.949622150487573e-05,1.949622150487573e-05
0,14,3,TRUTH,0.0019255682290862846,0.0019255682290862846
0,14,3,GAUSSIAN_STARLET,0.0006037139199535419,0.0006037139199535419
0,14,3,MCALENS,0.0011260278646188608,0.0011260278646188608
0,14,3,FUSION,0.0006069291656268325,0.0006069291656268325
0,14,4,TRUTH,-0.00043391488677438123,-0.00043391488677438123
0,14,4,GAUSSIAN_STARLET,-0.00011917611000035027,-0.00011917611000035027
0,14,4,MCALENS,0.0007158806934967325,0.0007158806934967325
0,14,4,FUSION,-0.00011297431399271691,-0.00011297431399271691
0,14,5,TRUTH,5.2025015276735535e-05,5.2025015276735535e-05
0,14,5,GAUSSIAN_STARLET,-0.00013969470717698247,-0.00013969470717698247
0,14,5,MCALENS,0.0005222290119771947,0.0005222290119771947
0,14,5,FUSION,-0.00012212031840119257,-0.00012212031840119257
0,14,6,TRUTH,-0.0027914015378778996,-0.0027914015378778996
0,14,6,GAUSSIAN_STARLET,-0.00037220910942276433,-0.00037220910942276433
0,14,6,MCALENS,-0.0002177114709246025,-0.0002177114709246025
0,14,6,FUSION,-0.00037201050018869475,-0.00037201050018869475
0,14,7,TRUTH,-0.0014041772836936141,-0.0014041772836936141
0,14,7,GAUSSIAN_STARLET,-2.9111320354443713e-05,-2.9111320354443713e-05
0,14,7,MCALENS,0.0005012546813761039,0.0005012546813761039
0,14,7,FUSION,-1.7646429597938942e-05,-1.7646429597938942e-05
0,15,0,TRUTH,-0.0011074351186816643,-0.0011074351186816643
0,15,0,GAUSSIAN_STARLET,-0.00011425637810651123,-0.00011425637810651123
0,15,0,MCALENS,0.0002681672108313702,0.0002681672108313702
0,15,0,FUSION,-0.00010182458880252859,-0.00010182458880252859
0,15,1,TRUTH,0.0006246541137217653,0.0006246541137217653
0,15,1,GAUSSIAN_STARLET,-0.0001657503918425205,-0.0001657503918425205
0,15,1,MCALENS,-2.7490480604505672e-05,-2.7490480604505672e-05
0,15,1,FUSION,-0.00016175950532903419,-0.00016175950532903419
0,15,2,TRUTH,0.0004670357698165652,0.0004670357698165652
0,15,2,GAUSSIAN_STARLET,0.0001271056284741162,0.0001271056284741162
0,15,2,MCALENS,0.0004155366383702989,0.0004155366383702989
0,15,2,FUSION,0.00013932938076380243,0.00013932938076380243
0,15,3,TRUTH,-0.0007835317753384207,-0.0007835317753384207
0,15,3,GAUSSIAN_STARLET,6.967127121886241e-05,6.967127121886241e-05
0,15,3,MCALENS,0.0003644613482443081,0.0003644613482443081
0,15,3,FUSION,7.585459135738387e-05,7.585459135738387e-05
0,15,4,TRUTH,-0.0012673695266025508,-0.0012673695266025508
0,15,4,GAUSSIAN_STARLET,4.081698846160039e-06,4.081698846160039e-06
0,15,4,MCALENS,0.0007055066925798435,0.0007055066925798435
0,15,4,FUSION,1.0518959073112296e-05,1.0518959073112296e-05
0,15,5,TRUTH,0.0004139875249593206,0.0004139875249593206
0,15,5,GAUSSIAN_STARLET,0.00011137832472519869,0.00011137832472519869
0,15,5,MCALENS,0.000925033262147483,0.000925033262147483
0,15,5,FUSION,0.0001272835267620979,0.0001272835267620979
0,15,6,TRUTH,-8.155837429393838e-05,-8.155837429393838e-05
0,15,6,GAUSSIAN_STARLET,-0.00025403467155489897,-0.00025403467155489897
0,15,6,MCALENS,-1.404724269084156e-05,-1.404724269084156e-05
0,15,6,FUSION,-0.00024920729643822037,-0.00024920729643822037
0,15,7,TRUTH,1.2511419940858106e-05,1.2511419940858106e-05
0,15,7,GAUSSIAN_STARLET,-0.00033312492325085404,-0.00033312492325085404
0,15,7,MCALENS,0.00011425830323708766,0.00011425830323708766
0,15,7,FUSION,-0.000330637115949499,-0.000330637115949499
0,16,0,TRUTH,-0.0030933822141210095,-0.0030933822141210095
0,16,0,GAUSSIAN_STARLET,-0.00015200975781080284,-0.00015200975781080284
0,16,0,MCALENS,-0.00010946750795514698,-0.00010946750795514698
0,16,0,FUSION,-0.00015840332132668593,-0.00015840332132668593
0,16,1,TRUTH,-0.0011847812265614699,-0.0011847812265614699
0,16,1,GAUSSIAN_STARLET,-0.0006823696456960725,-0.0006823696456960725
0,16,1,MCALENS,-0.00040272623804744363,-0.00040272623804744363
0,16,1,FUSION,-0.0006858547618693296,-0.0006858547618693296
0,16,2,TRUTH,-0.0016836125762522385,-0.0016836125762522385
0,16,2,GAUSSIAN_STARLET,-8.544853324216395e-05,-8.544853324216395e-05
0,16,2,MCALENS,5.7952318447308985e-05,5.7952318447308985e-05
0,16,2,FUSION,-8.846131461008067e-05,-8.846131461008067e-05
0,16,3,TRUTH,-0.000960126441442087,-0.000960126441442087
0,16,3,GAUSSIAN_STARLET,-1.5264975088847964e-05,-1.5264975088847964e-05
0,16,3,MCALENS,0.0005193634815527789,0.0005193634815527789
0,16,3,FUSION,-1.19474545618569e-05,-1.19474545618569e-05
0,16,4,TRUTH,-0.00041278182718269065,-0.00041278182718269065
0,16,4,GAUSSIAN_STARLET,-4.607941947567125e-05,-4.607941947567125e-05
0,16,4,MCALENS,0.0009013770943100703,0.0009013770943100703
0,16,4,FUSION,-4.32768041401436e-05,-4.32768041401436e-05
0,16,5,TRUTH,0.000989835553101996,0.000989835553101996
0,16,5,GAUSSIAN_STARLET,-0.0003414624580499574,-0.0003414624580499574
0,16,5,MCALENS,0.0005154408686988956,0.0005154408686988956
0,16,5,FUSION,-0.0003275554959523041,-0.0003275554959523041
0,16,6,TRUTH,0.001682542636487809,0.001682542636487809
0,16,6,GAUSSIAN_STARLET,-0.0007840076053079835,-0.0007840076053079835
0,16,6,MCALENS,-0.0001843439543478145,-0.0001843439543478145
0,16,6,FUSION,-0.0007664366225297284,-0.0007664366225297284
0,16,7,TRUTH,-0.00018383459759938026,-0.00018383459759938026
0,16,7,GAUSSIAN_STARLET,9.105512211896879e-05,9.105512211896879e-05
0,16,7,MCALENS,0.0005500417160031964,0.0005500417160031964
0,16,7,FUSION,0.00011870887562417121,0.00011870887562417121
0,17,0,TRUTH,0.0006079157661750286,0.0006079157661750286
0,17,0,GAUSSIAN_STARLET,0.0006518627072291221,0.0006518627072291221
0,17,0,MCALENS,0.001195660737764495,0.001195660737764495
0,17,0,FUSION,0.0006586440354854112,0.0006586440354854112
0,17,1,TRUTH,-0.0013420033472201513,-0.0013420033472201513
0,17,1,GAUSSIAN_STARLET,0.00028995623101330404,0.00028995623101330404
0,17,1,MCALENS,0.0003400812714754648,0.0003400812714754648
0,17,1,FUSION,0.00028521139352314913,0.00028521139352314913
0,17,2,TRUTH,0.0006974683959735772,0.0006974683959735772
0,17,2,GAUSSIAN_STARLET,0.00027115096734206247,0.00027115096734206247
0,17,2,MCALENS,0.0006640369725034034,0.0006640369725034034
0,17,2,FUSION,0.0002759125357658552,0.0002759125357658552
0,17,3,TRUTH,0.0016441817056994886,0.0016441817056994886
0,17,3,GAUSSIAN_STARLET,0.00021753785909758882,0.00021753785909758882
0,17,3,MCALENS,0.0010683496941404605,0.0010683496941404605
0,17,3,FUSION,0.00023280986918053503,0.00023280986918053503
0,17,4,TRUTH,0.00019980719397228914,0.00019980719397228914
0,17,4,GAUSSIAN_STARLET,3.331661965568525e-05,3.331661965568525e-05
0,17,4,MCALENS,0.0009903671818928485,0.0009903671818928485
0,17,4,FUSION,4.068926090697422e-05,4.068926090697422e-05
0,17,5,TRUTH,-0.0013037045716647272,-0.0013037045716647272
0,17,5,GAUSSIAN_STARLET,0.0002168974654616685,0.0002168974654616685
0,17,5,MCALENS,0.0009155988805074884,0.0009155988805074884
0,17,5,FUSION,0.00022381861993017228,0.00022381861993017228
0,17,6,TRUTH,0.0010381063200898713,0.0010381063200898713
0,17,6,GAUSSIAN_STARLET,0.0007435825099220396,0.0007435825099220396
0,17,6,MCALENS,0.0012892484977483762,0.0012892484977483762
0,17,6,FUSION,0.0007540262786555462,0.0007540262786555462
0,17,7,TRUTH,0.003455190140947715,0.003455190140947715
0,17,7,GAUSSIAN_STARLET,0.0005589781019662822,0.0005589781019662822
0,17,7,MCALENS,0.001149786436192552,0.001149786436192552
0,17,7,FUSION,0.000578661310335731,0.000578661310335731
0,18,0,TRUTH,0.0003355280938412073,0.0003355280938412073
0,18,0,GAUSSIAN_STARLET,-0.0002662139077395059,-0.0002662139077395059
0,18,0,MCALENS,0.00014170329962930351,0.00014170329962930351
0,18,0,FUSION,-0.00025817019687025307,-0.00025817019687025307
0,18,1,TRUTH,-0.00022609462518244643,-0.00022609462518244643
0,18,1,GAUSSIAN_STARLET,-0.0008354513501405535,-0.0008354513501405535
0,18,1,MCALENS,-0.00048121023255777483,-0.00048121023255777483
0,18,1,FUSION,-0.0008224476563583625,-0.0008224476563583625
0,18,2,TRUTH,-0.00024105582601458166,-0.00024105582601458166
0,18,2,GAUSSIAN_STARLET,-5.107676277333256e-05,-5.107676277333256e-05
0,18,2,MCALENS,0.0001093827530703787,0.0001093827530703787
0,18,2,FUSION,-4.960809848348273e-05,-4.960809848348273e-05
0,18,3,TRUTH,-0.0011745411085031007,-0.0011745411085031007
0,18,3,GAUSSIAN_STARLET,-0.00019518469004161176,-0.00019518469004161176
0,18,3,MCALENS,9.682274127200693e-05,9.682274127200693e-05
0,18,3,FUSION,-0.00019693406667489744,-0.00019693406667489744
0,18,4,TRUTH,0.0009844218976478385,0.0009844218976478385
0,18,4,GAUSSIAN_STARLET,0.00012226252122414755,0.00012226252122414755
0,18,4,MCALENS,0.0009753374937026781,0.0009753374937026781
0,18,4,FUSION,0.00012116232893641904,0.00012116232893641904
0,18,5,TRUTH,-0.0002824984161650798,-0.0002824984161650798
0,18,5,GAUSSIAN_STARLET,-1.467960086180697e-05,-1.467960086180697e-05
0,18,5,MCALENS,0.0004556566781432502,0.0004556566781432502
0,18,5,FUSION,-1.184769616519066e-05,-1.184769616519066e-05
0,18,6,TRUTH,-0.001692320837004286,-0.001692320837004286
0,18,6,GAUSSIAN_STARLET,-0.00026086921939802785,-0.00026086921939802785
0,18,6,MCALENS,0.0001292158382687121,0.0001292158382687121
0,18,6,FUSION,-0.00026009714332371687,-0.00026009714332371687
0,18,7,TRUTH,0.00020065603464411083,0.00020065603464411083
0,18,7,GAUSSIAN_STARLET,-0.00011294633623769777,-0.00011294633623769777
0,18,7,MCALENS,0.00018573303393688622,0.00018573303393688622
0,18,7,FUSION,-0.00010299637991083744,-0.00010299637991083744
0,19,0,TRUTH,-0.0012081973274896953,-0.0012081973274896953
0,19,0,GAUSSIAN_STARLET,0.00016404627696991577,0.00016404627696991577
0,19,0,MCALENS,0.000415261650134738,0.000415261650134738
0,19,0,FUSION,0.00017336212632829422,0.00017336212632829422
0,19,1,TRUTH,-0.0022700094839220157,-0.0022700094839220157
0,19,1,GAUSSIAN_STARLET,-0.000508745982249455,-0.000508745982249455
0,19,1,MCALENS,-0.00043011612541683835,-0.00043011612541683835
0,19,1,FUSION,-0.0005092331954569798,-0.0005092331954569798
0,19,2,TRUTH,0.0003843284506824577,0.0003843284506824577
0,19,2,GAUSSIAN_STARLET,0.0002911426449445902,0.0002911426449445902
0,19,2,MCALENS,0.000688385377608972,0.000688385377608972
0,19,2,FUSION,0.0003081117734715482,0.0003081117734715482
0,19,3,TRUTH,0.0005131611484448351,0.0005131611484448351
0,19,3,GAUSSIAN_STARLET,-8.26312585275555e-05,-8.26312585275555e-05
0,19,3,MCALENS,0.0005264490742738681,0.0005264490742738681
0,19,3,FUSION,-7.857938259031125e-05,-7.857938259031125e-05
0,19,4,TRUTH,0.0006005270729993831,0.0006005270729993831
0,19,4,GAUSSIAN_STARLET,6.758132854455529e-06,6.758132854455529e-06
0,19,4,MCALENS,0.00103390263975883,0.00103390263975883
0,19,4,FUSION,1.424963221533768e-05,1.424963221533768e-05
0,19,5,TRUTH,0.0021981732852344666,0.0021981732852344666
0,19,5,GAUSSIAN_STARLET,-0.0001464521138253551,-0.0001464521138253551
0,19,5,MCALENS,0.00045775944213774066,0.00045775944213774066
0,19,5,FUSION,-0.00013845387631140161,-0.00013845387631140161
0,19,6,TRUTH,-0.003683248279798619,-0.003683248279798619
0,19,6,GAUSSIAN_STARLET,0.000455127034953815,0.000455127034953815
0,19,6,MCALENS,0.0006008323882363935,0.0006008323882363935
0,19,6,FUSION,0.00045028141667935993,0.00045028141667935993
0,19,7,TRUTH,0.0022320637287636695,0.0022320637287636695
0,19,7,GAUSSIAN_STARLET,3.31336602439344e-05,3.31336602439344e-05
0,19,7,MCALENS,0.0005739669479525145,0.0005739669479525145
0,19,7,FUSION,4.431144086176367e-05,4.431144086176367e-05
0,20,0,TRUTH,0.0018940395935162693,0.0018940395935162693
0,20,0,GAUSSIAN_STARLET,0.00025083560728573524,0.00025083560728573524
0,20,0,MCALENS,0.0004986050134296411,0.0004986050134296411
0,20,0,FUSION,0.0002500279717880523,0.0002500279717880523
0,20,1,TRUTH,-0.0001792680296704488,-0.0001792680296704488
0,20,1,GAUSSIAN_STARLET,0.0003159695333393656,0.0003159695333393656
0,20,1,MCALENS,0.0007515740587302321,0.0007515740587302321
0,20,1,FUSION,0.0003419685727196319,0.0003419685727196319
0,20,2,TRUTH,-0.0008629404649936794,-0.0008629404649936794
0,20,2,GAUSSIAN_STARLET,0.00037244568113769573,0.00037244568113769573
0,20,2,MCALENS,0.0005142652803952214,0.0005142652803952214
0,20,2,FUSION,0.0003707561255391939,0.0003707561255391939
0,20,3,TRUTH,0.00022762275261753573,0.00022762275261753573
0,20,3,GAUSSIAN_STARLET,0.00025547010341842887,0.00025547010341842887
0,20,3,MCALENS,0.0008516535976497465,0.0008516535976497465
0,20,3,FUSION,0.0002651671196304621,0.0002651671196304621
0,20,4,TRUTH,0.0018087475157690038,0.0018087475157690038
0,20,4,GAUSSIAN_STARLET,-1.8230028513209419e-06,-1.8230028513209419e-06
0,20,4,MCALENS,0.0005801544093066288,0.0005801544093066288
0,20,4,FUSION,-6.553215943109806e-06,-6.553215943109806e-06
0,20,5,TRUTH,0.001056621212760654,0.001056621212760654
0,20,5,GAUSSIAN_STARLET,-0.00015738761225645548,-0.00015738761225645548
0,20,5,MCALENS,0.0009369529712071191,0.0009369529712071191
0,20,5,FUSION,-0.0001499867121248877,-0.0001499867121248877
0,20,6,TRUTH,-0.0006698432453462684,-0.0006698432453462684
0,20,6,GAUSSIAN_STARLET,0.0006044542519827884,0.0006044542519827884
0,20,6,MCALENS,0.0008877078468471936,0.0008877078468471936
0,20,6,FUSION,0.0006118670584229347,0.0006118670584229347
0,20,7,TRUTH,0.0010062858291362228,0.0010062858291362228
0,20,7,GAUSSIAN_STARLET,0.00040861930811684496,0.00040861930811684496
0,20,7,MCALENS,0.0007063323128620405,0.0007063323128620405
0,20,7,FUSION,0.00040798371874504655,0.00040798371874504655
0,21,0,TRUTH,-0.00011261154657297794,-0.00011261154657297794
0,21,0,GAUSSIAN_STARLET,0.0001373821765740049,0.0001373821765740049
0,21,0,MCALENS,0.0005007897755041613,0.0005007897755041613
0,21,0,FUSION,0.0001533013472200371,0.0001533013472200371
0,21,1,TRUTH,-0.0003212200687797151,-0.0003212200687797151
0,21,1,GAUSSIAN_STARLET,0.0002574461573331234,0.0002574461573331234
0,21,1,MCALENS,0.0006862460537448399,0.0006862460537448399
0,21,1,FUSION,0.00026889721542863975,0.00026889721542863975
0,21,2,TRUTH,0.0011431255684001274,0.0011431255684001274
0,21,2,GAUSSIAN_STARLET,-0.0003515337178325651,-0.0003515337178325651
0,21,2,MCALENS,0.00015823484944319633,0.00015823484944319633
0,21,2,FUSION,-0.00032720527418080063,-0.00032720527418080063
0,21,3,TRUTH,-0.0008700368812527467,-0.0008700368812527467
0,21,3,GAUSSIAN_STARLET,-0.000255617697869965,-0.000255617697869965
0,21,3,MCALENS,0.00019849289155582817,0.00019849289155582817
0,21,3,FUSION,-0.00025271268784720805,-0.00025271268784720805
0,21,4,TRUTH,-0.000912796711656146,-0.000912796711656146
0,21,4,GAUSSIAN_STARLET,-4.5406429506913886e-05,-4.5406429506913886e-05
0,21,4,MCALENS,0.0007461192444404687,0.0007461192444404687
0,21,4,FUSION,-4.024397747014968e-05,-4.024397747014968e-05
0,21,5,TRUTH,-0.0005424699968331131,-0.0005424699968331131
0,21,5,GAUSSIAN_STARLET,0.0004267774843325693,0.0004267774843325693
0,21,5,MCALENS,0.0008361707518598898,0.0008361707518598898
0,21,5,FUSION,0.00041990981609210193,0.00041990981609210193
0,21,6,TRUTH,0.003101414903240916,0.003101414903240916
0,21,6,GAUSSIAN_STARLET,-5.687993411708512e-06,-5.687993411708512e-06
0,21,6,MCALENS,0.0006550670099137585,0.0006550670099137585
0,21,6,FUSION,6.9699317681094324e-06,6.9699317681094324e-06
0,21,7,TRUTH,0.002378000554589397,0.002378000554589397
0,21,7,GAUSSIAN_STARLET,4.2289093671242334e-05,4.2289093671242334e-05
0,21,7,MCALENS,0.0010110957564938823,0.0010110957564938823
0,21,7,FUSION,9.797949854495524e-05,9.797949854495524e-05
0,22,0,TRUTH,-9.989137750825676e-05,-9.989137750825676e-05
0,22,0,GAUSSIAN_STARLET,0.000520458274719445,0.000520458274719445
0,22,0,MCALENS,0.0010432561948627958,0.0010432561948627958
0,22,0,FUSION,0.000530414828315282,0.000530414828315282
0,22,1,TRUTH,-0.0005815735573712803,-0.0005815735573712803
0,22,1,GAUSSIAN_STARLET,3.285988018628441e-05,3.285988018628441e-05
0,22,1,MCALENS,0.0003294701546933053,0.0003294701546933053
0,22,1,FUSION,4.0781175965875675e-05,4.0781175965875675e-05
0,22,2,TRUTH,0.0011042831399229473,0.0011042831399229473
0,22,2,GAUSSIAN_STARLET,2.215449539917395e-05,2.215449539917395e-05
0,22,2,MCALENS,0.0005234026321477012,0.0005234026321477012
0,22,2,FUSION,1.6509719058647058e-05,1.6509719058647058e-05
0,22,3,TRUTH,-0.0007974808174378428,-0.0007974808174378428
0,22,3,GAUSSIAN_STARLET,5.072464271641328e-05,5.072464271641328e-05
0,22,3,MCALENS,0.0008425593355195238,0.0008425593355195238
0,22,3,FUSION,5.477972056623543e-05,5.477972056623543e-05
0,22,4,TRUTH,0.00121463758981739,0.00121463758981739
0,22,4,GAUSSIAN_STARLET,4.0445565060772705e-05,4.0445565060772705e-05
0,22,4,MCALENS,0.0008486436747080831,0.0008486436747080831
0,22,4,FUSION,3.8761767078110466e-05,3.8761767078110466e-05
0,22,5,TRUTH,-0.0020053015587105424,-0.0020053015587105424
0,22,5,GAUSSIAN_STARLET,0.0002938673830081661,0.0002938673830081661
0,22,5,MCALENS,0.000731352244022613,0.000731352244022613
0,22,5,FUSION,0.0002862655228734964,0.0002862655228734964
0,22,6,TRUTH,0.002108294779901509,0.002108294779901509
0,22,6,GAUSSIAN_STARLET,-0.0001276275289936134,-0.0001276275289936134
0,22,6,MCALENS,0.00032279417657231433,0.00032279417657231433
0,22,6,FUSION,-0.00011173883058174892,-0.00011173883058174892
0,22,7,TRUTH,-0.00037953364584417885,-0.00037953364584417885
0,22,7,GAUSSIAN_STARLET,0.00033705126903061576,0.00033705126903061576
0,22,7,MCALENS,0.0008794979196053913,0.0008794979196053913
0,22,7,FUSION,0.00034576433263984533,0.00034576433263984533
0,23,0,TRUTH,-0.0002828276807073937,-0.0002828276807073937
0,23,0,GAUSSIAN_STARLET,5.6211094505311936e-05,5.6211094505311936e-05
0,23,0,MCALENS,0.00017416793489914416,0.00017416793489914416
0,23,0,FUSION,5.645742131747028e-05,5.645742131747028e-05
0,23,1,TRUTH,0.00097705513474167,0.00097705513474167
0,23,1,GAUSSIAN_STARLET,0.00013091010792933824,0.00013091010792933824
0,23,1,MCALENS,0.0004314329617053021,0.0004314329617053021
0,23,1,FUSION,0.00014455996339117364,0.00014455996339117364
0,23,2,TRUTH,4.50324260589812e-05,4.50324260589812e-05
0,23,2,GAUSSIAN_STARLET,0.00011672257729523203,0.00011672257729523203
0,23,2,MCALENS,0.00027481261621673116,0.00027481261621673116
0,23,2,FUSION,0.00010887789205690405,0.00010887789205690405
0,23,3,TRUTH,0.0005743798361358361,0.0005743798361358361
0,23,3,GAUSSIAN_STARLET,-2.509837658902423e-05,-2.509837658902423e-05
0,23,3,MCALENS,0.0005202095058038057,0.0005202095058038057
0,23,3,FUSION,-1.9321436543244248e-05,-1.9321436543244248e-05
0,23,4,TRUTH,-1.799320041278551e-05,-1.799320041278551e-05
0,23,4,GAUSSIAN_STARLET,3.6649124945379524e-05,3.6649124945379524e-05
0,23,4,MCALENS,0.0003853148676808255,0.0003853148676808255
0,23,4,FUSION,3.77472262844298e-05,3.77472262844298e-05
0,23,5,TRUTH,-0.0011107754748672293,-0.0011107754748672293
0,23,5,GAUSSIAN_STARLET,0.00046295679961977755,0.00046295679961977755
0,23,5,MCALENS,0.0005968917498425014,0.0005968917498425014
0,23,5,FUSION,0.00045856192225962876,0.00045856192225962876
0,23,6,TRUTH,0.0009201985505553517,0.0009201985505553517
0,23,6,GAUSSIAN_STARLET,-0.00017170014578398593,-0.00017170014578398593
0,23,6,MCALENS,9.290367017294836e-05,9.290367017294836e-05
0,23,6,FUSION,-0.00016845809952167112,-0.00016845809952167112
0,23,7,TRUTH,0.0001343353425953751,0.0001343353425953751
0,23,7,GAUSSIAN_STARLET,0.0001486308340883451,0.0001486308340883451
0,23,7,MCALENS,0.0004212389861183481,0.0004212389861183481
0,23,7,FUSION,0.0001569673402768351,0.0001569673402768351
0,24,0,TRUTH,-0.001333172769174621,-0.001333172769174621
0,24,0,GAUSSIAN_STARLET,2.409830287096687e-05,2.409830287096687e-05
0,24,0,MCALENS,0.00035849097764327075,0.00035849097764327075
0,24,0,FUSION,2.1631164614139018e-05,2.1631164614139018e-05
0,24,1,TRUTH,0.0006169787488175373,0.0006169787488175373
0,24,1,GAUSSIAN_STARLET,-0.00013559751034651832,-0.00013559751034651832
0,24,1,MCALENS,0.0003832386986849052,0.0003832386986849052
0,24,1,FUSION,-0.0001205995305552323,-0.0001205995305552323
0,24,2,TRUTH,0.00036706970015265393,0.00036706970015265393
0,24,2,GAUSSIAN_STARLET,-5.112508839257818e-05,-5.112508839257818e-05
0,24,2,MCALENS,0.0004052432951030838,0.0004052432951030838
0,24,2,FUSION,-2.6860883482310707e-05,-2.6860883482310707e-05
0,24,3,TRUTH,-0.00301352697678553,-0.00301352697678553
0,24,3,GAUSSIAN_STARLET,-0.0008527535701260333,-0.0008527535701260333
0,24,3,MCALENS,-0.00070647006178565,-0.00070647006178565
0,24,3,FUSION,-0.0008563162690497288,-0.0008563162690497288
0,24,4,TRUTH,0.0006295998492007989,0.0006295998492007989
0,24,4,GAUSSIAN_STARLET,-6.92054959545603e-05,-6.92054959545603e-05
0,24,4,MCALENS,0.0008222002580359096,0.0008222002580359096
0,24,4,FUSION,-6.676368781606689e-05,-6.676368781606689e-05
0,24,5,TRUTH,-0.00010430603363393178,-0.00010430603363393178
0,24,5,GAUSSIAN_STARLET,8.793509726171515e-05,8.793509726171515e-05
0,24,5,MCALENS,0.0007180154729570759,0.0007180154729570759
0,24,5,FUSION,9.69268044310944e-05,9.69268044310944e-05
0,24,6,TRUTH,0.0005855592746108274,0.0005855592746108274
0,24,6,GAUSSIAN_STARLET,-9.485512514996136e-05,-9.485512514996136e-05
0,24,6,MCALENS,0.00015624519187418934,0.00015624519187418934
0,24,6,FUSION,-9.616647386953661e-05,-9.616647386953661e-05
0,24,7,TRUTH,-7.91866712537506e-05,-7.91866712537506e-05
0,24,7,GAUSSIAN_STARLET,-0.000378127446837131,-0.000378127446837131
0,24,7,MCALENS,-2.1674813509025822e-05,-2.1674813509025822e-05
0,24,7,FUSION,-0.0003670743810892229,-0.0003670743810892229
0,25,0,TRUTH,-0.00042441347530899383,-0.00042441347530899383
0,25,0,GAUSSIAN_STARLET,-0.00018681765061237684,-0.00018681765061237684
0,25,0,MCALENS,0.0002768149130438877,0.0002768149130438877
0,25,0,FUSION,-0.00017948546262244188,-0.00017948546262244188
0,25,1,TRUTH,0.002959482602334998,0.002959482602334998
0,25,1,GAUSSIAN_STARLET,0.00044503275816060314,0.00044503275816060314
0,25,1,MCALENS,0.0009805583549934934,0.0009805583549934934
0,25,1,FUSION,0.0004530678647218008,0.0004530678647218008
0,25,2,TRUTH,-0.002092160537515351,-0.002092160537515351
0,25,2,GAUSSIAN_STARLET,-0.00044643181702374896,-0.00044643181702374896
0,25,2,MCALENS,-6.900449682868784e-05,-6.900449682868784e-05
0,25,2,FUSION,-0.00042554108966391153,-0.00042554108966391153
0,25,3,TRUTH,-0.0009028259739104404,-0.0009028259739104404
0,25,3,GAUSSIAN_STARLET,-5.9238957749948134e-05,-5.9238957749948134e-05
0,25,3,MCALENS,0.0004759046685402454,0.0004759046685402454
0,25,3,FUSION,-5.108917255418689e-05,-5.108917255418689e-05
0,25,4,TRUTH,-0.0016374403432249164,-0.0016374403432249164
0,25,4,GAUSSIAN_STARLET,-2.410933069766508e-05,-2.410933069766508e-05
0,25,4,MCALENS,0.0006773807761039267,0.0006773807761039267
0,25,4,FUSION,-2.1446037841662886e-05,-2.1446037841662886e-05
0,25,5,TRUTH,-0.0012649516207807307,-0.0012649516207807307
0,25,5,GAUSSIAN_STARLET,0.0003636426730186768,0.0003636426730186768
0,25,5,MCALENS,0.0009314151386642363,0.0009314151386642363
0,25,5,FUSION,0.0003642185027292094,0.0003642185027292094
0,25,6,TRUTH,-0.0001595697270320584,-0.0001595697270320584
0,25,6,GAUSSIAN_STARLET,-7.898154181560851e-05,-7.898154181560851e-05
0,25,6,MCALENS,0.0002554040922491326,0.0002554040922491326
0,25,6,FUSION,-6.843274771560628e-05,-6.843274771560628e-05
0,25,7,TRUTH,0.0004224164477760293,0.0004224164477760293
0,25,7,GAUSSIAN_STARLET,-0.0002367723327548019,-0.0002367723327548019
0,25,7,MCALENS,0.00010469421742531827,0.00010469421742531827
0,25,7,FUSION,-0.00022578621011295496,-0.00022578621011295496
0,26,0,TRUTH,-0.0014494253143856476,-0.0014494253143856476
0,26,0,GAUSSIAN_STARLET,-0.0004369071477543527,-0.0004369071477543527
0,26,0,MCALENS,-0.00021710632194031664,-0.00021710632194031664
0,26,0,FUSION,-0.00042708099699625594,-0.00042708099699625594
0,26,1,TRUTH,-0.00036522649548337353,-0.00036522649548337353
0,26,1,GAUSSIAN_STARLET,-0.0003505010031411639,-0.0003505010031411639
0,26,1,MCALENS,-9.422476910382072e-05,-9.422476910382072e-05
0,26,1,FUSION,-0.00034086119975552335,-0.00034086119975552335
0,26,2,TRUTH,-5.014392289550044e-05,-5.014392289550044e-05
0,26,2,GAUSSIAN_STARLET,-0.0004049160621121768,-0.0004049160621121768
0,26,2,MCALENS,8.591386119026504e-05,8.591386119026504e-05
0,26,2,FUSION,-0.00039655283934223915,-0.00039655283934223915
0,26,3,TRUTH,-0.0017743085529230201,-0.0017743085529230201
0,26,3,GAUSSIAN_STARLET,-0.00041689190213641203,-0.00041689190213641203
0,26,3,MCALENS,0.00015397614409904116,0.00015397614409904116
0,26,3,FUSION,-0.0004163966619386972,-0.0004163966619386972
0,26,4,TRUTH,6.138070655231818e-05,6.138070655231818e-05
0,26,4,GAUSSIAN_STARLET,-2.319914793403544e-05,-2.319914793403544e-05
0,26,4,MCALENS,0.001082850173141368,0.001082850173141368
0,26,4,FUSION,-1.2345953162383458e-05,-1.2345953162383458e-05
0,26,5,TRUTH,-0.0015058552535682558,-0.0015058552535682558
0,26,5,GAUSSIAN_STARLET,-0.00020179293078421658,-0.00020179293078421658
0,26,5,MCALENS,0.0007792641536978893,0.0007792641536978893
0,26,5,FUSION,-0.00018040397333197496,-0.00018040397333197496
0,26,6,TRUTH,0.00136590054911426,0.00136590054911426
0,26,6,GAUSSIAN_STARLET,-0.00025158159279884253,-0.00025158159279884253
0,26,6,MCALENS,0.0004928960673075794,0.0004928960673075794
0,26,6,FUSION,-0.00024224445105215306,-0.00024224445105215306
0,26,7,TRUTH,-0.002889106786476662,-0.002889106786476662
0,26,7,GAUSSIAN_STARLET,-0.0003656028678139054,-0.0003656028678139054
0,26,7,MCALENS,7.881201896198792e-05,7.881201896198792e-05
0,26,7,FUSION,-0.00035139922662637057,-0.00035139922662637057
0,27,0,TRUTH,-0.0026321352262886582,-0.0026321352262886582
0,27,0,GAUSSIAN_STARLET,-0.0006582782900737096,-0.0006582782900737096
0,27,0,MCALENS,-0.0005881515355514411,-0.0005881515355514411
0,27,0,FUSION,-0.000657795069323507,-0.000657795069323507
0,27,1,TRUTH,-0.0026381629779522503,-0.0026381629779522503
0,27,1,GAUSSIAN_STARLET,-0.0009957908218143309,-0.0009957908218143309
0,27,1,MCALENS,-0.0006486398949940834,-0.0006486398949940834
0,27,1,FUSION,-0.0009887404730934248,-0.0009887404730934248
0,27,2,TRUTH,-0.0020778232291646923,-0.0020778232291646923
0,27,2,GAUSSIAN_STARLET,-0.0008424208863243342,-0.0008424208863243342
0,27,2,MCALENS,-0.0006133224062135921,-0.0006133224062135921
0,27,2,FUSION,-0.0008431141922395649,-0.0008431141922395649
0,27,3,TRUTH,-0.0006121341884288673,-0.0006121341884288673
0,27,3,GAUSSIAN_STARLET,-0.00031376164667065015,-0.00031376164667065015
0,27,3,MCALENS,0.0001411515991579604,0.0001411515991579604
0,27,3,FUSION,-0.0003105170758785036,-0.0003105170758785036
0,27,4,TRUTH,6.029994551805878e-06,6.029994551805878e-06
0,27,4,GAUSSIAN_STARLET,-1.324648153354013e-05,-1.324648153354013e-05
0,27,4,MCALENS,0.0008350925605131211,0.0008350925605131211
0,27,4,FUSION,-6.9731232120629355e-06,-6.9731232120629355e-06
0,27,5,TRUTH,0.00028330533139501546,0.00028330533139501546
0,27,5,GAUSSIAN_STARLET,-0.0004132890608875953,-0.0004132890608875953
0,27,5,MCALENS,0.0004183362427432965,0.0004183362427432965
0,27,5,FUSION,-0.0003946606772824871,-0.0003946606772824871
0,27,6,TRUTH,-0.00242397749525869,-0.00242397749525869
0,27,6,GAUSSIAN_STARLET,-0.000662696898421721,-0.000662696898421721
0,27,6,MCALENS,-0.0002197923778576398,-0.0002197923778576398
0,27,6,FUSION,-0.0006564135616195283,-0.0006564135616195283
0,27,7,TRUTH,-0.0018443891640090317,-0.0018443891640090317
0,27,7,GAUSSIAN_STARLET,-0.0009385875028731996,-0.0009385875028731996
0,27,7,MCALENS,-0.0007902013590401372,-0.0007902013590401372
0,27,7,FUSION,-0.0009495248734111246,-0.0009495248734111246
0,28,0,TRUTH,-0.0012642103199330733,-0.0012642103199330733
0,28,0,GAUSSIAN_STARLET,-0.00012190789688417814,-0.00012190789688417814
0,28,0,MCALENS,9.371888924606701e-05,9.371888924606701e-05
0,28,0,FUSION,-0.00013335952940245332,-0.00013335952940245332
0,28,1,TRUTH,-0.0005263172123179268,-0.0005263172123179268
0,28,1,GAUSSIAN_STARLET,0.0003691446902641456,0.0003691446902641456
0,28,1,MCALENS,0.0007128148296513677,0.0007128148296513677
0,28,1,FUSION,0.0003710163579898353,0.0003710163579898353
0,28,2,TRUTH,-0.0017850427153005158,-0.0017850427153005158
0,28,2,GAUSSIAN_STARLET,0.00015593486454320004,0.00015593486454320004
0,28,2,MCALENS,0.00032316426358836064,0.00032316426358836064
0,28,2,FUSION,0.00014491889471698728,0.00014491889471698728
0,28,3,TRUTH,0.0012007610837890927,0.0012007610837890927
0,28,3,GAUSSIAN_STARLET,-4.364908196315572e-05,-4.364908196315572e-05
0,28,3,MCALENS,0.0005269992588560687,0.0005269992588560687
0,28,3,FUSION,-3.562835284046166e-05,-3.562835284046166e-05
0,28,4,TRUTH,0.002315969470460715,0.002315969470460715
0,28,4,GAUSSIAN_STARLET,-1.9663626498317096e-05,-1.9663626498317096e-05
0,28,4,MCALENS,0.0010172489375754176,0.0010172489375754176
0,28,4,FUSION,-1.9143887285842357e-05,-1.9143887285842357e-05
0,28,5,TRUTH,0.0019298270634504208,0.0019298270634504208
0,28,5,GAUSSIAN_STARLET,-0.0002270880971415644,-0.0002270880971415644
0,28,5,MCALENS,0.0007876581235969621,0.0007876581235969621
0,28,5,FUSION,-0.00021269743112696047,-0.00021269743112696047
0,28,6,TRUTH,-0.0016304026221671299,-0.0016304026221671299
0,28,6,GAUSSIAN_STARLET,-0.00015027005724647355,-0.00015027005724647355
0,28,6,MCALENS,0.0001725713666282486,0.0001725713666282486
0,28,6,FUSION,-0.0001461176001045549,-0.0001461176001045549
0,28,7,TRUTH,-0.0014197452246672065,-0.0014197452246672065
0,28,7,GAUSSIAN_STARLET,0.0001518636182586609,0.0001518636182586609
0,28,7,MCALENS,0.00042565657100714587,0.00042565657100714587
0,28,7,FUSION,0.00015898929979039485,0.00015898929979039485
0,29,0,TRUTH,-0.0008790636073712166,-0.0008790636073712166
0,29,0,GAUSSIAN_STARLET,-0.00012382216576818802,-0.00012382216576818802
0,29,0,MCALENS,0.00011026797514471466,0.00011026797514471466
0,29,0,FUSION,-0.00011315725661164591,-0.00011315725661164591
0,29,1,TRUTH,0.0015525321174734421,0.0015525321174734421
0,29,1,GAUSSIAN_STARLET,3.8811015138885864e-05,3.8811015138885864e-05
0,29,1,MCALENS,0.0004306651514360643,0.0004306651514360643
0,29,1,FUSION,5.8454201571399735e-05,5.8454201571399735e-05
0,29,2,TRUTH,0.00022094087008209753,0.00022094087008209753
0,29,2,GAUSSIAN_STARLET,-0.000424342965121931,-0.000424342965121931
0,29,2,MCALENS,-0.00012375125270130055,-0.00012375125270130055
0,29,2,FUSION,-0.00041773065581936924,-0.00041773065581936924
0,29,3,TRUTH,-0.00042191248131325285,-0.00042191248131325285
0,29,3,GAUSSIAN_STARLET,-0.00022791973461934364,-0.00022791973461934364
0,29,3,MCALENS,0.00038587461466025685,0.00038587461466025685
0,29,3,FUSION,-0.00021750022212784815,-0.00021750022212784815
0,29,4,TRUTH,-0.001705875363839005,-0.001705875363839005
0,29,4,GAUSSIAN_STARLET,-5.04458247494769e-05,-5.04458247494769e-05
0,29,4,MCALENS,0.0008441661528367122,0.0008441661528367122
0,29,4,FUSION,-4.392830890430888e-05,-4.392830890430888e-05
0,29,5,TRUTH,-0.0017168360782939857,-0.0017168360782939857
0,29,5,GAUSSIAN_STARLET,0.0001669911650627595,0.0001669911650627595
0,29,5,MCALENS,0.0003455102216864198,0.0003455102216864198
0,29,5,FUSION,0.0001562575717746147,0.0001562575717746147
0,29,6,TRUTH,-0.00010357093088879615,-0.00010357093088879615
0,29,6,GAUSSIAN_STARLET,-3.804660403726509e-05,-3.804660403726509e-05
0,29,6,MCALENS,0.0002172335391400467,0.0002172335391400467
0,29,6,FUSION,-3.2734912578594013e-05,-3.2734912578594013e-05
0,29,7,TRUTH,0.00013340839755604403,0.00013340839755604403
0,29,7,GAUSSIAN_STARLET,-0.00035988798992401616,-0.00035988798992401616
0,29,7,MCALENS,4.441010101540837e-05,4.441010101540837e-05
0,29,7,FUSION,-0.00034865573536211963,-0.00034865573536211963
1,10,0,TRUTH,0.0012843961336416962,0.0012843961336416962
1,10,0,GAUSSIAN_STARLET,0.0005005571235584128,0.0005005571235584128
1,10,0,MCALENS,0.0010389250317304913,0.0010389250317304913
1,10,0,FUSION,0.000505191138360403,0.000505191138360403
1,10,1,TRUTH,0.002160028189693818,0.002160028189693818
1,10,1,GAUSSIAN_STARLET,0.0012262200738143295,0.0012262200738143295
1,10,1,MCALENS,0.002156507480848291,0.002156507480848291
1,10,1,FUSION,0.0012733808359742928,0.0012733808359742928
1,10,2,TRUTH,0.0035834140776388503,0.0035834140776388503
1,10,2,GAUSSIAN_STARLET,0.00022534010756578634,0.00022534010756578634
1,10,2,MCALENS,0.00101056495553903,0.00101056495553903
1,10,2,FUSION,0.00025822492536474093,0.00025822492536474093
1,10,3,TRUTH,-0.0002634083859986126,-0.0002634083859986126
1,10,3,GAUSSIAN_STARLET,-1.3085211751448398e-05,-1.3085211751448398e-05
1,10,3,MCALENS,0.0010630212557900722,0.0010630212557900722
1,10,3,FUSION,1.2081337102935628e-05,1.2081337102935628e-05
1,10,4,TRUTH,-0.0002728624792349619,-0.0002728624792349619
1,10,4,GAUSSIAN_STARLET,0.00023005577942495985,0.00023005577942495985
1,10,4,MCALENS,0.001952607746765351,0.001952607746765351
1,10,4,FUSION,0.00024413951829874834,0.00024413951829874834
1,10,5,TRUTH,-0.00016109067851537102,-0.00016109067851537102
1,10,5,GAUSSIAN_STARLET,0.00024511398458321117,0.00024511398458321117
1,10,5,MCALENS,0.0015962569496770418,0.0015962569496770418
1,10,5,FUSION,0.0002650622181616325,0.0002650622181616325
1,10,6,TRUTH,0.001641707904586586,0.001641707904586586
1,10,6,GAUSSIAN_STARLET,3.410975066825077e-05,3.410975066825077e-05
1,10,6,MCALENS,0.0007444972658958622,0.0007444972658958622
1,10,6,FUSION,4.591663383290992e-05,4.591663383290992e-05
1,10,7,TRUTH,-0.0014272954349918562,-0.0014272954349918562
1,10,7,GAUSSIAN_STARLET,0.0005740536751146889,0.0005740536751146889
1,10,7,MCALENS,0.001307443726600639,0.001307443726600639
1,10,7,FUSION,0.000584670613592742,0.000584670613592742
1,11,0,TRUTH,0.0017182960631505623,0.0017182960631505623
1,11,0,GAUSSIAN_STARLET,-0.0004440150528832928,-0.0004440150528832928
1,11,0,MCALENS,0.0006024015189184034,0.0006024015189184034
1,11,0,FUSION,-0.0004066126652830004,-0.0004066126652830004
1,11,1,TRUTH,-0.001431106190620452,-0.001431106190620452
1,11,1,GAUSSIAN_STARLET,-0.00046439345931404476,-0.00046439345931404476
1,11,1,MCALENS,0.00033146423949716744,0.00033146423949716744
1,11,1,FUSION,-0.00044601528641700927,-0.00044601528641700927
1,11,2,TRUTH,-0.0010862102040383346,-0.0010862102040383346
1,11,2,GAUSSIAN_STARLET,-0.0007506964731745764,-0.0007506964731745764
1,11,2,MCALENS,-0.00020910922644313713,-0.00020910922644313713
1,11,2,FUSION,-0.0007244634010471992,-0.0007244634010471992
1,11,3,TRUTH,-0.0007926161654173847,-0.0007926161654173847
1,11,3,GAUSSIAN_STARLET,-0.00040546903136160194,-0.00040546903136160194
1,11,3,MCALENS,0.0003827746302418618,0.0003827746302418618
1,11,3,FUSION,-0.0003766108808679388,-0.0003766108808679388
1,11,4,TRUTH,-0.001206858170521071,-0.001206858170521071
1,11,4,GAUSSIAN_STARLET,2.8693601934561245e-05,2.8693601934561245e-05
1,11,4,MCALENS,0.00144737619414336,0.00144737619414336
1,11,4,FUSION,3.982934157564875e-05,3.982934157564875e-05
1,11,5,TRUTH,-0.0006104553965227175,-0.0006104553965227175
1,11,5,GAUSSIAN_STARLET,-0.0004504482428054708,-0.0004504482428054708
1,11,5,MCALENS,0.0005476093276609815,0.0005476093276609815
1,11,5,FUSION,-0.00042774354446749633,-0.00042774354446749633
1,11,6,TRUTH,-0.0019530883872503641,-0.0019530883872503641
1,11,6,GAUSSIAN_STARLET,-0.0009026587994773955,-0.0009026587994773955
1,11,6,MCALENS,-0.000481165676737306,-0.000481165676737306
1,11,6,FUSION,-0.0009005448002989927,-0.0009005448002989927
1,11,7,TRUTH,-0.0028165537853422863,-0.0028165537853422863
1,11,7,GAUSSIAN_STARLET,-0.00042267584395640624,-0.00042267584395640624
1,11,7,MCALENS,-2.9923936506181297e-05,-2.9923936506181297e-05
1,11,7,FUSION,-0.0004217778296710019,-0.0004217778296710019
1,12,0,TRUTH,0.002227198080421742,0.002227198080421742
1,12,0,GAUSSIAN_STARLET,0.0001685449337869015,0.0001685449337869015
1,12,0,MCALENS,0.0009507613310431949,0.0009507613310431949
1,12,0,FUSION,0.0001851918276019457,0.0001851918276019457
1,12,1,TRUTH,0.0001763628048555419,0.0001763628048555419
1,12,1,GAUSSIAN_STARLET,-0.00030708603034253733,-0.00030708603034253733
1,12,1,MCALENS,0.0002824603866525099,0.0002824603866525099
1,12,1,FUSION,-0.000292803295976053,-0.000292803295976053
1,12,2,TRUTH,-0.0029451647478066696,-0.0029451647478066696
1,12,2,GAUSSIAN_STARLET,-0.00048318835024291525,-0.00048318835024291525
1,12,2,MCALENS,0.00026310390078273567,0.00026310390078273567
1,12,2,FUSION,-0.0004539709200299278,-0.0004539709200299278
1,12,3,TRUTH,-0.004218494557900109,-0.004218494557900109
1,12,3,GAUSSIAN_STARLET,-0.0013482750070028622,-0.0013482750070028622
1,12,3,MCALENS,-0.0005204973141864143,-0.0005204973141864143
1,12,3,FUSION,-0.0013348620203609237,-0.0013348620203609237
1,12,4,TRUTH,-0.002494012861695449,-0.002494012861695449
1,12,4,GAUSSIAN_STARLET,-3.9683878465141525e-06,-3.9683878465141525e-06
1,12,4,MCALENS,0.0010708144735316512,0.0010708144735316512
1,12,4,FUSION,7.675253816217633e-06,7.675253816217633e-06
1,12,5,TRUTH,0.0006762759335055235,0.0006762759335055235
1,12,5,GAUSSIAN_STARLET,-0.0002871785817226765,-0.0002871785817226765
1,12,5,MCALENS,0.0010718228138801484,0.0010718228138801484
1,12,5,FUSION,-0.00027364015142064763,-0.00027364015142064763
1,12,6,TRUTH,0.0020575783817212896,0.0020575783817212896
1,12,6,GAUSSIAN_STARLET,-0.00011100922106500278,-0.00011100922106500278
1,12,6,MCALENS,0.0008127552967526913,0.0008127552967526913
1,12,6,FUSION,-8.277992459445767e-05,-8.277992459445767e-05
1,12,7,TRUTH,0.0019745671603456196,0.0019745671603456196
1,12,7,GAUSSIAN_STARLET,-0.00031871084549232913,-0.00031871084549232913
1,12,7,MCALENS,0.0007888266057705074,0.0007888266057705074
1,12,7,FUSION,-0.00030057636954310525,-0.00030057636954310525
1,13,0,TRUTH,-0.004194869557243233,-0.004194869557243233
1,13,0,GAUSSIAN_STARLET,-0.0014793699267267187,-0.0014793699267267187
1,13,0,MCALENS,-0.0007682391301375942,-0.0007682391301375942
1,13,0,FUSION,-0.0014644726414160035,-0.0014644726414160035
1,13,1,TRUTH,-0.0007309680808835471,-0.0007309680808835471
1,13,1,GAUSSIAN_STARLET,-0.0013209294611305612,-0.0013209294611305612
1,13,1,MCALENS,-0.0007952540075230911,-0.0007952540075230911
1,13,1,FUSION,-0.0013123062816643833,-0.0013123062816643833
1,13,2,TRUTH,-0.0014593472142546177,-0.0014593472142546177
1,13,2,GAUSSIAN_STARLET,-0.0010539792627805526,-0.0010539792627805526
1,13,2,MCALENS,-0.0006147211958767953,-0.0006147211958767953
1,13,2,FUSION,-0.0010486198392813755,-0.0010486198392813755
1,13,3,TRUTH,-0.0022923109183276822,-0.0022923109183276822
1,13,3,GAUSSIAN_STARLET,-0.00035534081184267744,-0.00035534081184267744
1,13,3,MCALENS,0.0005831752592130608,0.0005831752592130608
1,13,3,FUSION,-0.00035440858392048104,-0.00035440858392048104
1,13,4,TRUTH,-0.0023736333911262885,-0.0023736333911262885
1,13,4,GAUSSIAN_STARLET,8.310066874270383e-06,8.310066874270383e-06
1,13,4,MCALENS,0.0013542093209203618,0.0013542093209203618
1,13,4,FUSION,1.868880493290758e-05,1.868880493290758e-05
1,13,5,TRUTH,-0.0015556700707465058,-0.0015556700707465058
1,13,5,GAUSSIAN_STARLET,-0.0005962216939111142,-0.0005962216939111142
1,13,5,MCALENS,0.0004236176656733022,0.0004236176656733022
1,13,5,FUSION,-0.0005702900751367847,-0.0005702900751367847
1,13,6,TRUTH,-0.0028233185649579533,-0.0028233185649579533
1,13,6,GAUSSIAN_STARLET,-0.0009665825640609349,-0.0009665825640609349
1,13,6,MCALENS,-0.00032867156977597586,-0.00032867156977597586
1,13,6,FUSION,-0.0009536199165447653,-0.0009536199165447653
1,13,7,TRUTH,-0.00316134594339778,-0.00316134594339778
1,13,7,GAUSSIAN_STARLET,-0.0010764448324555548,-0.0010764448324555548
1,13,7,MCALENS,-0.0005713756953816936,-0.0005713756953816936
1,13,7,FUSION,-0.0010582893396595325,-0.0010582893396595325
1,14,0,TRUTH,0.002312797286250035,0.002312797286250035
1,14,0,GAUSSIAN_STARLET,0.00010272551064101639,0.00010272551064101639
1,14,0,MCALENS,0.001105493497324054,0.001105493497324054
1,14,0,FUSION,0.00013772492246609742,0.00013772492246609742
1,14,1,TRUTH,-0.00031140518322601883,-0.00031140518322601883
1,14,1,GAUSSIAN_STARLET,4.410970390206953e-05,4.410970390206953e-05
1,14,1,MCALENS,0.0007534396562555289,0.0007534396562555289
1,14,1,FUSION,6.726375220129685e-05,6.726375220129685e-05
1,14,2,TRUTH,-0.00023810036116237262,-0.00023810036116237262
1,14,2,GAUSSIAN_STARLET,0.0003127640079305266,0.0003127640079305266
1,14,2,MCALENS,0.0011072519101253805,0.0011072519101253805
1,14,2,FUSION,0.0003375672026221947,0.0003375672026221947
1,14,3,TRUTH,0.0030200652458718252,0.0030200652458718252
1,14,3,GAUSSIAN_STARLET,0.0008255432415222301,0.0008255432415222301
1,14,3,MCALENS,0.002157367054152635,0.002157367054152635
1,14,3,FUSION,0.0008416821646906066,0.0008416821646906066
1,14,4,TRUTH,0.00018517292161136074,0.00018517292161136074
1,14,4,GAUSSIAN_STARLET,-0.00019488286491438204,-0.00019488286491438204
1,14,4,MCALENS,0.0014698786263728605,0.0014698786263728605
1,14,4,FUSION,-0.00018310598074394133,-0.00018310598074394133
1,14,5,TRUTH,-0.0002486063565886583,-0.0002486063565886583
1,14,5,GAUSSIAN_STARLET,7.879229853083532e-07,7.879229853083532e-07
1,14,5,MCALENS,0.0008266575535125087,0.0008266575535125087
1,14,5,FUSION,9.12773700638926e-06,9.12773700638926e-06
1,14,6,TRUTH,-0.0038526032859014596,-0.0038526032859014596
1,14,6,GAUSSIAN_STARLET,-0.00011927289478549637,-0.00011927289478549637
1,14,6,MCALENS,0.0003726047573486733,0.0003726047573486733
1,14,6,FUSION,-0.00010465031349009544,-0.00010465031349009544
1,14,7,TRUTH,-0.0013249644604689885,-0.0013249644604689885
1,14,7,GAUSSIAN_STARLET,-0.00012736493157763167,-0.00012736493157763167
1,14,7,MCALENS,0.0004795859546043542,0.0004795859546043542
1,14,7,FUSION,-0.00011166176194195907,-0.00011166176194195907
1,15,0,TRUTH,-0.0009668432831699529,-0.0009668432831699529
1,15,0,GAUSSIAN_STARLET,-0.0006696856241927181,-0.0006696856241927181
1,15,0,MCALENS,-0.0003071661928872695,-0.0003071661928872695
1,15,0,FUSION,-0.0006709899764344928,-0.0006709899764344928
1,15,1,TRUTH,-0.0011019798883151342,-0.0011019798883151342
1,15,1,GAUSSIAN_STARLET,-0.00017557097140840573,-0.00017557097140840573
1,15,1,MCALENS,4.6100806299304696e-05,4.6100806299304696e-05
1,15,1,FUSION,-0.00018003561170906938,-0.00018003561170906938
1,15,2,TRUTH,0.00125884361095977,0.00125884361095977
1,15,2,GAUSSIAN_STARLET,-0.00023353725784545226,-0.00023353725784545226
1,15,2,MCALENS,0.0004757941217704137,0.0004757941217704137
1,15,2,FUSION,-0.0002054219279838239,-0.0002054219279838239
1,15,3,TRUTH,-0.0019543312301682583,-0.0019543312301682583
1,15,3,GAUSSIAN_STARLET,-0.00021789047374982964,-0.00021789047374982964
1,15,3,MCALENS,0.00034043930188516964,0.00034043930188516964
1,15,3,FUSION,-0.00021334688061067265,-0.00021334688061067265
1,15,4,TRUTH,-0.002254527588550845,-0.002254527588550845
1,15,4,GAUSSIAN_STARLET,-7.47096959185206e-05,-7.47096959185206e-05
1,15,4,MCALENS,0.0007834859851212996,0.0007834859851212996
1,15,4,FUSION,-6.0157216826081666e-05,-6.0157216826081666e-05
1,15,5,TRUTH,0.0003065743077008538,0.0003065743077008538
1,15,5,GAUSSIAN_STARLET,-3.716063393096135e-05,-3.716063393096135e-05
1,15,5,MCALENS,0.0012589352316972355,0.0012589352316972355
1,15,5,FUSION,-9.429996083427696e-06,-9.429996083427696e-06
1,15,6,TRUTH,0.0014772065344699089,0.0014772065344699089
1,15,6,GAUSSIAN_STARLET,-0.0008170447931464265,-0.0008170447931464265
1,15,6,MCALENS,0.00026408457870502594,0.00026408457870502594
1,15,6,FUSION,-0.0007955178506590381,-0.0007955178506590381
1,15,7,TRUTH,-0.002013850866673583,-0.002013850866673583
1,15,7,GAUSSIAN_STARLET,-0.0003027568771763831,-0.0003027568771763831
1,15,7,MCALENS,0.00037923883018973673,0.00037923883018973673
1,15,7,FUSION,-0.00028141473724229934,-0.00028141473724229934
1,16,0,TRUTH,-0.003862807890067443,-0.003862807890067443
1,16,0,GAUSSIAN_STARLET,-0.0008673732944058557,-0.0008673732944058557
1,16,0,MCALENS,-0.00025320940587092683,-0.00025320940587092683
1,16,0,FUSION,-0.0008412530631550633,-0.0008412530631550633
1,16,1,TRUTH,-0.002531212829502965,-0.002531212829502965
1,16,1,GAUSSIAN_STARLET,-0.0012820613359037854,-0.0012820613359037854
1,16,1,MCALENS,-0.0010842073298092203,-0.0010842073298092203
1,16,1,FUSION,-0.0012901257248262542,-0.0012901257248262542
1,16,2,TRUTH,-0.002185194807379646,-0.002185194807379646
1,16,2,GAUSSIAN_STARLET,-0.0004283160347529921,-0.0004283160347529921
1,16,2,MCALENS,-4.734647707056006e-05,-4.734647707056006e-05
1,16,2,FUSION,-0.0004137393982611208,-0.0004137393982611208
1,16,3,TRUTH,-0.002494908109189885,-0.002494908109189885
1,16,3,GAUSSIAN_STARLET,-0.00029128672064610684,-0.00029128672064610684
1,16,3,MCALENS,0.0004974643970990509,0.0004974643970990509
1,16,3,FUSION,-0.00028714900791485215,-0.00028714900791485215
1,16,4,TRUTH,-0.0007869020541561061,-0.0007869020541561061
1,16,4,GAUSSIAN_STARLET,-6.703108616907806e-05,-6.703108616907806e-05
1,16,4,MCALENS,0.001138103784843202,0.001138103784843202
1,16,4,FUSION,-5.146390851744049e-05,-5.146390851744049e-05
1,16,5,TRUTH,0.0008249390673254196,0.0008249390673254196
1,16,5,GAUSSIAN_STARLET,-0.000672220105483926,-0.000672220105483926
1,16,5,MCALENS,0.000755579804215815,0.000755579804215815
1,16,5,FUSION,-0.0006502708765032402,-0.0006502708765032402
1,16,6,TRUTH,0.0007880458473926864,0.0007880458473926864
1,16,6,GAUSSIAN_STARLET,-0.0012024833915136588,-0.0012024833915136588
1,16,6,MCALENS,-0.000585473217355243,-0.000585473217355243
1,16,6,FUSION,-0.001179698547858289,-0.001179698547858289
1,16,7,TRUTH,-0.0016992698970201242,-0.0016992698970201242
1,16,7,GAUSSIAN_STARLET,-0.000270082186760547,-0.000270082186760547
1,16,7,MCALENS,0.0005098315857502723,0.0005098315857502723
1,16,7,FUSION,-0.0002563442219243765,-0.0002563442219243765
1,17,0,TRUTH,-0.0008386970028432545,-0.0008386970028432545
1,17,0,GAUSSIAN_STARLET,3.473264707731475e-05,3.473264707731475e-05
1,17,0,MCALENS,0.0007061549691463818,0.0007061549691463818
1,17,0,FUSION,4.020783051990097e-05,4.020783051990097e-05
1,17,1,TRUTH,-0.002552017516811209,-0.002552017516811209
1,17,1,GAUSSIAN_STARLET,5.913932475564824e-05,5.913932475564824e-05
1,17,1,MCALENS,0.00036711400509760396,0.00036711400509760396
1,17,1,FUSION,5.934227747059758e-05,5.934227747059758e-05
1,17,2,TRUTH,0.001128418568324651,0.001128418568324651
1,17,2,GAUSSIAN_STARLET,-3.167956811542091e-05,-3.167956811542091e-05
1,17,2,MCALENS,0.0008567096196446765,0.0008567096196446765
1,17,2,FUSION,-1.2548187646828701e-05,-1.2548187646828701e-05
1,17,3,TRUTH,0.0020530382143637547,0.0020530382143637547
1,17,3,GAUSSIAN_STARLET,0.0003222301949746265,0.0003222301949746265
1,17,3,MCALENS,0.0019369141409881535,0.0019369141409881535
1,17,3,FUSION,0.00039145004061235284,0.00039145004061235284
1,17,4,TRUTH,6.655333491143002e-06,6.655333491143002e-06
1,17,4,GAUSSIAN_STARLET,4.297726953515876e-05,4.297726953515876e-05
1,17,4,MCALENS,0.0017553046569682477,0.0017553046569682477
1,17,4,FUSION,5.414509887578958e-05,5.414509887578958e-05
1,17,5,TRUTH,-0.002759087396301474,-0.002759087396301474
1,17,5,GAUSSIAN_STARLET,0.0004734496209436251,0.0004734496209436251
1,17,5,MCALENS,0.001066116675281303,0.001066116675281303
1,17,5,FUSION,0.0004694083731920031,0.0004694083731920031
1,17,6,TRUTH,0.001851858893762126,0.001851858893762126
1,17,6,GAUSSIAN_STARLET,0.0005436318803188223,0.0005436318803188223
1,17,6,MCALENS,0.001480554276061914,0.001480554276061914
1,17,6,FUSION,0.0005583076636117256,0.0005583076636117256
1,17,7,TRUTH,0.003046758127645948,0.003046758127645948
1,17,7,GAUSSIAN_STARLET,0.0003375126602187505,0.0003375126602187505
1,17,7,MCALENS,0.0014636231788485228,0.0014636231788485228
1,17,7,FUSION,0.00036075455975836745,0.00036075455975836745
1,18,0,TRUTH,0.0017250838210595856,0.0017250838210595856
1,18,0,GAUSSIAN_STARLET,-0.0005091222753330867,-0.0005091222753330867
1,18,0,MCALENS,0.0003889681891729084,0.0003889681891729084
1,18,0,FUSION,-0.000498189158386191,-0.000498189158386191
1,18,1,TRUTH,-0.0004534716939722796,-0.0004534716939722796
1,18,1,GAUSSIAN_STARLET,-0.0009260536796032665,-0.0009260536796032665
1,18,1,MCALENS,-0.0002404717334296138,-0.0002404717334296138
1,18,1,FUSION,-0.0009014178474355714,-0.0009014178474355714
1,18,2,TRUTH,-0.001223540095198711,-0.001223540095198711
1,18,2,GAUSSIAN_STARLET,-0.00038640080268700883,-0.00038640080268700883
1,18,2,MCALENS,-0.0001599066234387847,-0.0001599066234387847
1,18,2,FUSION,-0.00037280635131103977,-0.00037280635131103977
1,18,3,TRUTH,-0.0013720187342643835,-0.0013720187342643835
1,18,3,GAUSSIAN_STARLET,-1.543661693933791e-05,-1.543661693933791e-05
1,18,3,MCALENS,0.0006654124663928856,0.0006654124663928856
1,18,3,FUSION,-1.4195242857929524e-05,-1.4195242857929524e-05
1,18,4,TRUTH,0.00020569623223886727,0.00020569623223886727
1,18,4,GAUSSIAN_STARLET,0.00015502365880798718,0.00015502365880798718
1,18,4,MCALENS,0.0012868255170499223,0.0012868255170499223
1,18,4,FUSION,0.00015542700102432096,0.00015542700102432096
1,18,5,TRUTH,-0.0006599424091019328,-0.0006599424091019328
1,18,5,GAUSSIAN_STARLET,-8.792614790698091e-06,-8.792614790698091e-06
1,18,5,MCALENS,0.0009286968499491494,0.0009286968499491494
1,18,5,FUSION,7.67930847558588e-06,7.67930847558588e-06
1,18,6,TRUTH,-0.0027198908675430166,-0.0027198908675430166
1,18,6,GAUSSIAN_STARLET,-0.00029881367238766414,-0.00029881367238766414
1,18,6,MCALENS,-4.716912089837842e-05,-4.716912089837842e-05
1,18,6,FUSION,-0.00029567023367756476,-0.00029567023367756476
1,18,7,TRUTH,-0.00012421104382552044,-0.00012421104382552044
1,18,7,GAUSSIAN_STARLET,-0.0002555382097390865,-0.0002555382097390865
1,18,7,MCALENS,0.00025724098928950497,0.00025724098928950497
1,18,7,FUSION,-0.0002335455105895753,-0.0002335455105895753
1,19,0,TRUTH,-0.0021515972337590437,-0.0021515972337590437
1,19,0,GAUSSIAN_STARLET,-0.0002938903092337578,-0.0002938903092337578
1,19,0,MCALENS,7.484421461797792e-05,7.484421461797792e-05
1,19,0,FUSION,-0.00028180041777985934,-0.00028180041777985934
1,19,1,TRUTH,-0.0035965125515979948,-0.0035965125515979948
1,19,1,GAUSSIAN_STARLET,-0.0008590947212092495,-0.0008590947212092495
1,19,1,MCALENS,-0.0004306418736869827,-0.0004306418736869827
1,19,1,FUSION,-0.0008504010446995942,-0.0008504010446995942
1,19,2,TRUTH,0.000103279497214252,0.000103279497214252
1,19,2,GAUSSIAN_STARLET,9.443900534628256e-05,9.443900534628256e-05
1,19,2,MCALENS,0.0006934883822430533,0.0006934883822430533
1,19,2,FUSION,0.00012388737867782918,0.00012388737867782918
1,19,3,TRUTH,0.0009884088606352843,0.0009884088606352843
1,19,3,GAUSSIAN_STARLET,1.8399549297039885e-05,1.8399549297039885e-05
1,19,3,MCALENS,0.001436133803935808,0.001436133803935808
1,19,3,FUSION,5.028840780218447e-05,5.028840780218447e-05
1,19,4,TRUTH,0.0010234836846657297,0.0010234836846657297
1,19,4,GAUSSIAN_STARLET,-1.1274674484794674e-05,-1.1274674484794674e-05
1,19,4,MCALENS,0.0019669966984683196,0.0019669966984683196
1,19,4,FUSION,6.436963641637053e-06,6.436963641637053e-06
1,19,5,TRUTH,0.0025902429553607896,0.0025902429553607896
1,19,5,GAUSSIAN_STARLET,-0.0005139460349942185,-0.0005139460349942185
1,19,5,MCALENS,0.0011490663868571095,0.0011490663868571095
1,19,5,FUSION,-0.00047594547310718865,-0.00047594547310718865
1,19,6,TRUTH,-0.005164196268159744,-0.005164196268159744
1,19,6,GAUSSIAN_STARLET,0.0001458874596145574,0.0001458874596145574
1,19,6,MCALENS,0.00033273771453502717,0.00033273771453502717
1,19,6,FUSION,0.00013935312515844314,0.00013935312515844314
1,19,7,TRUTH,0.0008234723307766302,0.0008234723307766302
1,19,7,GAUSSIAN_STARLET,0.00011851584378251409,0.00011851584378251409
1,19,7,MCALENS,0.001040588053690067,0.001040588053690067
1,19,7,FUSION,0.000127004319189173,0.000127004319189173
1,20,0,TRUTH,0.003205467697372454,0.003205467697372454
1,20,0,GAUSSIAN_STARLET,0.0010201732528709409,0.0010201732528709409
1,20,0,MCALENS,0.0021758334601190846,0.0021758334601190846
1,20,0,FUSION,0.0010746682764522458,0.0010746682764522458
1,20,1,TRUTH,0.0002566349072634184,0.0002566349072634184
1,20,1,GAUSSIAN_STARLET,0.000642298612166483,0.000642298612166483
1,20,1,MCALENS,0.0012350876214682464,0.0012350876214682464
1,20,1,FUSION,0.0006483157128443231,0.0006483157128443231
1,20,2,TRUTH,-0.0008776920023873615,-0.0008776920023873615
1,20,2,GAUSSIAN_STARLET,0.0005585244028281867,0.0005585244028281867
1,20,2,MCALENS,0.0009409056364962307,0.0009409056364962307
1,20,2,FUSION,0.0005669512985449653,0.0005669512985449653
1,20,3,TRUTH,0.00017088473263994939,0.00017088473263994939
1,20,3,GAUSSIAN_STARLET,0.0002960678496068815,0.0002960678496068815
1,20,3,MCALENS,0.0012943168908905998,0.0012943168908905998
1,20,3,FUSION,0.0003001281870061676,0.0003001281870061676
1,20,4,TRUTH,0.003262471287516238,0.003262471287516238
1,20,4,GAUSSIAN_STARLET,6.365908397555978e-05,6.365908397555978e-05
1,20,4,MCALENS,0.002088635885713708,0.002088635885713708
1,20,4,FUSION,7.750821880059964e-05,7.750821880059964e-05
1,20,5,TRUTH,0.0020689755604163334,0.0020689755604163334
1,20,5,GAUSSIAN_STARLET,0.00023064657702350766,0.00023064657702350766
1,20,5,MCALENS,0.0015645200483790575,0.0015645200483790575
1,20,5,FUSION,0.00023147491471675326,0.00023147491471675326
1,20,6,TRUTH,-0.0008167180544541039,-0.0008167180544541039
1,20,6,GAUSSIAN_STARLET,0.0009519978518938649,0.0009519978518938649
1,20,6,MCALENS,0.0015899917935200247,0.0015899917935200247
1,20,6,FUSION,0.0009716577289419851,0.0009716577289419851
1,20,7,TRUTH,0.0017957887969630216,0.0017957887969630216
1,20,7,GAUSSIAN_STARLET,0.0010847035612668813,0.0010847035612668813
1,20,7,MCALENS,0.0018346942748142122,0.0018346942748142122
1,20,7,FUSION,0.0011022261530449595,0.0011022261530449595
1,21,0,TRUTH,-0.0012014409637939136,-0.0012014409637939136
1,21,0,GAUSSIAN_STARLET,0.0002402382827408375,0.0002402382827408375
1,21,0,MCALENS,0.0009071375613917101,0.0009071375613917101
1,21,0,FUSION,0.00025999180230726435,0.00025999180230726435
1,21,1,TRUTH,-0.0007539742785371504,-0.0007539742785371504
1,21,1,GAUSSIAN_STARLET,-7.71817022960314e-05,-7.71817022960314e-05
1,21,1,MCALENS,0.0006187927153932462,0.0006187927153932462
1,21,1,FUSION,-5.144919539864357e-05,-5.144919539864357e-05
1,21,2,TRUTH,-0.00017941166491623224,-0.00017941166491623224
1,21,2,GAUSSIAN_STARLET,-0.0005380729060423383,-0.0005380729060423383
1,21,2,MCALENS,0.0004715785579767239,0.0004715785579767239
1,21,2,FUSION,-0.000482479686189021,-0.000482479686189021
1,21,3,TRUTH,-0.00016444950463351482,-0.00016444950463351482
1,21,3,GAUSSIAN_STARLET,-6.32427430120816e-05,-6.32427430120816e-05
1,21,3,MCALENS,0.0009278874391003317,0.0009278874391003317
1,21,3,FUSION,-5.059676909813278e-05,-5.059676909813278e-05
1,21,4,TRUTH,-0.0020689438235823084,-0.0020689438235823084
1,21,4,GAUSSIAN_STARLET,2.8307696337328776e-05,2.8307696337328776e-05
1,21,4,MCALENS,0.0014931933739143935,0.0014931933739143935
1,21,4,FUSION,4.123242737772089e-05,4.123242737772089e-05
1,21,5,TRUTH,-0.0009451318181536927,-0.0009451318181536927
1,21,5,GAUSSIAN_STARLET,0.0004661403246293017,0.0004661403246293017
1,21,5,MCALENS,0.0015606919729873729,0.0015606919729873729
1,21,5,FUSION,0.0004677434499030306,0.0004677434499030306
1,21,6,TRUTH,0.003896849854165136,0.003896849854165136
1,21,6,GAUSSIAN_STARLET,4.114812492658867e-05,4.114812492658867e-05
1,21,6,MCALENS,0.0014011058823829112,0.0014011058823829112
1,21,6,FUSION,6.270030227548574e-05,6.270030227548574e-05
1,21,7,TRUTH,0.003453570113169989,0.003453570113169989
1,21,7,GAUSSIAN_STARLET,-0.0001638239682188058,-0.0001638239682188058
1,21,7,MCALENS,0.0008876108861472185,0.0008876108861472185
1,21,7,FUSION,-0.00014274764630100588,-0.00014274764630100588
1,22,0,TRUTH,0.0009950866245633826,0.0009950866245633826
1,22,0,GAUSSIAN_STARLET,0.00048371937778617346,0.00048371937778617346
1,22,0,MCALENS,0.0013982597801440373,0.0013982597801440373
1,22,0,FUSION,0.00048153888545142583,0.00048153888545142583
1,22,1,TRUTH,-0.0004750046763789166,-0.0004750046763789166
1,22,1,GAUSSIAN_STARLET,-9.841758229402434e-05,-9.841758229402434e-05
1,22,1,MCALENS,0.0003722754415821241,0.0003722754415821241
1,22,1,FUSION,-9.54816220210249e-05,-9.54816220210249e-05
1,22,2,TRUTH,0.001016916998416008,0.001016916998416008
1,22,2,GAUSSIAN_STARLET,0.00021005039421719278,0.00021005039421719278
1,22,2,MCALENS,0.0012041921858783255,0.0012041921858783255
1,22,2,FUSION,0.00021900713840101494,0.00021900713840101494
1,22,3,TRUTH,-0.0005950852595807146,-0.0005950852595807146
1,22,3,GAUSSIAN_STARLET,7.101160985834391e-05,7.101160985834391e-05
1,22,3,MCALENS,0.001258158489514554,0.001258158489514554
1,22,3,FUSION,7.617110809827894e-05,7.617110809827894e-05
1,22,4,TRUTH,0.0014198627101895138,0.0014198627101895138
1,22,4,GAUSSIAN_STARLET,1.0330458966782656e-05,1.0330458966782656e-05
1,22,4,MCALENS,0.00205213571985179,0.00205213571985179
1,22,4,FUSION,2.4298570482191648e-05,2.4298570482191648e-05
1,22,5,TRUTH,-0.0033483825238909194,-0.0033483825238909194
1,22,5,GAUSSIAN_STARLET,0.0006053714280669949,0.0006053714280669949
1,22,5,MCALENS,0.0010123138775090124,0.0010123138775090124
1,22,5,FUSION,0.0005932087678507846,0.0005932087678507846
1,22,6,TRUTH,0.0027609849185274357,0.0027609849185274357
1,22,6,GAUSSIAN_STARLET,-0.00031871483838343776,-0.00031871483838343776
1,22,6,MCALENS,0.0008598826041534089,0.0008598826041534089
1,22,6,FUSION,-0.0002843992089083088,-0.0002843992089083088
1,22,7,TRUTH,-0.0008502424189593571,-0.0008502424189593571
1,22,7,GAUSSIAN_STARLET,0.0005088696381498569,0.0005088696381498569
1,22,7,MCALENS,0.0010347168717242624,0.0010347168717242624
1,22,7,FUSION,0.00051075257357539,0.00051075257357539
1,23,0,TRUTH,-0.0014731341974246741,-0.0014731341974246741
1,23,0,GAUSSIAN_STARLET,0.00012348602331656384,0.00012348602331656384
1,23,0,MCALENS,0.0006687897990800524,0.0006687897990800524
1,23,0,FUSION,0.00013179858325045618,0.00013179858325045618
1,23,1,TRUTH,0.0009415416100552809,0.0009415416100552809
1,23,1,GAUSSIAN_STARLET,0.0005484491311231329,0.0005484491311231329
1,23,1,MCALENS,0.0011332721756619523,0.0011332721756619523
1,23,1,FUSION,0.0005677951671903646,0.0005677951671903646
1,23,2,TRUTH,0.0010242665504643631,0.0010242665504643631
1,23,2,GAUSSIAN_STARLET,0.0002126777064146403,0.0002126777064146403
1,23,2,MCALENS,0.0006705846694873176,0.0006705846694873176
1,23,2,FUSION,0.00021106649002995188,0.00021106649002995188
1,23,3,TRUTH,0.001305980977804234,0.001305980977804234
1,23,3,GAUSSIAN_STARLET,0.00012563416940241433,0.00012563416940241433
1,23,3,MCALENS,0.0009793760038187245,0.0009793760038187245
1,23,3,FUSION,0.0001416707015351447,0.0001416707015351447
1,23,4,TRUTH,0.0005394532976083172,0.0005394532976083172
1,23,4,GAUSSIAN_STARLET,0.00012180748466036807,0.00012180748466036807
1,23,4,MCALENS,0.0011307842659456272,0.0011307842659456272
1,23,4,FUSION,0.00012169376791863015,0.00012169376791863015
1,23,5,TRUTH,-0.0016697565224818541,-0.0016697565224818541
1,23,5,GAUSSIAN_STARLET,0.0006034322531756592,0.0006034322531756592
1,23,5,MCALENS,0.0010079052948178836,0.0010079052948178836
1,23,5,FUSION,0.0005985068546750308,0.0005985068546750308
1,23,6,TRUTH,0.0003208360637676807,0.0003208360637676807
1,23,6,GAUSSIAN_STARLET,-0.00021923708056364213,-0.00021923708056364213
1,23,6,MCALENS,0.000412777723623333,0.000412777723623333
1,23,6,FUSION,-0.00018350806428951098,-0.00018350806428951098
1,23,7,TRUTH,0.0005147474264356067,0.0005147474264356067
1,23,7,GAUSSIAN_STARLET,0.00036811657273044487,0.00036811657273044487
1,23,7,MCALENS,0.0010205615267985006,0.0010205615267985006
1,23,7,FUSION,0.0003893394579935504,0.0003893394579935504
1,24,0,TRUTH,-0.0002488061544257307,-0.0002488061544257307
1,24,0,GAUSSIAN_STARLET,-0.00012905882722330964,-0.00012905882722330964
1,24,0,MCALENS,0.000453904860442123,0.000453904860442123
1,24,0,FUSION,-0.00011898698014440965,-0.00011898698014440965
1,24,1,TRUTH,0.0020756859029121425,0.0020756859029121425
1,24,1,GAUSSIAN_STARLET,-8.689608100304203e-05,-8.689608100304203e-05
1,24,1,MCALENS,0.0007944226411079357,0.0007944226411079357
1,24,1,FUSION,-3.680744788325151e-05,-3.680744788325151e-05
1,24,2,TRUTH,-0.00028769531363542175,-0.00028769531363542175
1,24,2,GAUSSIAN_STARLET,-4.303340378560955e-05,-4.303340378560955e-05
1,24,2,MCALENS,0.00040893558757395566,0.00040893558757395566
1,24,2,FUSION,-2.115639866149216e-05,-2.115639866149216e-05
1,24,3,TRUTH,-0.00454292376161195,-0.00454292376161195
1,24,3,GAUSSIAN_STARLET,-0.0011992196420343153,-0.0011992196420343153
1,24,3,MCALENS,-0.0008512572698038108,-0.0008512572698038108
1,24,3,FUSION,-0.0011929960817804476,-0.0011929960817804476
1,24,4,TRUTH,0.00026599099700815547,0.00026599099700815547
1,24,4,GAUSSIAN_STARLET,-4.0428410199647503e-05,-4.0428410199647503e-05
1,24,4,MCALENS,0.001322829204042184,0.001322829204042184
1,24,4,FUSION,-3.889634485496726e-05,-3.889634485496726e-05
1,24,5,TRUTH,-3.4478875278147396e-05,-3.4478875278147396e-05
1,24,5,GAUSSIAN_STARLET,1.3853724722726571e-05,1.3853724722726571e-05
1,24,5,MCALENS,0.0012379015725344866,0.0012379015725344866
1,24,5,FUSION,2.894557359066257e-05,2.894557359066257e-05
1,24,6,TRUTH,0.00024030092041752368,0.00024030092041752368
1,24,6,GAUSSIAN_STARLET,-0.00010741564049753268,-0.00010741564049753268
1,24,6,MCALENS,0.0008566360316957767,0.0008566360316957767
1,24,6,FUSION,-7.144042174937355e-05,-7.144042174937355e-05
1,24,7,TRUTH,0.0002507526194919614,0.0002507526194919614
1,24,7,GAUSSIAN_STARLET,-0.00027661158257118884,-0.00027661158257118884
1,24,7,MCALENS,0.0005443089695121637,0.0005443089695121637
1,24,7,FUSION,-0.00027280863109218506,-0.00027280863109218506
1,25,0,TRUTH,-0.0005235133018407889,-0.0005235133018407889
1,25,0,GAUSSIAN_STARLET,-0.00023840401017393925,-0.00023840401017393925
1,25,0,MCALENS,0.00038800472368437594,0.00038800472368437594
1,25,0,FUSION,-0.00021810884058679066,-0.00021810884058679066
1,25,1,TRUTH,0.00421221150686494,0.00421221150686494
1,25,1,GAUSSIAN_STARLET,0.0004054426575038914,0.0004054426575038914
1,25,1,MCALENS,0.0016013002811645178,0.0016013002811645178
1,25,1,FUSION,0.0004585891672008654,0.0004585891672008654
1,25,2,TRUTH,-0.0020458602271596154,-0.0020458602271596154
1,25,2,GAUSSIAN_STARLET,-0.0005298954827750436,-0.0005298954827750436
1,25,2,MCALENS,4.907652108276728e-05,4.907652108276728e-05
1,25,2,FUSION,-0.0005152196282900394,-0.0005152196282900394
1,25,3,TRUTH,-0.0011365313796124683,-0.0011365313796124683
1,25,3,GAUSSIAN_STARLET,-0.0002539058044347468,-0.0002539058044347468
1,25,3,MCALENS,0.00044560576989675406,0.00044560576989675406
1,25,3,FUSION,-0.00023058472194309728,-0.00023058472194309728
1,25,4,TRUTH,-0.002645620139412131,-0.002645620139412131
1,25,4,GAUSSIAN_STARLET,-7.70108791326116e-05,-7.70108791326116e-05
1,25,4,MCALENS,0.0011416169051769495,0.0011416169051769495
1,25,4,FUSION,-6.51270963333858e-05,-6.51270963333858e-05
1,25,5,TRUTH,-0.0022373290513517104,-0.0022373290513517104
1,25,5,GAUSSIAN_STARLET,0.0003953598325291027,0.0003953598325291027
1,25,5,MCALENS,0.0015887743757826507,0.0015887743757826507
1,25,5,FUSION,0.00040372668724170764,0.00040372668724170764
1,25,6,TRUTH,-0.0009451877822366893,-0.0009451877822366893
1,25,6,GAUSSIAN_STARLET,-0.0003493173253980598,-0.0003493173253980598
1,25,6,MCALENS,0.0003946459715951175,0.0003946459715951175
1,25,6,FUSION,-0.00033869414629972137,-0.00033869414629972137
1,25,7,TRUTH,0.0007574331687577097,0.0007574331687577097
1,25,7,GAUSSIAN_STARLET,-0.000272564529059686,-0.000272564529059686
1,25,7,MCALENS,0.00042403630640978896,0.00042403630640978896
1,25,7,FUSION,-0.0002609133179111859,-0.0002609133179111859
1,26,0,TRUTH,-0.0007857957295885714,-0.0007857957295885714
1,26,0,GAUSSIAN_STARLET,-0.0007335740455723393,-0.0007335740455723393
1,26,0,MCALENS,9.770847848932716e-05,9.770847848932716e-05
1,26,0,FUSION,-0.0006919154190283015,-0.0006919154190283015
1,26,1,TRUTH,0.0005896802109065089,0.0005896802109065089
1,26,1,GAUSSIAN_STARLET,-0.0001959717869911757,-0.0001959717869911757
1,26,1,MCALENS,0.0005819228953168915,0.0005819228953168915
1,26,1,FUSION,-0.00017694604607474654,-0.00017694604607474654
1,26,2,TRUTH,-0.0016162432908232239,-0.0016162432908232239
1,26,2,GAUSSIAN_STARLET,-0.0004366045723515199,-0.0004366045723515199
1,26,2,MCALENS,0.0007041842211470127,0.0007041842211470127
1,26,2,FUSION,-0.00036629202698003853,-0.00036629202698003853
1,26,3,TRUTH,-0.002390578082697572,-0.002390578082697572
1,26,3,GAUSSIAN_STARLET,-0.000538336895669176,-0.000538336895669176
1,26,3,MCALENS,0.0002142252921861655,0.0002142252921861655
1,26,3,FUSION,-0.0005334999644593554,-0.0005334999644593554
1,26,4,TRUTH,0.000518489180758781,0.000518489180758781
1,26,4,GAUSSIAN_STARLET,8.043163491488332e-06,8.043163491488332e-06
1,26,4,MCALENS,0.001668776661085039,0.001668776661085039
1,26,4,FUSION,1.494471685009435e-05,1.494471685009435e-05
1,26,5,TRUTH,-0.002171121892740943,-0.002171121892740943
1,26,5,GAUSSIAN_STARLET,-0.00014187395627041964,-0.00014187395627041964
1,26,5,MCALENS,0.0012234865023836648,0.0012234865023836648
1,26,5,FUSION,-0.00011374501281451337,-0.00011374501281451337
1,26,6,TRUTH,0.0011990937689359193,0.0011990937689359193
1,26,6,GAUSSIAN_STARLET,-0.0003181386134831253,-0.0003181386134831253
1,26,6,MCALENS,0.0007714607857566192,0.0007714607857566192
1,26,6,FUSION,-0.0002924525959793769,-0.0002924525959793769
1,26,7,TRUTH,-0.004331038563426641,-0.004331038563426641
1,26,7,GAUSSIAN_STARLET,-0.0004908554355243795,-0.0004908554355243795
1,26,7,MCALENS,2.2186093262175164e-05,2.2186093262175164e-05
1,26,7,FUSION,-0.0004839422764256317,-0.0004839422764256317
1,27,0,TRUTH,-0.0028295828599469203,-0.0028295828599469203
1,27,0,GAUSSIAN_STARLET,-0.0004997328356534565,-0.0004997328356534565
1,27,0,MCALENS,2.184570919405278e-05,2.184570919405278e-05
1,27,0,FUSION,-0.0004906341841515567,-0.0004906341841515567
1,27,1,TRUTH,-0.00330618262647901,-0.00330618262647901
1,27,1,GAUSSIAN_STARLET,-0.001120581686057238,-0.001120581686057238
1,27,1,MCALENS,-0.0007228623753376325,-0.0007228623753376325
1,27,1,FUSION,-0.0011163467418960173,-0.0011163467418960173
1,27,2,TRUTH,-0.002146378200752013,-0.002146378200752013
1,27,2,GAUSSIAN_STARLET,-0.000988022320223835,-0.000988022320223835
1,27,2,MCALENS,-0.00051953420473642,-0.00051953420473642
1,27,2,FUSION,-0.00098155011333922,-0.00098155011333922
1,27,3,TRUTH,-0.001475021814868185,-0.001475021814868185
1,27,3,GAUSSIAN_STARLET,-0.0004376005510940136,-0.0004376005510940136
1,27,3,MCALENS,0.000306571089606669,0.000306571089606669
1,27,3,FUSION,-0.00043541599167817716,-0.00043541599167817716
1,27,4,TRUTH,0.00035580215586353844,0.00035580215586353844
1,27,4,GAUSSIAN_STARLET,-2.197855644301246e-05,-2.197855644301246e-05
1,27,4,MCALENS,0.0013275743741112352,0.0013275743741112352
1,27,4,FUSION,-1.2304235672921678e-05,-1.2304235672921678e-05
1,27,5,TRUTH,0.0008246214821816697,0.0008246214821816697
1,27,5,GAUSSIAN_STARLET,-0.0005820927624058028,-0.0005820927624058028
1,27,5,MCALENS,0.000885554099036577,0.000885554099036577
1,27,5,FUSION,-0.0005404593915386788,-0.0005404593915386788
1,27,6,TRUTH,-0.002866326377280632,-0.002866326377280632
1,27,6,GAUSSIAN_STARLET,-0.0008355981125276865,-0.0008355981125276865
1,27,6,MCALENS,-0.0004388519530449473,-0.0004388519530449473
1,27,6,FUSION,-0.0008316707276443284,-0.0008316707276443284
1,27,7,TRUTH,-0.001611168081510655,-0.001611168081510655
1,27,7,GAUSSIAN_STARLET,-0.0009170507359666033,-0.0009170507359666033
1,27,7,MCALENS,-0.0003860239419237599,-0.0003860239419237599
1,27,7,FUSION,-0.0009127792516401747,-0.0009127792516401747
1,28,0,TRUTH,-0.0017616856198910088,-0.0017616856198910088
1,28,0,GAUSSIAN_STARLET,-0.00016981014113803922,-0.00016981014113803922
1,28,0,MCALENS,0.00013509015780073595,0.00013509015780073595
1,28,0,FUSION,-0.00017589187093526454,-0.00017589187093526454
1,28,1,TRUTH,0.0003310542618900621,0.0003310542618900621
1,28,1,GAUSSIAN_STARLET,7.705131829917069e-05,7.705131829917069e-05
1,28,1,MCALENS,0.000631443237523296,0.000631443237523296
1,28,1,FUSION,9.58405141729002e-05,9.58405141729002e-05
1,28,2,TRUTH,-0.003517828853629886,-0.003517828853629886
1,28,2,GAUSSIAN_STARLET,4.474292792432671e-05,4.474292792432671e-05
1,28,2,MCALENS,0.00034828583251373746,0.00034828583251373746
1,28,2,FUSION,3.4240621020342285e-05,3.4240621020342285e-05
1,28,3,TRUTH,0.0007068104733223439,0.0007068104733223439
1,28,3,GAUSSIAN_STARLET,-2.9808309341817922e-05,-2.9808309341817922e-05
1,28,3,MCALENS,0.0007925528161478627,0.0007925528161478627
1,28,3,FUSION,-8.817599611161379e-06,-8.817599611161379e-06
1,28,4,TRUTH,0.004038556810375418,0.004038556810375418
1,28,4,GAUSSIAN_STARLET,6.532035019540511e-05,6.532035019540511e-05
1,28,4,MCALENS,0.0018240454137597505,0.0018240454137597505
1,28,4,FUSION,7.520505880351507e-05,7.520505880351507e-05
1,28,5,TRUTH,0.000972310589356474,0.000972310589356474
1,28,5,GAUSSIAN_STARLET,7.237955487541723e-05,7.237955487541723e-05
1,28,5,MCALENS,0.0014933891299078999,0.0014933891299078999
1,28,5,FUSION,0.0001070483441427862,0.0001070483441427862
1,28,6,TRUTH,-0.002053659624344835,-0.002053659624344835
1,28,6,GAUSSIAN_STARLET,-0.0002978080789653324,-0.0002978080789653324
1,28,6,MCALENS,-3.306058581778016e-05,-3.306058581778016e-05
1,28,6,FUSION,-0.00029717148205942183,-0.00029717148205942183
1,28,7,TRUTH,-0.002227635776884704,-0.002227635776884704
1,28,7,GAUSSIAN_STARLET,0.00017459504443221688,0.00017459504443221688
1,28,7,MCALENS,0.0007949437339584489,0.0007949437339584489
1,28,7,FUSION,0.00018485758674456076,0.00018485758674456076
1,29,0,TRUTH,-0.0004921276464565048,-0.0004921276464565048
1,29,0,GAUSSIAN_STARLET,-0.00022217916098509884,-0.00022217916098509884
1,29,0,MCALENS,0.000382362117971674,0.000382362117971674
1,29,0,FUSION,-0.00020971713429775323,-0.00020971713429775323
1,29,1,TRUTH,0.0022272761823607275,0.0022272761823607275
1,29,1,GAUSSIAN_STARLET,0.00020639601096654833,0.00020639601096654833
1,29,1,MCALENS,0.0011043373435567886,0.0011043373435567886
1,29,1,FUSION,0.00023100968083150918,0.00023100968083150918
1,29,2,TRUTH,0.00041308470580727176,0.00041308470580727176
1,29,2,GAUSSIAN_STARLET,-0.000473447197455855,-0.000473447197455855
1,29,2,MCALENS,0.00020941390295897756,0.00020941390295897756
1,29,2,FUSION,-0.00045702318779661797,-0.00045702318779661797
1,29,3,TRUTH,-0.0005290532574418939,-0.0005290532574418939
1,29,3,GAUSSIAN_STARLET,-0.00023208856754346533,-0.00023208856754346533
1,29,3,MCALENS,0.0006398049423846697,0.0006398049423846697
1,29,3,FUSION,-0.00022873613006999294,-0.00022873613006999294
1,29,4,TRUTH,-0.0027474986267652175,-0.0027474986267652175
1,29,4,GAUSSIAN_STARLET,-2.6713129240523736e-05,-2.6713129240523736e-05
1,29,4,MCALENS,0.0007796014396712693,0.0007796014396712693
1,29,4,FUSION,-1.4055346195757373e-05,-1.4055346195757373e-05
1,29,5,TRUTH,-0.002452035064432716,-0.002452035064432716
1,29,5,GAUSSIAN_STARLET,0.00018689461781553428,0.00018689461781553428
1,29,5,MCALENS,0.0004921456105078297,0.0004921456105078297
1,29,5,FUSION,0.00017576677048733796,0.00017576677048733796
1,29,6,TRUTH,-0.0011374108445288663,-0.0011374108445288663
1,29,6,GAUSSIAN_STARLET,-0.00045618729340000036,-0.00045618729340000036
1,29,6,MCALENS,0.0005669827175036757,0.0005669827175036757
1,29,6,FUSION,-0.0004233210152339224,-0.0004233210152339224
1,29,7,TRUTH,-0.0006627458659925078,-0.0006627458659925078
1,29,7,GAUSSIAN_STARLET,-0.0005063734092927301,-0.0005063734092927301
1,29,7,MCALENS,9.997697210413188e-05,9.997697210413188e-05
1,29,7,FUSION,-0.0004966906073210417,-0.0004966906073210417
2,10,0,TRUTH,0.0010032258677717346,0.0010032258677717346
2,10,0,GAUSSIAN_STARLET,0.00046018852949616,0.00046018852949616
2,10,0,MCALENS,0.0008353235198441661,0.0008353235198441661
2,10,0,FUSION,0.0004633264666331321,0.0004633264666331321
2,10,1,TRUTH,0.0015735282254147665,0.0015735282254147665
2,10,1,GAUSSIAN_STARLET,0.0007781748476678227,0.0007781748476678227
2,10,1,MCALENS,0.0013838778642577335,0.0013838778642577335
2,10,1,FUSION,0.000781252315751333,0.000781252315751333
2,10,2,TRUTH,0.002926502896842467,0.002926502896842467
2,10,2,GAUSSIAN_STARLET,-0.00023238959752352038,-0.00023238959752352038
2,10,2,MCALENS,0.0003207746719431779,0.0003207746719431779
2,10,2,FUSION,-0.0002137152346979732,-0.0002137152346979732
2,10,3,TRUTH,-0.0001383077631120634,-0.0001383077631120634
2,10,3,GAUSSIAN_STARLET,6.227282985194485e-05,6.227282985194485e-05
2,10,3,MCALENS,0.0007258206704382692,0.0007258206704382692
2,10,3,FUSION,7.223989390864537e-05,7.223989390864537e-05
2,10,4,TRUTH,0.00028716947276180745,0.00028716947276180745
2,10,4,GAUSSIAN_STARLET,0.0002298620071993749,0.0002298620071993749
2,10,4,MCALENS,0.0010879312574275334,0.0010879312574275334
2,10,4,FUSION,0.000237007639402882,0.000237007639402882
2,10,5,TRUTH,-0.00039316253738971743,-0.00039316253738971743
2,10,5,GAUSSIAN_STARLET,0.0003561845637802499,0.0003561845637802499
2,10,5,MCALENS,0.0007589600098406651,0.0007589600098406651
2,10,5,FUSION,0.0003596702750323578,0.0003596702750323578
2,10,6,TRUTH,0.002178122233479326,0.002178122233479326
2,10,6,GAUSSIAN_STARLET,-1.9329711446176752e-05,-1.9329711446176752e-05
2,10,6,MCALENS,0.000516923766748633,0.000516923766748633
2,10,6,FUSION,-1.2074044655244094e-05,-1.2074044655244094e-05
2,10,7,TRUTH,-0.0014011592023721875,-0.0014011592023721875
2,10,7,GAUSSIAN_STARLET,0.00033446057293718025,0.00033446057293718025
2,10,7,MCALENS,0.000818063252004428,0.000818063252004428
2,10,7,FUSION,0.0003563665350585883,0.0003563665350585883
2,11,0,TRUTH,0.0009946171715607226,0.0009946171715607226
2,11,0,GAUSSIAN_STARLET,1.4114738012113594e-07,1.4114738012113594e-07
2,11,0,MCALENS,0.0004728824684606891,0.0004728824684606891
2,11,0,FUSION,2.0470139900831905e-05,2.0470139900831905e-05
2,11,1,TRUTH,-0.0020024977322228754,-0.0020024977322228754
2,11,1,GAUSSIAN_STARLET,-0.00026088671566441656,-0.00026088671566441656
2,11,1,MCALENS,9.727140746349686e-05,9.727140746349686e-05
2,11,1,FUSION,-0.0002625923108780894,-0.0002625923108780894
2,11,2,TRUTH,4.113407639552814e-05,4.113407639552814e-05
2,11,2,GAUSSIAN_STARLET,-0.00022811235217156184,-0.00022811235217156184
2,11,2,MCALENS,2.7019604556752353e-05,2.7019604556752353e-05
2,11,2,FUSION,-0.00022316661736094414,-0.00022316661736094414
2,11,3,TRUTH,-0.0002807946699394805,-0.0002807946699394805
2,11,3,GAUSSIAN_STARLET,-0.00020408602738703437,-0.00020408602738703437
2,11,3,MCALENS,0.00026645088820195236,0.00026645088820195236
2,11,3,FUSION,-0.0001887235083478977,-0.0001887235083478977
2,11,4,TRUTH,-0.0005518967554091435,-0.0005518967554091435
2,11,4,GAUSSIAN_STARLET,0.00010917074319832938,0.00010917074319832938
2,11,4,MCALENS,0.0005976223795706472,0.0005976223795706472
2,11,4,FUSION,0.00011047970031859954,0.00011047970031859954
2,11,5,TRUTH,-0.00020526293475772798,-0.00020526293475772798
2,11,5,GAUSSIAN_STARLET,-0.00018354846079113394,-0.00018354846079113394
2,11,5,MCALENS,0.0005316720825380302,0.0005316720825380302
2,11,5,FUSION,-0.00017589070295679604,-0.00017589070295679604
2,11,6,TRUTH,-0.001064414187231277,-0.001064414187231277
2,11,6,GAUSSIAN_STARLET,-0.00024706056108262937,-0.00024706056108262937
2,11,6,MCALENS,7.442233553153424e-05,7.442233553153424e-05
2,11,6,FUSION,-0.00024113810163830485,-0.00024113810163830485
2,11,7,TRUTH,0.0002622714280336096,0.0002622714280336096
2,11,7,GAUSSIAN_STARLET,-0.0002506509220199675,-0.0002506509220199675
2,11,7,MCALENS,0.00022318894165960723,0.00022318894165960723
2,11,7,FUSION,-0.00023648982147046171,-0.00023648982147046171
2,12,0,TRUTH,-0.0004541657351552909,-0.0004541657351552909
2,12,0,GAUSSIAN_STARLET,-4.6062632274344427e-05,-4.6062632274344427e-05
2,12,0,MCALENS,0.00013387462564457608,0.00013387462564457608
2,12,0,FUSION,-2.721049175504678e-05,-2.721049175504678e-05
2,12,1,TRUTH,0.0008231225728491086,0.0008231225728491086
2,12,1,GAUSSIAN_STARLET,-0.0007765880878188304,-0.0007765880878188304
2,12,1,MCALENS,-0.0003823646682650739,-0.0003823646682650739
2,12,1,FUSION,-0.0007628491737285308,-0.0007628491737285308
2,12,2,TRUTH,-0.0019494388122875232,-0.0019494388122875232
2,12,2,GAUSSIAN_STARLET,-3.8190660378295564e-05,-3.8190660378295564e-05
2,12,2,MCALENS,0.00030362032156319084,0.00030362032156319084
2,12,2,FUSION,-2.175208740658884e-05,-2.175208740658884e-05
2,12,3,TRUTH,-0.0022110084507636863,-0.0022110084507636863
2,12,3,GAUSSIAN_STARLET,-0.0008973928247016727,-0.0008973928247016727
2,12,3,MCALENS,-0.00042585810901397204,-0.00042585810901397204
2,12,3,FUSION,-0.0008960050451158848,-0.0008960050451158848
2,12,4,TRUTH,-0.0010308478022971997,-0.0010308478022971997
2,12,4,GAUSSIAN_STARLET,-5.065523480720117e-06,-5.065523480720117e-06
2,12,4,MCALENS,0.0008287778847095543,0.0008287778847095543
2,12,4,FUSION,-7.172330669749524e-07,-7.172330669749524e-07
2,12,5,TRUTH,0.0002517019214829433,0.0002517019214829433
2,12,5,GAUSSIAN_STARLET,-0.0001003321845149567,-0.0001003321845149567
2,12,5,MCALENS,0.0007841451244461759,0.0007841451244461759
2,12,5,FUSION,-8.859444142321811e-05,-8.859444142321811e-05
2,12,6,TRUTH,0.0019208901217002028,0.0019208901217002028
2,12,6,GAUSSIAN_STARLET,-0.00021547588388608045,-0.00021547588388608045
2,12,6,MCALENS,0.00013847570141105342,0.00013847570141105342
2,12,6,FUSION,-0.00020967444448895814,-0.00020967444448895814
2,12,7,TRUTH,0.0003488229587951692,0.0003488229587951692
2,12,7,GAUSSIAN_STARLET,-0.0001445396245047185,-0.0001445396245047185
2,12,7,MCALENS,0.0003601452115241517,0.0003601452115241517
2,12,7,FUSION,-0.00013882768430697462,-0.00013882768430697462
2,13,0,TRUTH,-0.002498224073809721,-0.002498224073809721
2,13,0,GAUSSIAN_STARLET,-0.000801888427490787,-0.000801888427490787
2,13,0,MCALENS,-0.00038621540474993244,-0.00038621540474993244
2,13,0,FUSION,-0.0007822452839794404,-0.0007822452839794404
2,13,1,TRUTH,-0.00034759694938704666,-0.00034759694938704666
2,13,1,GAUSSIAN_STARLET,-0.0008041947371891225,-0.0008041947371891225
2,13,1,MCALENS,-0.0005287741142583972,-0.0005287741142583972
2,13,1,FUSION,-0.0007943874487580579,-0.0007943874487580579
2,13,2,TRUTH,-0.0008751802915418159,-0.0008751802915418159
2,13,2,GAUSSIAN_STARLET,-0.0006709204816307666,-0.0006709204816307666
2,13,2,MCALENS,-0.0005820971581119493,-0.0005820971581119493
2,13,2,FUSION,-0.0006605468763758567,-0.0006605468763758567
2,13,3,TRUTH,-0.0015924343046238901,-0.0015924343046238901
2,13,3,GAUSSIAN_STARLET,-0.00033200691587861945,-0.00033200691587861945
2,13,3,MCALENS,9.084894131928741e-06,9.084894131928741e-06
2,13,3,FUSION,-0.00033298378467299717,-0.00033298378467299717
2,13,4,TRUTH,-0.0014831329473304013,-0.0014831329473304013
2,13,4,GAUSSIAN_STARLET,1.185139786372915e-05,1.185139786372915e-05
2,13,4,MCALENS,0.000551457950680197,0.000551457950680197
2,13,4,FUSION,1.5549292174257932e-05,1.5549292174257932e-05
2,13,5,TRUTH,-0.0007421041008659839,-0.0007421041008659839
2,13,5,GAUSSIAN_STARLET,-0.0003472751617332312,-0.0003472751617332312
2,13,5,MCALENS,0.0005943452423534364,0.0005943452423534364
2,13,5,FUSION,-0.00033337500055357445,-0.00033337500055357445
2,13,6,TRUTH,-0.0021889521266266867,-0.0021889521266266867
2,13,6,GAUSSIAN_STARLET,-0.0003426173113554801,-0.0003426173113554801
2,13,6,MCALENS,7.238332014927508e-05,7.238332014927508e-05
2,13,6,FUSION,-0.00034203540075183523,-0.00034203540075183523
2,13,7,TRUTH,-0.0009171253983655783,-0.0009171253983655783
2,13,7,GAUSSIAN_STARLET,-0.0007836859524773385,-0.0007836859524773385
2,13,7,MCALENS,-0.0004365951973011711,-0.0004365951973011711
2,13,7,FUSION,-0.0007696923011543937,-0.0007696923011543937
2,14,0,TRUTH,0.0002658698288763537,0.0002658698288763537
2,14,0,GAUSSIAN_STARLET,5.795869964833726e-06,5.795869964833726e-06
2,14,0,MCALENS,0.0005231761770935157,0.0005231761770935157
2,14,0,FUSION,2.6928394870927623e-05,2.6928394870927623e-05
2,14,1,TRUTH,0.0005164953284509796,0.0005164953284509796
2,14,1,GAUSSIAN_STARLET,-0.00013729352121482537,-0.00013729352121482537
2,14,1,MCALENS,0.0001545766474683005,0.0001545766474683005
2,14,1,FUSION,-0.00013148933058936306,-0.00013148933058936306
2,14,2,TRUTH,-0.0005280246746213236,-0.0005280246746213236
2,14,2,GAUSSIAN_STARLET,4.561837937833957e-05,4.561837937833957e-05
2,14,2,MCALENS,0.00053483268303508,0.00053483268303508
2,14,2,FUSION,6.318521075344376e-05,6.318521075344376e-05
2,14,3,TRUTH,0.001856001390352545,0.001856001390352545
2,14,3,GAUSSIAN_STARLET,0.0006140004428463548,0.0006140004428463548
2,14,3,MCALENS,0.0012357450737005532,0.0012357450737005532
2,14,3,FUSION,0.0006183939761965174,0.0006183939761965174
2,14,4,TRUTH,-0.0005495200174868588,-0.0005495200174868588
2,14,4,GAUSSIAN_STARLET,-6.598766427884911e-05,-6.598766427884911e-05
2,14,4,MCALENS,0.000514803003810907,0.000514803003810907
2,14,4,FUSION,-6.403262428817001e-05,-6.403262428817001e-05
2,14,5,TRUTH,-0.00018346446517101352,-0.00018346446517101352
2,14,5,GAUSSIAN_STARLET,3.92457533793593e-05,3.92457533793593e-05
2,14,5,MCALENS,0.0005490053305442969,0.0005490053305442969
2,14,5,FUSION,3.93164574000521e-05,3.93164574000521e-05
2,14,6,TRUTH,-0.002183359814004788,-0.002183359814004788
2,14,6,GAUSSIAN_STARLET,-0.0004871137583126619,-0.0004871137583126619
2,14,6,MCALENS,-0.00019016833453208766,-0.00019016833453208766
2,14,6,FUSION,-0.0004859353932633582,-0.0004859353932633582
2,14,7,TRUTH,-0.0014737555147940383,-0.0014737555147940383
2,14,7,GAUSSIAN_STARLET,-6.51366151003831e-05,-6.51366151003831e-05
2,14,7,MCALENS,0.00031477875767835505,0.00031477875767835505
2,14,7,FUSION,-5.6062595795956095e-05,-5.6062595795956095e-05
2,15,0,TRUTH,-0.0008524873661656686,-0.0008524873661656686
2,15,0,GAUSSIAN_STARLET,-0.0002546730712659908,-0.0002546730712659908
2,15,0,MCALENS,8.902397134387287e-05,8.902397134387287e-05
2,15,0,FUSION,-0.00023244523414013958,-0.00023244523414013958
2,15,1,TRUTH,0.0003222667005985621,0.0003222667005985621
2,15,1,GAUSSIAN_STARLET,-2.767956976541451e-05,-2.767956976541451e-05
2,15,1,MCALENS,1.382734512236666e-05,1.382734512236666e-05
2,15,1,FUSION,-2.6810972313051537e-05,-2.6810972313051537e-05
2,15,2,TRUTH,3.740887854998216e-05,3.740887854998216e-05
2,15,2,GAUSSIAN_STARLET,0.00013627158602655772,0.00013627158602655772
2,15,2,MCALENS,0.0004919465223627886,0.0004919465223627886
2,15,2,FUSION,0.00015439889752318209,0.00015439889752318209
2,15,3,TRUTH,-0.00043695395707376634,-0.00043695395707376634
2,15,3,GAUSSIAN_STARLET,0.00015820324590284257,0.00015820324590284257
2,15,3,MCALENS,0.0005507890321385728,0.0005507890321385728
2,15,3,FUSION,0.00016336357985357005,0.00016336357985357005
2,15,4,TRUTH,-0.0006210569767154633,-0.0006210569767154633
2,15,4,GAUSSIAN_STARLET,2.7415502546487776e-05,2.7415502546487776e-05
2,15,4,MCALENS,0.000629709309109815,0.000629709309109815
2,15,4,FUSION,3.3741060291073045e-05,3.3741060291073045e-05
2,15,5,TRUTH,0.0004322921110905466,0.0004322921110905466
2,15,5,GAUSSIAN_STARLET,5.0851734033474335e-05,5.0851734033474335e-05
2,15,5,MCALENS,0.0007075464953181831,0.0007075464953181831
2,15,5,FUSION,6.678916015200514e-05,6.678916015200514e-05
2,15,6,TRUTH,-0.0004471590680185153,-0.0004471590680185153
2,15,6,GAUSSIAN_STARLET,-0.00022844581077670865,-0.00022844581077670865
2,15,6,MCALENS,6.899004278598164e-05,6.899004278598164e-05
2,15,6,FUSION,-0.0002255617763098216,-0.0002255617763098216
2,15,7,TRUTH,6.93917967242538e-05,6.93917967242538e-05
2,15,7,GAUSSIAN_STARLET,-8.523088193634504e-05,-8.523088193634504e-05
2,15,7,MCALENS,0.00040054403034535824,0.00040054403034535824
2,15,7,FUSION,-6.971590104672246e-05,-6.971590104672246e-05
2,16,0,TRUTH,-0.002910346030745361,-0.002910346030745361
2,16,0,GAUSSIAN_STARLET,-2.4011111991046002e-05,-2.4011111991046002e-05
2,16,0,MCALENS,0.00021190380035492274,0.00021190380035492274
2,16,0,FUSION,-1.3351018409339001e-05,-1.3351018409339001e-05
2,16,1,TRUTH,-0.0005738109569239775,-0.0005738109569239775
2,16,1,GAUSSIAN_STARLET,-0.0006156931043301976,-0.0006156931043301976
2,16,1,MCALENS,-0.0003996285657687508,-0.0003996285657687508
2,16,1,FUSION,-0.000611543211564239,-0.000611543211564239
2,16,2,TRUTH,-0.0015751819723738081,-0.0015751819723738081
2,16,2,GAUSSIAN_STARLET,1.566612083261781e-05,1.566612083261781e-05
2,16,2,MCALENS,0.00039769731585480116,0.00039769731585480116
2,16,2,FUSION,1.574683784540838e-05,1.574683784540838e-05
2,16,3,TRUTH,-0.0005785958020186749,-0.0005785958020186749
2,16,3,GAUSSIAN_STARLET,9.643369529643116e-05,9.643369529643116e-05
2,16,3,MCALENS,0.0006003448755515017,0.0006003448755515017
2,16,3,FUSION,0.00010109376907342901,0.00010109376907342901
2,16,4,TRUTH,-1.2171657236241839e-05,-1.2171657236241839e-05
2,16,4,GAUSSIAN_STARLET,-4.206407328230931e-05,-4.206407328230931e-05
2,16,4,MCALENS,0.0006048628579714131,0.0006048628579714131
2,16,4,FUSION,-3.9409596974791915e-05,-3.9409596974791915e-05
2,16,5,TRUTH,0.0008302317061803428,0.0008302317061803428
2,16,5,GAUSSIAN_STARLET,-0.00033270156522163417,-0.00033270156522163417
2,16,5,MCALENS,0.0003768077564151609,0.0003768077564151609
2,16,5,FUSION,-0.000319671342278756,-0.000319671342278756
2,16,6,TRUTH,0.0013770180979059596,0.0013770180979059596
2,16,6,GAUSSIAN_STARLET,-0.0006805955663259321,-0.0006805955663259321
2,16,6,MCALENS,-0.00019810061939289309,-0.00019810061939289309
2,16,6,FUSION,-0.0006648135399933754,-0.0006648135399933754
2,16,7,TRUTH,6.315727167096832e-05,6.315727167096832e-05
2,16,7,GAUSSIAN_STARLET,0.00022166751084637891,0.00022166751084637891
2,16,7,MCALENS,0.0007501851445547645,0.0007501851445547645
2,16,7,FUSION,0.00022407350629269636,0.00022407350629269636
2,17,0,TRUTH,0.0013310548981748558,0.0013310548981748558
2,17,0,GAUSSIAN_STARLET,0.0006516501910165396,0.0006516501910165396
2,17,0,MCALENS,0.0011207928201357573,0.0011207928201357573
2,17,0,FUSION,0.000675654756122754,0.000675654756122754
2,17,1,TRUTH,-0.0005618713802223078,-0.0005618713802223078
2,17,1,GAUSSIAN_STARLET,0.00046163472619347443,0.00046163472619347443
2,17,1,MCALENS,0.0006711714616818715,0.0006711714616818715
2,17,1,FUSION,0.0004674114822065692,0.0004674114822065692
2,17,2,TRUTH,0.0007386763397502092,0.0007386763397502092
2,17,2,GAUSSIAN_STARLET,0.000317699641469008,0.000317699641469008
2,17,2,MCALENS,0.0006700444291803819,0.0006700444291803819
2,17,2,FUSION,0.0003231185874626437,0.0003231185874626437
2,17,3,TRUTH,0.0018298547758022203,0.0018298547758022203
2,17,3,GAUSSIAN_STARLET,0.00023257191140925947,0.00023257191140925947
2,17,3,MCALENS,0.0013010402295531322,0.0013010402295531322
2,17,3,FUSION,0.00026143010166416417,0.00026143010166416417
2,17,4,TRUTH,-0.0001736208910399531,-0.0001736208910399531
2,17,4,GAUSSIAN_STARLET,-2.7521847823008392e-05,-2.7521847823008392e-05
2,17,4,MCALENS,0.0008765161568366387,0.0008765161568366387
2,17,4,FUSION,-2.49664702458287e-05,-2.49664702458287e-05
2,17,5,TRUTH,-0.0010287765654241306,-0.0010287765654241306
2,17,5,GAUSSIAN_STARLET,0.0001790696592214345,0.0001790696592214345
2,17,5,MCALENS,0.0005674805275013749,0.0005674805275013749
2,17,5,FUSION,0.00018102525515612623,0.00018102525515612623
2,17,6,TRUTH,0.0011277837961719997,0.0011277837961719997
2,17,6,GAUSSIAN_STARLET,0.0007983634134772654,0.0007983634134772654
2,17,6,MCALENS,0.0011144009432506481,0.0011144009432506481
2,17,6,FUSION,0.0008049920113382935,0.0008049920113382935
2,17,7,TRUTH,0.00351136504955431,0.00351136504955431
2,17,7,GAUSSIAN_STARLET,0.0006880117436286538,0.0006880117436286538
2,17,7,MCALENS,0.001363447554406783,0.001363447554406783
2,17,7,FUSION,0.0007108776657020538,0.0007108776657020538
2,18,0,TRUTH,0.00027799005609712395,0.00027799005609712395
2,18,0,GAUSSIAN_STARLET,-0.0002972568201944827,-0.0002972568201944827
2,18,0,MCALENS,8.629282537492465e-05,8.629282537492465e-05
2,18,0,FUSION,-0.0002825967604345513,-0.0002825967604345513
2,18,1,TRUTH,-0.000390926178413947,-0.000390926178413947
2,18,1,GAUSSIAN_STARLET,-0.0006627741810160137,-0.0006627741810160137
2,18,1,MCALENS,-0.0003631819046716439,-0.0003631819046716439
2,18,1,FUSION,-0.0006587060413657106,-0.0006587060413657106
2,18,2,TRUTH,2.375371280035929e-05,2.375371280035929e-05
2,18,2,GAUSSIAN_STARLET,0.00014466913667674947,0.00014466913667674947
2,18,2,MCALENS,0.0004668648249387239,0.0004668648249387239
2,18,2,FUSION,0.0001562519384099637,0.0001562519384099637
2,18,3,TRUTH,-0.0008654096231945557,-0.0008654096231945557
2,18,3,GAUSSIAN_STARLET,-0.00015163008668364104,-0.00015163008668364104
2,18,3,MCALENS,0.0002119087325806935,0.0002119087325806935
2,18,3,FUSION,-0.0001490591658346629,-0.0001490591658346629
2,18,4,TRUTH,0.0011433328205541014,0.0011433328205541014
2,18,4,GAUSSIAN_STARLET,8.954340991368177e-05,8.954340991368177e-05
2,18,4,MCALENS,0.0008500391957723152,0.0008500391957723152
2,18,4,FUSION,9.069296578919373e-05,9.069296578919373e-05
2,18,5,TRUTH,0.00014504262296246654,0.00014504262296246654
2,18,5,GAUSSIAN_STARLET,2.644186642057549e-06,2.644186642057549e-06
2,18,5,MCALENS,0.0004985112178516551,0.0004985112178516551
2,18,5,FUSION,3.5571352975226835e-06,3.5571352975226835e-06
2,18,6,TRUTH,-0.0020825236182213545,-0.0020825236182213545
2,18,6,GAUSSIAN_STARLET,0.00010740057478025824,0.00010740057478025824
2,18,6,MCALENS,0.0003694438752916093,0.0003694438752916093
2,18,6,FUSION,0.00011020229374204796,0.00011020229374204796
2,18,7,TRUTH,0.001111263677093706,0.001111263677093706
2,18,7,GAUSSIAN_STARLET,-0.0001858353863744814,-0.0001858353863744814
2,18,7,MCALENS,0.00046233541399691696,0.00046233541399691696
2,18,7,FUSION,-0.00016500562102747795,-0.00016500562102747795
2,19,0,TRUTH,-0.0011873621609388594,-0.0011873621609388594
2,19,0,GAUSSIAN_STARLET,0.00038946832034003186,0.00038946832034003186
2,19,0,MCALENS,0.0007069855462237887,0.0007069855462237887
2,19,0,FUSION,0.0004063247271131397,0.0004063247271131397
2,19,1,TRUTH,-0.0021913275724313574,-0.0021913275724313574
2,19,1,GAUSSIAN_STARLET,-0.000575566006063903,-0.000575566006063903
2,19,1,MCALENS,-0.0004399261337438012,-0.0004399261337438012
2,19,1,FUSION,-0.000578109555230995,-0.000578109555230995
2,19,2,TRUTH,0.0006613721289418415,0.0006613721289418415
2,19,2,GAUSSIAN_STARLET,0.00028197560571897423,0.00028197560571897423
2,19,2,MCALENS,0.0005921884135136786,0.0005921884135136786
2,19,2,FUSION,0.0002926734145197613,0.0002926734145197613
2,19,3,TRUTH,0.0003282609962214348,0.0003282609962214348
2,19,3,GAUSSIAN_STARLET,-0.00017702503629504914,-0.00017702503629504914
2,19,3,MCALENS,6.506230240535792e-05,6.506230240535792e-05
2,19,3,FUSION,-0.00017494747952907872,-0.00017494747952907872
2,19,4,TRUTH,0.0005603274304056095,0.0005603274304056095
2,19,4,GAUSSIAN_STARLET,-9.692359017984173e-06,-9.692359017984173e-06
2,19,4,MCALENS,0.0009743172040452839,0.0009743172040452839
2,19,4,FUSION,4.893086790827445e-07,4.893086790827445e-07
2,19,5,TRUTH,0.0019608941823795706,0.0019608941823795706
2,19,5,GAUSSIAN_STARLET,-0.00010929321973823955,-0.00010929321973823955
2,19,5,MCALENS,0.0009999595300376478,0.0009999595300376478
2,19,5,FUSION,-7.58804907871328e-05,-7.58804907871328e-05
2,19,6,TRUTH,-0.003134252508820971,-0.003134252508820971
2,19,6,GAUSSIAN_STARLET,0.0004770250932436585,0.0004770250932436585
2,19,6,MCALENS,0.0006601877313064515,0.0006601877313064515
2,19,6,FUSION,0.0004734073194195556,0.0004734073194195556
2,19,7,TRUTH,0.0017654574533774304,0.0017654574533774304
2,19,7,GAUSSIAN_STARLET,0.00025704811949076517,0.00025704811949076517
2,19,7,MCALENS,0.0009462802544992768,0.0009462802544992768
2,19,7,FUSION,0.00027515980025780043,0.00027515980025780043
2,20,0,TRUTH,0.0018973444005169326,0.0018973444005169326
2,20,0,GAUSSIAN_STARLET,0.0003348263154542785,0.0003348263154542785
2,20,0,MCALENS,0.0007407201230539554,0.0007407201230539554
2,20,0,FUSION,0.00035330789507813707,0.00035330789507813707
2,20,1,TRUTH,-0.0002752643792796466,-0.0002752643792796466
2,20,1,GAUSSIAN_STARLET,0.0004129103326189405,0.0004129103326189405
2,20,1,MCALENS,0.0007405567587682229,0.0007405567587682229
2,20,1,FUSION,0.0004295568760830616,0.0004295568760830616
2,20,2,TRUTH,-0.00032404051888885587,-0.00032404051888885587
2,20,2,GAUSSIAN_STARLET,0.000397693736439285,0.000397693736439285
2,20,2,MCALENS,0.0005023552311749156,0.0005023552311749156
2,20,2,FUSION,0.00040041393322941504,0.00040041393322941504
2,20,3,TRUTH,0.00032488444768015104,0.00032488444768015104
2,20,3,GAUSSIAN_STARLET,0.00029847468949242107,0.00029847468949242107
2,20,3,MCALENS,0.0010831426557597619,0.0010831426557597619
2,20,3,FUSION,0.0003029738890535933,0.0003029738890535933
2,20,4,TRUTH,0.001199737814929432,0.001199737814929432
2,20,4,GAUSSIAN_STARLET,-2.5195333207756304e-05,-2.5195333207756304e-05
2,20,4,MCALENS,0.0005143368464317153,0.0005143368464317153
2,20,4,FUSION,-2.617588681251901e-05,-2.617588681251901e-05
2,20,5,TRUTH,0.0005299322082625351,0.0005299322082625351
2,20,5,GAUSSIAN_STARLET,-6.354961588844743e-05,-6.354961588844743e-05
2,20,5,MCALENS,0.0003954887829251914,0.0003954887829251914
2,20,5,FUSION,-6.504073838696741e-05,-6.504073838696741e-05
2,20,6,TRUTH,-3.522851689141772e-05,-3.522851689141772e-05
2,20,6,GAUSSIAN_STARLET,0.0004438376510079072,0.0004438376510079072
2,20,6,MCALENS,0.0007837346911641534,0.0007837346911641534
2,20,6,FUSION,0.0004474121450966507,0.0004474121450966507
2,20,7,TRUTH,0.0009401876930685303,0.0009401876930685303
2,20,7,GAUSSIAN_STARLET,0.0004930985123901971,0.0004930985123901971
2,20,7,MCALENS,0.0007267705759340073,0.0007267705759340073
2,20,7,FUSION,0.0004951226207220035,0.0004951226207220035
2,21,0,TRUTH,0.0003351060463777946,0.0003351060463777946
2,21,0,GAUSSIAN_STARLET,0.00017518188294642884,0.00017518188294642884
2,21,0,MCALENS,0.0007388952832580419,0.0007388952832580419
2,21,0,FUSION,0.0002010264434879305,0.0002010264434879305
2,21,1,TRUTH,-0.0002853180403588699,-0.0002853180403588699
2,21,1,GAUSSIAN_STARLET,0.0003560326605962749,0.0003560326605962749
2,21,1,MCALENS,0.0007709434609395509,0.0007709434609395509
2,21,1,FUSION,0.0003781592428165011,0.0003781592428165011
2,21,2,TRUTH,0.0008533839119183325,0.0008533839119183325
2,21,2,GAUSSIAN_STARLET,-0.0002368183255102496,-0.0002368183255102496
2,21,2,MCALENS,0.00016631681807649528,0.00016631681807649528
2,21,2,FUSION,-0.00022201724890204397,-0.00022201724890204397
2,21,3,TRUTH,-0.0008663801305018122,-0.0008663801305018122
2,21,3,GAUSSIAN_STARLET,-0.00028232637953503904,-0.00028232637953503904
2,21,3,MCALENS,0.00026804084154003605,0.00026804084154003605
2,21,3,FUSION,-0.00027198455006123177,-0.00027198455006123177
2,21,4,TRUTH,-0.0006513959470079517,-0.0006513959470079517
2,21,4,GAUSSIAN_STARLET,-4.677901582471316e-06,-4.677901582471316e-06
2,21,4,MCALENS,0.0008174132572475214,0.0008174132572475214
2,21,4,FUSION,2.667235771294592e-08,2.667235771294592e-08
2,21,5,TRUTH,-0.0004996439632047368,-0.0004996439632047368
2,21,5,GAUSSIAN_STARLET,0.000369531116488328,0.000369531116488328
2,21,5,MCALENS,0.0009848668784971472,0.0009848668784971472
2,21,5,FUSION,0.0003645704604460705,0.0003645704604460705
2,21,6,TRUTH,0.003193512422639152,0.003193512422639152
2,21,6,GAUSSIAN_STARLET,-3.955746952738194e-05,-3.955746952738194e-05
2,21,6,MCALENS,0.0005417375902611414,0.0005417375902611414
2,21,6,FUSION,-2.400762717993859e-05,-2.400762717993859e-05
2,21,7,TRUTH,0.0024997125242492194,0.0024997125242492194
2,21,7,GAUSSIAN_STARLET,3.63408888586543e-05,3.63408888586543e-05
2,21,7,MCALENS,0.0005815001552780682,0.0005815001552780682
2,21,7,FUSION,5.368604962653866e-05,5.368604962653866e-05
2,22,0,TRUTH,-3.0184329983910643e-05,-3.0184329983910643e-05
2,22,0,GAUSSIAN_STARLET,0.00038638050487888834,0.00038638050487888834
2,22,0,MCALENS,0.0008585467102294878,0.0008585467102294878
2,22,0,FUSION,0.00039907277029474264,0.00039907277029474264
2,22,1,TRUTH,-0.0003737254872229925,-0.0003737254872229925
2,22,1,GAUSSIAN_STARLET,2.6322813470025762e-05,2.6322813470025762e-05
2,22,1,MCALENS,0.000384519264880498,0.000384519264880498
2,22,1,FUSION,3.201683663201933e-05,3.201683663201933e-05
2,22,2,TRUTH,0.0010437349206875344,0.0010437349206875344
2,22,2,GAUSSIAN_STARLET,9.157325370770788e-05,9.157325370770788e-05
2,22,2,MCALENS,0.00029765735958504826,0.00029765735958504826
2,22,2,FUSION,8.851271009810526e-05,8.851271009810526e-05
2,22,3,TRUTH,-0.0004994056338994588,-0.0004994056338994588
2,22,3,GAUSSIAN_STARLET,4.291246562454718e-05,4.291246562454718e-05
2,22,3,MCALENS,0.0006098753023161232,0.0006098753023161232
2,22,3,FUSION,4.8627774697041326e-05,4.8627774697041326e-05
2,22,4,TRUTH,0.0012319458748494693,0.0012319458748494693
2,22,4,GAUSSIAN_STARLET,4.950386734526268e-05,4.950386734526268e-05
2,22,4,MCALENS,0.000760836247801011,0.000760836247801011
2,22,4,FUSION,4.657958682876236e-05,4.657958682876236e-05
2,22,5,TRUTH,-0.0016194266687767401,-0.0016194266687767401
2,22,5,GAUSSIAN_STARLET,0.0003230862096050742,0.0003230862096050742
2,22,5,MCALENS,0.0006164891849277274,0.0006164891849277274
2,22,5,FUSION,0.00031237728815692553,0.00031237728815692553
2,22,6,TRUTH,0.0010778781114301683,0.0010778781114301683
2,22,6,GAUSSIAN_STARLET,7.354423559875718e-05,7.354423559875718e-05
2,22,6,MCALENS,0.0006385785661368908,0.0006385785661368908
2,22,6,FUSION,7.811410902562924e-05,7.811410902562924e-05
2,22,7,TRUTH,-0.0001452750552874744,-0.0001452750552874744
2,22,7,GAUSSIAN_STARLET,0.00016433434393005848,0.00016433434393005848
2,22,7,MCALENS,0.0006733967279378345,0.0006733967279378345
2,22,7,FUSION,0.0001700408197543452,0.0001700408197543452
2,23,0,TRUTH,-0.0002104301481840638,-0.0002104301481840638
2,23,0,GAUSSIAN_STARLET,6.639643834600194e-05,6.639643834600194e-05
2,23,0,MCALENS,0.00036434889822204255,0.00036434889822204255
2,23,0,FUSION,7.085867031787658e-05,7.085867031787658e-05
2,23,1,TRUTH,0.0012683315519823179,0.0012683315519823179
2,23,1,GAUSSIAN_STARLET,0.00010473524716706034,0.00010473524716706034
2,23,1,MCALENS,0.00035374559861320483,0.00035374559861320483
2,23,1,FUSION,0.00011806508269345105,0.00011806508269345105
2,23,2,TRUTH,-0.0003878724308178632,-0.0003878724308178632
2,23,2,GAUSSIAN_STARLET,0.00012708985138907539,0.00012708985138907539
2,23,2,MCALENS,0.00042859157546135406,0.00042859157546135406
2,23,2,FUSION,0.00012979185939056403,0.00012979185939056403
2,23,3,TRUTH,0.0004241536934129611,0.0004241536934129611
2,23,3,GAUSSIAN_STARLET,-2.3552331547189447e-05,-2.3552331547189447e-05
2,23,3,MCALENS,0.0006088523461202887,0.0006088523461202887
2,23,3,FUSION,-3.0291543510294773e-05,-3.0291543510294773e-05
2,23,4,TRUTH,-0.0002643680710489507,-0.0002643680710489507
2,23,4,GAUSSIAN_STARLET,1.738705044645373e-05,1.738705044645373e-05
2,23,4,MCALENS,0.0005180445325611289,0.0005180445325611289
2,23,4,FUSION,2.047990342619244e-05,2.047990342619244e-05
2,23,5,TRUTH,-0.000919609894642348,-0.000919609894642348
2,23,5,GAUSSIAN_STARLET,0.00046088629279943864,0.00046088629279943864
2,23,5,MCALENS,0.0006807328030112376,0.0006807328030112376
2,23,5,FUSION,0.0004577134258502445,0.0004577134258502445
2,23,6,TRUTH,0.0011962219672790083,0.0011962219672790083
2,23,6,GAUSSIAN_STARLET,-0.00033664284189946866,-0.00033664284189946866
2,23,6,MCALENS,-0.00011185158965758336,-0.00011185158965758336
2,23,6,FUSION,-0.0003209178328628444,-0.0003209178328628444
2,23,7,TRUTH,0.0008683714101396611,0.0008683714101396611
2,23,7,GAUSSIAN_STARLET,0.00022326321216698103,0.00022326321216698103
2,23,7,MCALENS,0.00047632666059052955,0.00047632666059052955
2,23,7,FUSION,0.00022547528022564205,0.00022547528022564205
2,24,0,TRUTH,-0.0006714149338024071,-0.0006714149338024071
2,24,0,GAUSSIAN_STARLET,-0.00018355658438327246,-0.00018355658438327246
2,24,0,MCALENS,0.00019455327400764332,0.00019455327400764332
2,24,0,FUSION,-0.00017610900188638252,-0.00017610900188638252
2,24,1,TRUTH,-0.0001293383420416885,-0.0001293383420416885
2,24,1,GAUSSIAN_STARLET,8.615742573108928e-05,8.615742573108928e-05
2,24,1,MCALENS,0.0004685017509370152,0.0004685017509370152
2,24,1,FUSION,0.00010593017512128078,0.00010593017512128078
2,24,2,TRUTH,0.0005853804746797161,0.0005853804746797161
2,24,2,GAUSSIAN_STARLET,3.4782168663589836e-05,3.4782168663589836e-05
2,24,2,MCALENS,0.0005097535643561643,0.0005097535643561643
2,24,2,FUSION,6.367814979145201e-05,6.367814979145201e-05
2,24,3,TRUTH,-0.0028074146701530145,-0.0028074146701530145
2,24,3,GAUSSIAN_STARLET,-0.0008032542677108534,-0.0008032542677108534
2,24,3,MCALENS,-0.00045750206405643804,-0.00045750206405643804
2,24,3,FUSION,-0.0008061075919458597,-0.0008061075919458597
2,24,4,TRUTH,0.0008426197228442462,0.0008426197228442462
2,24,4,GAUSSIAN_STARLET,-9.463667829891735e-05,-9.463667829891735e-05
2,24,4,MCALENS,0.0005614552067480079,0.0005614552067480079
2,24,4,FUSION,-9.138477525682773e-05,-9.138477525682773e-05
2,24,5,TRUTH,-0.0001286355514378005,-0.0001286355514378005
2,24,5,GAUSSIAN_STARLET,0.00011891706939652412,0.00011891706939652412
2,24,5,MCALENS,0.0007057051722585151,0.0007057051722585151
2,24,5,FUSION,0.0001257061937416899,0.0001257061937416899
2,24,6,TRUTH,0.0007797850315172931,0.0007797850315172931
2,24,6,GAUSSIAN_STARLET,-3.4878791118795325e-05,-3.4878791118795325e-05
2,24,6,MCALENS,0.0002905569556635405,0.0002905569556635405
2,24,6,FUSION,-2.0383295732213367e-05,-2.0383295732213367e-05
2,24,7,TRUTH,-0.00013691017265700668,-0.00013691017265700668
2,24,7,GAUSSIAN_STARLET,-0.00015617444150856446,-0.00015617444150856446
2,24,7,MCALENS,0.00017573043259072526,0.00017573043259072526
2,24,7,FUSION,-0.00015589962037244757,-0.00015589962037244757
2,25,0,TRUTH,-0.0003343602328053167,-0.0003343602328053167
2,25,0,GAUSSIAN_STARLET,-5.966179818549769e-05,-5.966179818549769e-05
2,25,0,MCALENS,0.00026629441031640535,0.00026629441031640535
2,25,0,FUSION,-4.714795306685026e-05,-4.714795306685026e-05
2,25,1,TRUTH,0.0028227184604315606,0.0028227184604315606
2,25,1,GAUSSIAN_STARLET,0.0005977416280101053,0.0005977416280101053
2,25,1,MCALENS,0.0009210749766872652,0.0009210749766872652
2,25,1,FUSION,0.0006048755552050506,0.0006048755552050506
2,25,2,TRUTH,-0.0018150960298638796,-0.0018150960298638796
2,25,2,GAUSSIAN_STARLET,-0.0006311669941489885,-0.0006311669941489885
2,25,2,MCALENS,-0.00033085808336580423,-0.00033085808336580423
2,25,2,FUSION,-0.000610829795925267,-0.000610829795925267
2,25,3,TRUTH,-0.0009868241656732866,-0.0009868241656732866
2,25,3,GAUSSIAN_STARLET,-2.74128855013845e-05,-2.74128855013845e-05
2,25,3,MCALENS,0.00041347012800927835,0.00041347012800927835
2,25,3,FUSION,-2.7053089148515403e-05,-2.7053089148515403e-05
2,25,4,TRUTH,-0.0012299750229933467,-0.0012299750229933467
2,25,4,GAUSSIAN_STARLET,1.127679784058587e-05,1.127679784058587e-05
2,25,4,MCALENS,0.0004752203565593098,0.0004752203565593098
2,25,4,FUSION,1.0516552066087161e-05,1.0516552066087161e-05
2,25,5,TRUTH,-0.0008997565764562186,-0.0008997565764562186
2,25,5,GAUSSIAN_STARLET,0.0003210122538729193,0.0003210122538729193
2,25,5,MCALENS,0.000978792447111473,0.000978792447111473
2,25,5,FUSION,0.00032704138379786597,0.00032704138379786597
2,25,6,TRUTH,-0.0003299043844943462,-0.0003299043844943462
2,25,6,GAUSSIAN_STARLET,0.00013987306883993982,0.00013987306883993982
2,25,6,MCALENS,0.000508515643452444,0.000508515643452444
2,25,6,FUSION,0.00015409722468900895,0.00015409722468900895
2,25,7,TRUTH,0.0005711487678564211,0.0005711487678564211
2,25,7,GAUSSIAN_STARLET,-0.00030156618505910955,-0.00030156618505910955
2,25,7,MCALENS,-4.378062050056693e-05,-4.378062050056693e-05
2,25,7,FUSION,-0.000282408482105617,-0.000282408482105617
2,26,0,TRUTH,-0.0016600645386033192,-0.0016600645386033192
2,26,0,GAUSSIAN_STARLET,-0.00028495679093723866,-0.00028495679093723866
2,26,0,MCALENS,-9.186319110601854e-05,-9.186319110601854e-05
2,26,0,FUSION,-0.0002741161877501949,-0.0002741161877501949
2,26,1,TRUTH,-0.00019275612109002286,-0.00019275612109002286
2,26,1,GAUSSIAN_STARLET,-0.00021770818190974367,-0.00021770818190974367
2,26,1,MCALENS,0.00022636839168103202,0.00022636839168103202
2,26,1,FUSION,-0.00019616004538272624,-0.00019616004538272624
2,26,2,TRUTH,-3.5641188792234057e-05,-3.5641188792234057e-05
2,26,2,GAUSSIAN_STARLET,-0.0002922588074013839,-0.0002922588074013839
2,26,2,MCALENS,5.7836479883219784e-05,5.7836479883219784e-05
2,26,2,FUSION,-0.000292552144802894,-0.000292552144802894
2,26,3,TRUTH,-0.001573966635196904,-0.001573966635196904
2,26,3,GAUSSIAN_STARLET,-0.00046594876455359745,-0.00046594876455359745
2,26,3,MCALENS,5.823734799390885e-05,5.823734799390885e-05
2,26,3,FUSION,-0.0004538301303395156,-0.0004538301303395156
2,26,4,TRUTH,-0.00016285732140089475,-0.00016285732140089475
2,26,4,GAUSSIAN_STARLET,7.790229258236129e-06,7.790229258236129e-06
2,26,4,MCALENS,0.0010821065427362986,0.0010821065427362986
2,26,4,FUSION,1.4017763216773382e-05,1.4017763216773382e-05
2,26,5,TRUTH,-0.0015298832318065684,-0.0015298832318065684
2,26,5,GAUSSIAN_STARLET,-8.848821030786446e-05,-8.848821030786446e-05
2,26,5,MCALENS,0.0008857476907133063,0.0008857476907133063
2,26,5,FUSION,-7.145482889962657e-05,-7.145482889962657e-05
2,26,6,TRUTH,0.0013449480373081122,0.0013449480373081122
2,26,6,GAUSSIAN_STARLET,-0.00018828293560890885,-0.00018828293560890885
2,26,6,MCALENS,0.00046638211125337906,0.00046638211125337906
2,26,6,FUSION,-0.0001705982541225875,-0.0001705982541225875
2,26,7,TRUTH,-0.002739558412996388,-0.002739558412996388
2,26,7,GAUSSIAN_STARLET,-0.00024130835021310965,-0.00024130835021310965
2,26,7,MCALENS,0.00035471508177981325,0.00035471508177981325
2,26,7,FUSION,-0.0002340521384925737,-0.0002340521384925737
2,27,0,TRUTH,-0.002184571078677761,-0.002184571078677761
2,27,0,GAUSSIAN_STARLET,-0.0005868237909693609,-0.0005868237909693609
2,27,0,MCALENS,-0.00034834791959406213,-0.00034834791959406213
2,27,0,FUSION,-0.0005853849761958529,-0.0005853849761958529
2,27,1,TRUTH,-0.002359105745446562,-0.002359105745446562
2,27,1,GAUSSIAN_STARLET,-0.0008402520267893733,-0.0008402520267893733
2,27,1,MCALENS,-0.0006181234149355438,-0.0006181234149355438
2,27,1,FUSION,-0.000821687502015914,-0.000821687502015914
2,27,2,TRUTH,-0.0022112088490483985,-0.0022112088490483985
2,27,2,GAUSSIAN_STARLET,-0.0008614091033366949,-0.0008614091033366949
2,27,2,MCALENS,-0.000636167427585855,-0.000636167427585855
2,27,2,FUSION,-0.000848418953417619,-0.000848418953417619
2,27,3,TRUTH,-0.00017190108850108896,-0.00017190108850108896
2,27,3,GAUSSIAN_STARLET,-0.00020876793411200967,-0.00020876793411200967
2,27,3,MCALENS,0.0001458808375789542,0.0001458808375789542
2,27,3,FUSION,-0.00020730474408087328,-0.00020730474408087328
2,27,4,TRUTH,-3.0315975838460073e-05,-3.0315975838460073e-05
2,27,4,GAUSSIAN_STARLET,-1.904476591546238e-05,-1.904476591546238e-05
2,27,4,MCALENS,0.0009997597340114129,0.0009997597340114129
2,27,4,FUSION,-1.7294790061651458e-05,-1.7294790061651458e-05
2,27,5,TRUTH,0.00023252562335692565,0.00023252562335692565
2,27,5,GAUSSIAN_STARLET,-0.0002626267954132627,-0.0002626267954132627
2,27,5,MCALENS,0.0006708891124179898,0.0006708891124179898
2,27,5,FUSION,-0.0002367561238236945,-0.0002367561238236945
2,27,6,TRUTH,-0.00208891888200334,-0.00208891888200334
2,27,6,GAUSSIAN_STARLET,-0.000527973970075285,-0.000527973970075285
2,27,6,MCALENS,-0.00027068889354519475,-0.00027068889354519475
2,27,6,FUSION,-0.0005256794551542963,-0.0005256794551542963
2,27,7,TRUTH,-0.0022855133746352784,-0.0022855133746352784
2,27,7,GAUSSIAN_STARLET,-0.0006534047670531637,-0.0006534047670531637
2,27,7,MCALENS,-0.0005512820306268742,-0.0005512820306268742
2,27,7,FUSION,-0.0006596197688503557,-0.0006596197688503557
2,28,0,TRUTH,-0.0007520174599403614,-0.0007520174599403614
2,28,0,GAUSSIAN_STARLET,6.369494122775646e-05,6.369494122775646e-05
2,28,0,MCALENS,0.0003919130819807255,0.0003919130819807255
2,28,0,FUSION,6.034594370881769e-05,6.034594370881769e-05
2,28,1,TRUTH,-0.0005125839744199589,-0.0005125839744199589
2,28,1,GAUSSIAN_STARLET,0.00046789883978600057,0.00046789883978600057
2,28,1,MCALENS,0.0006949064869298479,0.0006949064869298479
2,28,1,FUSION,0.0004671375366323317,0.0004671375366323317
2,28,2,TRUTH,-0.0012468825274544468,-0.0012468825274544468
2,28,2,GAUSSIAN_STARLET,0.0002386690481787645,0.0002386690481787645
2,28,2,MCALENS,0.0005442172927509213,0.0005442172927509213
2,28,2,FUSION,0.0002454367289726922,0.0002454367289726922
2,28,3,TRUTH,0.001263838737462031,0.001263838737462031
2,28,3,GAUSSIAN_STARLET,-0.00012161196819286349,-0.00012161196819286349
2,28,3,MCALENS,0.0002976597203981748,0.0002976597203981748
2,28,3,FUSION,-0.00010991300695293901,-0.00010991300695293901
2,28,4,TRUTH,0.001580730964672863,0.001580730964672863
2,28,4,GAUSSIAN_STARLET,-8.689723840306101e-05,-8.689723840306101e-05
2,28,4,MCALENS,0.0010810397028072876,0.0010810397028072876
2,28,4,FUSION,-7.723588153959652e-05,-7.723588153959652e-05
2,28,5,TRUTH,0.002289618367604958,0.002289618367604958
2,28,5,GAUSSIAN_STARLET,-0.00045440017827765705,-0.00045440017827765705
2,28,5,MCALENS,0.0005107351025250036,0.0005107351025250036
2,28,5,FUSION,-0.00042976558699759265,-0.00042976558699759265
2,28,6,TRUTH,-0.0016655611266151757,-0.0016655611266151757
2,28,6,GAUSSIAN_STARLET,5.2629777853507206e-05,5.2629777853507206e-05
2,28,6,MCALENS,0.00039684649746547817,0.00039684649746547817
2,28,6,FUSION,5.3996211288441715e-05,5.3996211288441715e-05
2,28,7,TRUTH,-0.0011980401041468286,-0.0011980401041468286
2,28,7,GAUSSIAN_STARLET,0.0003403079766911207,0.0003403079766911207
2,28,7,MCALENS,0.0007197806249412406,0.0007197806249412406
2,28,7,FUSION,0.0003697041692060362,0.0003697041692060362
2,29,0,TRUTH,-0.0009566165096159637,-0.0009566165096159637
2,29,0,GAUSSIAN_STARLET,-8.676091076382132e-05,-8.676091076382132e-05
2,29,0,MCALENS,1.816547131041356e-05,1.816547131041356e-05
2,29,0,FUSION,-7.903997643292604e-05,-7.903997643292604e-05
2,29,1,TRUTH,0.0007952336725917381,0.0007952336725917381
2,29,1,GAUSSIAN_STARLET,0.00011508958354903624,0.00011508958354903624
2,29,1,MCALENS,0.00040458124003918026,0.00040458124003918026
2,29,1,FUSION,0.00012059834189797717,0.00012059834189797717
2,29,2,TRUTH,0.00038362548368678985,0.00038362548368678985
2,29,2,GAUSSIAN_STARLET,-0.00047654343566559795,-0.00047654343566559795
2,29,2,MCALENS,7.116631662614908e-05,7.116631662614908e-05
2,29,2,FUSION,-0.00044568545779016556,-0.00044568545779016556
2,29,3,TRUTH,-0.0006194208760741154,-0.0006194208760741154
2,29,3,GAUSSIAN_STARLET,-0.00025336693471204744,-0.00025336693471204744
2,29,3,MCALENS,0.00031400021760062447,0.00031400021760062447
2,29,3,FUSION,-0.00024464505221055103,-0.00024464505221055103
2,29,4,TRUTH,-0.0012345037654193025,-0.0012345037654193025
2,29,4,GAUSSIAN_STARLET,-2.469448570144655e-05,-2.469448570144655e-05
2,29,4,MCALENS,0.000666214330258592,0.000666214330258592
2,29,4,FUSION,-1.90678700165353e-05,-1.90678700165353e-05
2,29,5,TRUTH,-0.0010545677949034796,-0.0010545677949034796
2,29,5,GAUSSIAN_STARLET,0.00011571557911825361,0.00011571557911825361
2,29,5,MCALENS,0.0005399482127075286,0.0005399482127075286
2,29,5,FUSION,0.00011989069795990604,0.00011989069795990604
2,29,6,TRUTH,-5.767492987723843e-05,-5.767492987723843e-05
2,29,6,GAUSSIAN_STARLET,0.00013017569903226199,0.00013017569903226199
2,29,6,MCALENS,0.00041789089247228767,0.00041789089247228767
2,29,6,FUSION,0.0001329728677789666,0.0001329728677789666
2,29,7,TRUTH,0.0003014808306127738,0.0003014808306127738
2,29,7,GAUSSIAN_STARLET,-0.0002376116857246637,-0.0002376116857246637
2,29,7,MCALENS,-0.00010531410424699492,-0.00010531410424699492
2,29,7,FUSION,-0.0002349477962667705,-0.0002349477962667705
