scale_arcmin,method,threshold_rec,completeness,purity,auc_common,common_completeness_min,common_completeness_max
2.0,GAUSSIAN_STARLET,8.0,0.0051727705358990276,1.0,0.7216605710878028,0.02735361059383406,0.7630043451272501
2.0,GAUSSIAN_STARLET,7.928571428571429,0.005296917028760604,1.0,0.7216605710878028,0.02735361059383406,0.7630043451272501
2.0,GAUSSIAN_STARLET,7.857142857142857,0.005462445685909373,1.0,0.7216605710878028,0.02735361059383406,0.7630043451272501
2.0,GAUSSIAN_STARLET,7.785714285714286,0.005627974343058142,1.0,0.7216605710878028,0.02735361059383406,0.7630043451272501
2.0,GAUSSIAN_STARLET,7.714285714285714,0.005876267328781295,1.0,0.7216605710878028,0.02735361059383406,0.7630043451272501
2.0,GAUSSIAN_STARLET,7.642857142857143,0.006124560314504449,1.0,0.7216605710878028,0.02735361059383406,0.7630043451272501
2.0,GAUSSIAN_STARLET,7.571428571428571,0.006290088971653217,1.0,0.7216605710878028,0.02735361059383406,0.7630043451272501
2.0,GAUSSIAN_STARLET,7.5,0.006538381957376371,1.0,0.7216605710878028,0.02735361059383406,0.7630043451272501
2.0,GAUSSIAN_STARLET,7.428571428571429,0.0067039106145251395,1.0,0.7216605710878028,0.02735361059383406,0.7630043451272501
2.0,GAUSSIAN_STARLET,7.357142857142858,0.006786674943099524,1.0,0.7216605710878028,0.02735361059383406,0.7630043451272501
2.0,GAUSSIAN_STARLET,7.285714285714286,0.006993585764535485,1.0,0.7216605710878028,0.02735361059383406,0.7630043451272501
2.0,GAUSSIAN_STARLET,7.214285714285714,0.007324643078833023,1.0,0.7216605710878028,0.02735361059383406,0.7630043451272501
2.0,GAUSSIAN_STARLET,7.142857142857143,0.007614318228843369,1.0,0.7216605710878028,0.02735361059383406,0.7630043451272501
2.0,GAUSSIAN_STARLET,7.071428571428571,0.00782122905027933,1.0,0.7216605710878028,0.02735361059383406,0.7630043451272501
2.0,GAUSSIAN_STARLET,7.0,0.008110904200289676,1.0,0.7216605710878028,0.02735361059383406,0.7630043451272501
2.0,GAUSSIAN_STARLET,6.928571428571429,0.00840057935030002,1.0,0.7216605710878028,0.02735361059383406,0.7630043451272501
2.0,GAUSSIAN_STARLET,6.857142857142858,0.008773018828884751,0.9953051643192489,0.7216605710878028,0.02735361059383406,0.7630043451272501
2.0,GAUSSIAN_STARLET,6.785714285714286,0.00914545830746948,0.9954954954954955,0.7216605710878028,0.02735361059383406,0.7630043451272501
2.0,GAUSSIAN_STARLET,6.714285714285714,0.009600662114628596,0.9957081545064378,0.7216605710878028,0.02735361059383406,0.7630043451272501
2.0,GAUSSIAN_STARLET,6.642857142857143,0.009766190771777363,0.9957805907172996,0.7216605710878028,0.02735361059383406,0.7630043451272501
2.0,GAUSSIAN_STARLET,6.571428571428571,0.010345541071798055,0.9960159362549801,0.7216605710878028,0.02735361059383406,0.7630043451272501
2.0,GAUSSIAN_STARLET,6.5,0.010883509207531554,0.9962121212121212,0.7216605710878028,0.02735361059383406,0.7630043451272501
2.0,GAUSSIAN_STARLET,6.428571428571429,0.011131802193254707,0.9962962962962963,0.7216605710878028,0.02735361059383406,0.7630043451272501
2.0,GAUSSIAN_STARLET,6.357142857142858,0.011628388164701013,0.9964539007092199,0.7216605710878028,0.02735361059383406,0.7630043451272501
2.0,GAUSSIAN_STARLET,6.285714285714286,0.012456031450444858,0.9966887417218543,0.7216605710878028,0.02735361059383406,0.7630043451272501
2.0,GAUSSIAN_STARLET,6.214285714285714,0.013076763914752742,0.9968454258675079,0.7216605710878028,0.02735361059383406,0.7630043451272501
2.0,GAUSSIAN_STARLET,6.142857142857143,0.013449203393337472,0.9969325153374233,0.7216605710878028,0.02735361059383406,0.7630043451272501
2.0,GAUSSIAN_STARLET,6.071428571428571,0.01415270018621974,0.9970845481049563,0.7216605710878028,0.02735361059383406,0.7630043451272501
2.0,GAUSSIAN_STARLET,6.0,0.014566521829091662,0.9971671388101983,0.7216605710878028,0.02735361059383406,0.7630043451272501
2.0,GAUSSIAN_STARLET,5.928571428571429,0.015228636457686738,0.997289972899729,0.7216605710878028,0.02735361059383406,0.7630043451272501
2.0,GAUSSIAN_STARLET,5.857142857142858,0.015932133250569004,0.9974093264248705,0.7216605710878028,0.02735361059383406,0.7630043451272501
2.0,GAUSSIAN_STARLET,5.7857142857142865,0.016470101386302505,0.995,0.7216605710878028,0.02735361059383406,0.7630043451272501
2.0,GAUSSIAN_STARLET,5.714285714285714,0.017463273329195117,0.9952830188679245,0.7216605710878028,0.02735361059383406,0.7630043451272501
2.0,GAUSSIAN_STARLET,5.642857142857142,0.018373680943513347,0.9955156950672646,0.7216605710878028,0.02735361059383406,0.7630043451272501
2.0,GAUSSIAN_STARLET,5.571428571428571,0.01903579557210842,0.9956709956709957,0.7216605710878028,0.02735361059383406,0.7630043451272501
2.0,GAUSSIAN_STARLET,5.5,0.02015311400786261,0.9959100204498977,0.7216605710878028,0.02735361059383406,0.7630043451272501
2.0,GAUSSIAN_STARLET,5.428571428571429,0.021270432443616802,0.9961240310077519,0.7216605710878028,0.02735361059383406,0.7630043451272501
2.0,GAUSSIAN_STARLET,5.357142857142858,0.022098075729360647,0.996268656716418,0.7216605710878028,0.02735361059383406,0.7630043451272501
2.0,GAUSSIAN_STARLET,5.2857142857142865,0.023256776329402026,0.9946902654867257,0.7216605710878028,0.02735361059383406,0.7630043451272501
2.0,GAUSSIAN_STARLET,5.214285714285714,0.02437409476515622,0.9932546374367622,0.7216605710878028,0.02735361059383406,0.7630043451272501
2.0,GAUSSIAN_STARLET,5.142857142857143,0.025408648872336022,0.9919224555735057,0.7216605710878028,0.02735361059383406,0.7630043451272501
2.0,GAUSSIAN_STARLET,5.071428571428571,0.026401820815228638,0.9922239502332815,0.7216605710878028,0.02735361059383406,0.7630043451272501
2.0,GAUSSIAN_STARLET,5.0,0.027684667908131594,0.9896449704142012,0.7216605710878028,0.02735361059383406,0.7630043451272501
2.0,GAUSSIAN_STARLET,4.928571428571429,0.02876060417959859,0.99002849002849,0.7216605710878028,0.02735361059383406,0.7630043451272501
2.0,GAUSSIAN_STARLET,4.857142857142858,0.030126215601075937,0.9904761904761905,0.7216605710878028,0.02735361059383406,0.7630043451272501
2.0,GAUSSIAN_STARLET,4.7857142857142865,0.03202979515828678,0.989769820971867,0.7216605710878028,0.02735361059383406,0.7630043451272501
2.0,GAUSSIAN_STARLET,4.714285714285714,0.03409890337264639,0.9903846153846154,0.7216605710878028,0.02735361059383406,0.7630043451272501
2.0,GAUSSIAN_STARLET,4.642857142857143,0.03554727912269812,0.9907727797001153,0.7216605710878028,0.02735361059383406,0.7630043451272501
2.0,GAUSSIAN_STARLET,4.571428571428571,0.03745085867990896,0.9912376779846659,0.7216605710878028,0.02735361059383406,0.7630043451272501
2.0,GAUSSIAN_STARLET,4.5,0.03972687771570453,0.9917355371900827,0.7216605710878028,0.02735361059383406,0.7630043451272501
2.0,GAUSSIAN_STARLET,4.428571428571429,0.041340782122905026,0.9910714285714286,0.7216605710878028,0.02735361059383406,0.7630043451272501
2.0,GAUSSIAN_STARLET,4.357142857142858,0.04357541899441341,0.9915254237288136,0.7216605710878028,0.02735361059383406,0.7630043451272501
2.0,GAUSSIAN_STARLET,4.2857142857142865,0.04618249534450652,0.9911190053285968,0.7216605710878028,0.02735361059383406,0.7630043451272501
2.0,GAUSSIAN_STARLET,4.214285714285714,0.04833436788744051,0.9906700593723494,0.7216605710878028,0.02735361059383406,0.7630043451272501
2.0,GAUSSIAN_STARLET,4.142857142857143,0.05073453341609766,0.9911075181891673,0.7216605710878028,0.02735361059383406,0.7630043451272501
2.0,GAUSSIAN_STARLET,4.071428571428571,0.053631284916201116,0.9908256880733946,0.7216605710878028,0.02735361059383406,0.7630043451272501
2.0,GAUSSIAN_STARLET,4.0,0.05623836126629423,0.9898033503277495,0.7216605710878028,0.02735361059383406,0.7630043451272501
2.0,GAUSSIAN_STARLET,3.928571428571429,0.05967308090213118,0.9876712328767123,0.7216605710878028,0.02735361059383406,0.7630043451272501
2.0,GAUSSIAN_STARLET,3.8571428571428577,0.06335609352369129,0.987741935483871,0.7216605710878028,0.02735361059383406,0.7630043451272501
2.0,GAUSSIAN_STARLET,3.7857142857142856,0.06633560935236912,0.9858548585485855,0.7216605710878028,0.02735361059383406,0.7630043451272501
2.0,GAUSSIAN_STARLET,3.7142857142857144,0.06997723980964204,0.9860058309037901,0.7216605710878028,0.02735361059383406,0.7630043451272501
2.0,GAUSSIAN_STARLET,3.6428571428571432,0.07423960273122285,0.983013698630137,0.7216605710878028,0.02735361059383406,0.7630043451272501
2.0,GAUSSIAN_STARLET,3.571428571428572,0.07783985102420857,0.9822454308093995,0.7216605710878028,0.02735361059383406,0.7630043451272501
2.0,GAUSSIAN_STARLET,3.5,0.08210221394578937,0.9816922315685305,0.7216605710878028,0.02735361059383406,0.7630043451272501
2.0,GAUSSIAN_STARLET,3.428571428571429,0.0866956341816677,0.9794296400187004,0.7216605710878028,0.02735361059383406,0.7630043451272501
2.0,GAUSSIAN_STARLET,3.3571428571428577,0.09186840471756673,0.9762532981530343,0.7216605710878028,0.02735361059383406,0.7630043451272501
2.0,GAUSSIAN_STARLET,3.2857142857142856,0.09749637906062487,0.9735537190082645,0.7216605710878028,0.02735361059383406,0.7630043451272501
2.0,GAUSSIAN_STARLET,3.2142857142857144,0.10333126422511897,0.9704624951418578,0.7216605710878028,0.02735361059383406,0.7630043451272501
2.0,GAUSSIAN_STARLET,3.1428571428571432,0.1100765570039313,0.9686817188638019,0.7216605710878028,0.02735361059383406,0.7630043451272501
2.0,GAUSSIAN_STARLET,3.071428571428572,0.11624249948272294,0.9666207845836201,0.7216605710878028,0.02735361059383406,0.7630043451272501
2.0,GAUSSIAN_STARLET,3.0,0.12381543554727913,0.9639175257731959,0.7216605710878028,0.02735361059383406,0.7630043451272501
2.0,GAUSSIAN_STARLET,2.928571428571429,0.13043658183322987,0.9609756097560975,0.7216605710878028,0.02735361059383406,0.7630043451272501
2.0,GAUSSIAN_STARLET,2.8571428571428577,0.13863025036209395,0.9596104268118018,0.7216605710878028,0.02735361059383406,0.7630043451272501
2.0,GAUSSIAN_STARLET,2.7857142857142856,0.14653424374094765,0.9541902452169226,0.7216605710878028,0.02735361059383406,0.7630043451272501
2.0,GAUSSIAN_STARLET,2.7142857142857144,0.15650734533416097,0.9507290095525389,0.7216605710878028,0.02735361059383406,0.7630043451272501
2.0,GAUSSIAN_STARLET,2.6428571428571432,0.1680115870060004,0.9424326833797586,0.7216605710878028,0.02735361059383406,0.7630043451272501
2.0,GAUSSIAN_STARLET,2.571428571428572,0.18063314711359404,0.9395178648299612,0.7216605710878028,0.02735361059383406,0.7630043451272501
2.0,GAUSSIAN_STARLET,2.5,0.19375129319263398,0.9339716736485139,0.7216605710878028,0.02735361059383406,0.7630043451272501
2.0,GAUSSIAN_STARLET,2.428571428571429,0.20703496792882267,0.9254532001479837,0.7216605710878028,0.02735361059383406,0.7630043451272501
2.0,GAUSSIAN_STARLET,2.3571428571428577,0.2203186426650114,0.9190402209563266,0.7216605710878028,0.02735361059383406,0.7630043451272501
2.0,GAUSSIAN_STARLET,2.2857142857142865,0.23500931098696462,0.9083493282149712,0.7216605710878028,0.02735361059383406,0.7630043451272501
2.0,GAUSSIAN_STARLET,2.2142857142857144,0.2522656734947238,0.8964705882352941,0.7216605710878028,0.02735361059383406,0.7630043451272501
2.0,GAUSSIAN_STARLET,2.1428571428571432,0.2702255327953652,0.8827903204001623,0.7216605710878028,0.02735361059383406,0.7630043451272501
2.0,GAUSSIAN_STARLET,2.071428571428572,0.28847506724601696,0.8683358246138515,0.7216605710878028,0.02735361059383406,0.7630043451272501
2.0,GAUSSIAN_STARLET,2.0,0.30875232774674116,0.8513235965312642,0.7216605710878028,0.02735361059383406,0.7630043451272501
2.0,GAUSSIAN_STARLET,1.9285714285714288,0.32944340989033727,0.8340492404400209,0.7216605710878028,0.02735361059383406,0.7630043451272501
2.0,GAUSSIAN_STARLET,1.8571428571428577,0.3515828677839851,0.815981559738763,0.7216605710878028,0.02735361059383406,0.7630043451272501
2.0,GAUSSIAN_STARLET,1.7857142857142865,0.37488102627767433,0.7963956043956044,0.7216605710878028,0.02735361059383406,0.7630043451272501
2.0,GAUSSIAN_STARLET,1.7142857142857144,0.3993378853714049,0.7735470941883767,0.7216605710878028,0.02735361059383406,0.7630043451272501
2.0,GAUSSIAN_STARLET,1.6428571428571432,0.4239188909579971,0.7488304093567252,0.7216605710878028,0.02735361059383406,0.7630043451272501
2.0,GAUSSIAN_STARLET,1.571428571428572,0.44816883923029177,0.7185986331364873,0.7216605710878028,0.02735361059383406,0.7630043451272501
2.0,GAUSSIAN_STARLET,1.5,0.4751913925098283,0.6867822966507177,0.7216605710878028,0.02735361059383406,0.7630043451272501
2.0,GAUSSIAN_STARLET,1.4285714285714288,0.5025450031036623,0.6530085497660914,0.7216605710878028,0.02735361059383406,0.7630043451272501
2.0,GAUSSIAN_STARLET,1.3571428571428577,0.5282019449617215,0.6187406078821077,0.7216605710878028,0.02735361059383406,0.7630043451272501
2.0,GAUSSIAN_STARLET,1.2857142857142865,0.5535278295054832,0.5840282932366939,0.7216605710878028,0.02735361059383406,0.7630043451272501
2.0,GAUSSIAN_STARLET,1.2142857142857144,0.5795158286778399,0.5491118691918598,0.7216605710878028,0.02735361059383406,0.7630043451272501
2.0,GAUSSIAN_STARLET,1.1428571428571432,0.6024829298572315,0.513907518531592,0.7216605710878028,0.02735361059383406,0.7630043451272501
2.0,GAUSSIAN_STARLET,1.071428571428572,0.6263604386509415,0.47973122880415836,0.7216605710878028,0.02735361059383406,0.7630043451272501
2.0,GAUSSIAN_STARLET,1.0,0.6489551003517484,0.44636097116670936,0.7216605710878028,0.02735361059383406,0.7630043451272501
2.0,GAUSSIAN_STARLET,0.9285714285714288,0.669108214359611,0.4136563651248465,0.7216605710878028,0.02735361059383406,0.7630043451272501
2.0,GAUSSIAN_STARLET,0.8571428571428577,0.6881026277674323,0.3821211076640239,0.7216605710878028,0.02735361059383406,0.7630043451272501
2.0,GAUSSIAN_STARLET,0.7857142857142865,0.7056072832609146,0.35379922811968295,0.7216605710878028,0.02735361059383406,0.7630043451272501
2.0,GAUSSIAN_STARLET,0.7142857142857144,0.7189737223256776,0.3258806317290018,0.7216605710878028,0.02735361059383406,0.7630043451272501
2.0,GAUSSIAN_STARLET,0.6428571428571432,0.7313056072832609,0.3012152925735908,0.7216605710878028,0.02735361059383406,0.7630043451272501
2.0,GAUSSIAN_STARLET,0.5714285714285721,0.743389199255121,0.2790567620467891,0.7216605710878028,0.02735361059383406,0.7630043451272501
2.0,GAUSSIAN_STARLET,0.5,0.7524105110697289,0.2570693360479584,0.7216605710878028,0.02735361059383406,0.7630043451272501
2.0,GAUSSIAN_STARLET,0.4285714285714288,0.7602317401200083,0.23788004350753614,0.7216605710878028,0.02735361059383406,0.7630043451272501
2.0,GAUSSIAN_STARLET,0.35714285714285765,0.7666459755845231,0.22105024520039615,0.7216605710878028,0.02735361059383406,0.7630043451272501
2.0,GAUSSIAN_STARLET,0.2857142857142865,0.7716945996275605,0.20637678593167255,0.7216605710878028,0.02735361059383406,0.7630043451272501
2.0,GAUSSIAN_STARLET,0.2142857142857144,0.7754603765776951,0.1927583191894255,0.7216605710878028,0.02735361059383406,0.7630043451272501
2.0,GAUSSIAN_STARLET,0.14285714285714324,0.7785226567349472,0.18149105713017807,0.7216605710878028,0.02735361059383406,0.7630043451272501
2.0,GAUSSIAN_STARLET,0.07142857142857206,0.7803434719635837,0.1712311352450829,0.7216605710878028,0.02735361059383406,0.7630043451272501
2.0,GAUSSIAN_STARLET,0.0,0.7822056693565074,0.1626216306900794,0.7216605710878028,0.02735361059383406,0.7630043451272501
2.0,GAUSSIAN_STARLET,-0.07142857142857117,0.7824125801779434,0.15802450562492687,0.7216605710878028,0.02735361059383406,0.7630043451272501
2.0,GAUSSIAN_STARLET,-0.14285714285714235,0.7826608731636665,0.1540849247213713,0.7216605710878028,0.02735361059383406,0.7630043451272501
2.0,GAUSSIAN_STARLET,-0.21428571428571352,0.7827436374922409,0.15064750951751382,0.7216605710878028,0.02735361059383406,0.7630043451272501
2.0,GAUSSIAN_STARLET,-0.2857142857142847,0.7829091661493897,0.14789712320200124,0.7216605710878028,0.02735361059383406,0.7630043451272501
2.0,GAUSSIAN_STARLET,-0.3571428571428559,0.7829505483136768,0.14560790530868567,0.7216605710878028,0.02735361059383406,0.7630043451272501
2.0,GAUSSIAN_STARLET,-0.4285714285714288,0.7830333126422512,0.14373067778714613,0.7216605710878028,0.02735361059383406,0.7630043451272501
2.0,GAUSSIAN_STARLET,-0.5,0.7830746948065384,0.14225466464193892,0.7216605710878028,0.02735361059383406,0.7630043451272501
2.0,MCALENS,8.0,0.02735361059383406,0.9954819277108434,0.6759248494878399,0.02735361059383406,0.7630043451272501
2.0,MCALENS,7.928571428571429,0.02867783985102421,0.9956896551724138,0.6759248494878399,0.02735361059383406,0.7630043451272501
2.0,MCALENS,7.857142857142857,0.029919304779639975,0.9944979367262724,0.6759248494878399,0.02735361059383406,0.7630043451272501
2.0,MCALENS,7.785714285714286,0.03116076970825574,0.9934036939313984,0.6759248494878399,0.02735361059383406,0.7630043451272501
2.0,MCALENS,7.714285714285714,0.03260914545830747,0.9936948297604036,0.6759248494878399,0.02735361059383406,0.7630043451272501
2.0,MCALENS,7.642857142857143,0.03393337471549762,0.9939393939393939,0.6759248494878399,0.02735361059383406,0.7630043451272501
2.0,MCALENS,7.571428571428571,0.03534036830126216,0.9930232558139535,0.6759248494878399,0.02735361059383406,0.7630043451272501
2.0,MCALENS,7.5,0.0367059797227395,0.9932810750279956,0.6759248494878399,0.02735361059383406,0.7630043451272501
2.0,MCALENS,7.428571428571429,0.03790606248706807,0.9934924078091106,0.6759248494878399,0.02735361059383406,0.7630043451272501
2.0,MCALENS,7.357142857142858,0.039602731222842955,0.9937694704049844,0.6759248494878399,0.02735361059383406,0.7630043451272501
2.0,MCALENS,7.285714285714286,0.04154769294434099,0.9930761622156281,0.6759248494878399,0.02735361059383406,0.7630043451272501
2.0,MCALENS,7.214285714285714,0.04378232981584937,0.9924953095684803,0.6759248494878399,0.02735361059383406,0.7630043451272501
2.0,MCALENS,7.142857142857143,0.04618249534450652,0.9928825622775801,0.6759248494878399,0.02735361059383406,0.7630043451272501
2.0,MCALENS,7.071428571428571,0.04837575005172771,0.9923599320882852,0.6759248494878399,0.02735361059383406,0.7630043451272501
2.0,MCALENS,7.0,0.05065176908752328,0.9918962722852512,0.6759248494878399,0.02735361059383406,0.7630043451272501
2.0,MCALENS,6.928571428571429,0.05288640595903166,0.9922360248447205,0.6759248494878399,0.02735361059383406,0.7630043451272501
2.0,MCALENS,6.857142857142858,0.055203807159114424,0.9925595238095238,0.6759248494878399,0.02735361059383406,0.7630043451272501
2.0,MCALENS,6.785714285714286,0.05760397268777157,0.99215965787598,0.6759248494878399,0.02735361059383406,0.7630043451272501
2.0,MCALENS,6.714285714285714,0.06074901717359818,0.9925625422582827,0.6759248494878399,0.02735361059383406,0.7630043451272501
2.0,MCALENS,6.642857142857143,0.06348024001655286,0.9909560723514211,0.6759248494878399,0.02735361059383406,0.7630043451272501
2.0,MCALENS,6.571428571428571,0.06612869853093317,0.9876390605686032,0.6759248494878399,0.02735361059383406,0.7630043451272501
2.0,MCALENS,6.5,0.06943927167390855,0.9882214369846879,0.6759248494878399,0.02735361059383406,0.7630043451272501
2.0,MCALENS,6.428571428571429,0.072336023174012,0.987012987012987,0.6759248494878399,0.02735361059383406,0.7630043451272501
2.0,MCALENS,6.357142857142858,0.07585350713842334,0.9865446716899893,0.6759248494878399,0.02735361059383406,0.7630043451272501
2.0,MCALENS,6.285714285714286,0.07879164080281399,0.9860176074572761,0.6759248494878399,0.02735361059383406,0.7630043451272501
2.0,MCALENS,6.214285714285714,0.08172977446720464,0.9845463609172482,0.6759248494878399,0.02735361059383406,0.7630043451272501
2.0,MCALENS,6.142857142857143,0.0856610800744879,0.9843081312410842,0.6759248494878399,0.02735361059383406,0.7630043451272501
2.0,MCALENS,6.071428571428571,0.08926132836747362,0.9826879271070615,0.6759248494878399,0.02735361059383406,0.7630043451272501
2.0,MCALENS,6.0,0.09348230912476722,0.9821739130434782,0.6759248494878399,0.02735361059383406,0.7630043451272501
2.0,MCALENS,5.928571428571429,0.09716532174632733,0.9811951525282073,0.6759248494878399,0.02735361059383406,0.7630043451272501
2.0,MCALENS,5.857142857142858,0.10146906683219532,0.9788423153692615,0.6759248494878399,0.02735361059383406,0.7630043451272501
2.0,MCALENS,5.7857142857142865,0.10519346161804262,0.9773164167627836,0.6759248494878399,0.02735361059383406,0.7630043451272501
2.0,MCALENS,5.714285714285714,0.10949720670391061,0.9738682370261318,0.6759248494878399,0.02735361059383406,0.7630043451272501
2.0,MCALENS,5.642857142857142,0.11446306641837369,0.9722319859402461,0.6759248494878399,0.02735361059383406,0.7630043451272501
2.0,MCALENS,5.571428571428571,0.1191392509828264,0.9700134770889488,0.6759248494878399,0.02735361059383406,0.7630043451272501
2.0,MCALENS,5.5,0.12298779226153528,0.9696574225122349,0.6759248494878399,0.02735361059383406,0.7630043451272501
2.0,MCALENS,5.428571428571429,0.1277053589902752,0.9692211055276382,0.6759248494878399,0.02735361059383406,0.7630043451272501
2.0,MCALENS,5.357142857142858,0.1318435754189944,0.9654545454545455,0.6759248494878399,0.02735361059383406,0.7630043451272501
2.0,MCALENS,5.2857142857142865,0.13709911028346783,0.9639220250218213,0.6759248494878399,0.02735361059383406,0.7630043451272501
2.0,MCALENS,5.214285714285714,0.141444237533623,0.9609221253865617,0.6759248494878399,0.02735361059383406,0.7630043451272501
2.0,MCALENS,5.142857142857143,0.14612042209807574,0.9571699647600976,0.6759248494878399,0.02735361059383406,0.7630043451272501
2.0,MCALENS,5.071428571428571,0.15112766397682598,0.955270729793356,0.6759248494878399,0.02735361059383406,0.7630043451272501
2.0,MCALENS,5.0,0.15630043451272502,0.9525851197982346,0.6759248494878399,0.02735361059383406,0.7630043451272501
2.0,MCALENS,4.928571428571429,0.16056279743430582,0.9488872584984104,0.6759248494878399,0.02735361059383406,0.7630043451272501
2.0,MCALENS,4.857142857142858,0.1648665425201738,0.9467680608365019,0.6759248494878399,0.02735361059383406,0.7630043451272501
2.0,MCALENS,4.7857142857142865,0.16933581626319055,0.9437269372693727,0.6759248494878399,0.02735361059383406,0.7630043451272501
2.0,MCALENS,4.714285714285714,0.17492240844196152,0.9393333333333334,0.6759248494878399,0.02735361059383406,0.7630043451272501
2.0,MCALENS,4.642857142857143,0.1787709497206704,0.9362808842652796,0.6759248494878399,0.02735361059383406,0.7630043451272501
2.0,MCALENS,4.571428571428571,0.18357128077798468,0.932912723449001,0.6759248494878399,0.02735361059383406,0.7630043451272501
2.0,MCALENS,4.5,0.18812331884957584,0.9288925214548427,0.6759248494878399,0.02735361059383406,0.7630043451272501
2.0,MCALENS,4.428571428571429,0.19279950341402854,0.9258744038155803,0.6759248494878399,0.02735361059383406,0.7630043451272501
2.0,MCALENS,4.357142857142858,0.19660666252845024,0.9216294859359845,0.6759248494878399,0.02735361059383406,0.7630043451272501
2.0,MCALENS,4.2857142857142865,0.20041382164287191,0.9172348484848485,0.6759248494878399,0.02735361059383406,0.7630043451272501
2.0,MCALENS,4.214285714285714,0.2042209807572936,0.9120310478654593,0.6759248494878399,0.02735361059383406,0.7630043451272501
2.0,MCALENS,4.142857142857143,0.20831781502172564,0.9076812116840967,0.6759248494878399,0.02735361059383406,0.7630043451272501
2.0,MCALENS,4.071428571428571,0.21224912062900889,0.9045855379188713,0.6759248494878399,0.02735361059383406,0.7630043451272501
2.0,MCALENS,4.0,0.2154355472791227,0.8988259668508287,0.6759248494878399,0.02735361059383406,0.7630043451272501
2.0,MCALENS,3.928571428571429,0.21833229877922616,0.8930264048747462,0.6759248494878399,0.02735361059383406,0.7630043451272501
2.0,MCALENS,3.8571428571428577,0.22156010759362715,0.8895165309852134,0.6759248494878399,0.02735361059383406,0.7630043451272501
2.0,MCALENS,3.7857142857142856,0.22540864887233603,0.8872780583156866,0.6759248494878399,0.02735361059383406,0.7630043451272501
2.0,MCALENS,3.7142857142857144,0.22863645768673702,0.8832933653077538,0.6759248494878399,0.02735361059383406,0.7630043451272501
2.0,MCALENS,3.6428571428571432,0.23202979515828678,0.8784270719097603,0.6759248494878399,0.02735361059383406,0.7630043451272501
2.0,MCALENS,3.571428571428572,0.2344713428512311,0.8753282867294917,0.6759248494878399,0.02735361059383406,0.7630043451272501
2.0,MCALENS,3.5,0.23707841920132422,0.8719939117199391,0.6759248494878399,0.02735361059383406,0.7630043451272501
2.0,MCALENS,3.428571428571429,0.23947858472998138,0.866447072915107,0.6759248494878399,0.02735361059383406,0.7630043451272501
2.0,MCALENS,3.3571428571428577,0.24192013242292573,0.8618605336871591,0.6759248494878399,0.02735361059383406,0.7630043451272501
2.0,MCALENS,3.2857142857142856,0.24465135526588042,0.858055152394775,0.6759248494878399,0.02735361059383406,0.7630043451272501
2.0,MCALENS,3.2142857142857144,0.24659631698737844,0.855072463768116,0.6759248494878399,0.02735361059383406,0.7630043451272501
2.0,MCALENS,3.1428571428571432,0.24870680736602524,0.8517573696145124,0.6759248494878399,0.02735361059383406,0.7630043451272501
2.0,MCALENS,3.071428571428572,0.25123111938754394,0.8490909090909091,0.6759248494878399,0.02735361059383406,0.7630043451272501
2.0,MCALENS,3.0,0.25330022760190357,0.8464942608214632,0.6759248494878399,0.02735361059383406,0.7630043451272501
2.0,MCALENS,2.928571428571429,0.2554107179805504,0.8429390876809615,0.6759248494878399,0.02735361059383406,0.7630043451272501
2.0,MCALENS,2.8571428571428577,0.25747982619491,0.8394495412844036,0.6759248494878399,0.02735361059383406,0.7630043451272501
2.0,MCALENS,2.7857142857142856,0.2593834057521208,0.8357333333333333,0.6759248494878399,0.02735361059383406,0.7630043451272501
2.0,MCALENS,2.7142857142857144,0.2612869853093317,0.8323226997099921,0.6759248494878399,0.02735361059383406,0.7630043451272501
2.0,MCALENS,2.6428571428571432,0.2636043865094144,0.8307250912884716,0.6759248494878399,0.02735361059383406,0.7630043451272501
2.0,MCALENS,2.571428571428572,0.2658390233809228,0.8278350515463917,0.6759248494878399,0.02735361059383406,0.7630043451272501
2.0,MCALENS,2.5,0.2691495965238982,0.8246481551920882,0.6759248494878399,0.02735361059383406,0.7630043451272501
2.0,MCALENS,2.428571428571429,0.273411959445479,0.8212554381603481,0.6759248494878399,0.02735361059383406,0.7630043451272501
2.0,MCALENS,2.3571428571428577,0.2775915580384854,0.8175502742230347,0.6759248494878399,0.02735361059383406,0.7630043451272501
2.0,MCALENS,2.2857142857142865,0.2838816470101386,0.8140500771330248,0.6759248494878399,0.02735361059383406,0.7630043451272501
2.0,MCALENS,2.2142857142857144,0.29128905441754604,0.8089874727042868,0.6759248494878399,0.02735361059383406,0.7630043451272501
2.0,MCALENS,2.1428571428571432,0.2994827229464101,0.8023281596452329,0.6759248494878399,0.02735361059383406,0.7630043451272501
2.0,MCALENS,2.071428571428572,0.3111938754396855,0.7965257917593476,0.6759248494878399,0.02735361059383406,0.7630043451272501
2.0,MCALENS,2.0,0.32464307883302296,0.7854425310372447,0.6759248494878399,0.02735361059383406,0.7630043451272501
2.0,MCALENS,1.9285714285714288,0.3384647217049452,0.7730623818525519,0.6759248494878399,0.02735361059383406,0.7630043451272501
2.0,MCALENS,1.8571428571428577,0.3549348230912477,0.7591609134360063,0.6759248494878399,0.02735361059383406,0.7630043451272501
2.0,MCALENS,1.7857142857142865,0.373515414856197,0.7378402681271969,0.6759248494878399,0.02735361059383406,0.7630043451272501
2.0,MCALENS,1.7142857142857144,0.3940823505069315,0.7140286421234161,0.6759248494878399,0.02735361059383406,0.7630043451272501
2.0,MCALENS,1.6428571428571432,0.4158907510862818,0.6869446343130554,0.6759248494878399,0.02735361059383406,0.7630043451272501
2.0,MCALENS,1.571428571428572,0.44014069935857647,0.6578833426114925,0.6759248494878399,0.02735361059383406,0.7630043451272501
2.0,MCALENS,1.5,0.46749430995241054,0.6283441793203182,0.6759248494878399,0.02735361059383406,0.7630043451272501
2.0,MCALENS,1.4285714285714288,0.49182702255327954,0.5920298879202989,0.6759248494878399,0.02735361059383406,0.7630043451272501
2.0,MCALENS,1.3571428571428577,0.5185185185185185,0.5560239627246505,0.6759248494878399,0.02735361059383406,0.7630043451272501
2.0,MCALENS,1.2857142857142865,0.5469894475481067,0.5226778441219503,0.6759248494878399,0.02735361059383406,0.7630043451272501
2.0,MCALENS,1.2142857142857144,0.5743430581419409,0.4884048280958581,0.6759248494878399,0.02735361059383406,0.7630043451272501
2.0,MCALENS,1.1428571428571432,0.5983447134285124,0.45129373575954307,0.6759248494878399,0.02735361059383406,0.7630043451272501
2.0,MCALENS,1.071428571428572,0.6224291330436582,0.4189343508898978,0.6759248494878399,0.02735361059383406,0.7630043451272501
2.0,MCALENS,1.0,0.6440306228015725,0.386840993263901,0.6759248494878399,0.02735361059383406,0.7630043451272501
2.0,MCALENS,0.9285714285714288,0.6638940616594248,0.35702681651274065,0.6759248494878399,0.02735361059383406,0.7630043451272501
2.0,MCALENS,0.8571428571428577,0.680943513345748,0.32864646787433344,0.6759248494878399,0.02735361059383406,0.7630043451272501
2.0,MCALENS,0.7857142857142865,0.6972067039106146,0.30262968817358815,0.6759248494878399,0.02735361059383406,0.7630043451272501
2.0,MCALENS,0.7142857142857144,0.7117732257397061,0.2785515320334262,0.6759248494878399,0.02735361059383406,0.7630043451272501
2.0,MCALENS,0.6428571428571432,0.7218704738257811,0.2559873209673632,0.6759248494878399,0.02735361059383406,0.7630043451272501
2.0,MCALENS,0.5714285714285721,0.7314297537761225,0.23645484949832776,0.6759248494878399,0.02735361059383406,0.7630043451272501
2.0,MCALENS,0.5,0.7392509828264018,0.21891888579796817,0.6759248494878399,0.02735361059383406,0.7630043451272501
2.0,MCALENS,0.4285714285714288,0.7460376577695014,0.20356590372737435,0.6759248494878399,0.02735361059383406,0.7630043451272501
2.0,MCALENS,0.35714285714285765,0.7509621353196773,0.18979438157591985,0.6759248494878399,0.02735361059383406,0.7630043451272501
2.0,MCALENS,0.2857142857142865,0.7549762052555349,0.17796072846454733,0.6759248494878399,0.02735361059383406,0.7630043451272501
2.0,MCALENS,0.2142857142857144,0.7575005172770536,0.16748556632172235,0.6759248494878399,0.02735361059383406,0.7630043451272501
2.0,MCALENS,0.14285714285714324,0.7594040968342645,0.15824602250679085,0.6759248494878399,0.02735361059383406,0.7630043451272501
2.0,MCALENS,0.07142857142857206,0.7611421477343265,0.1504183056779987,0.6759248494878399,0.02735361059383406,0.7630043451272501
2.0,MCALENS,0.0,0.7623836126629423,0.1437791686827852,0.6759248494878399,0.02735361059383406,0.7630043451272501
2.0,MCALENS,-0.07142857142857117,0.7626319056486655,0.140421057443939,0.6759248494878399,0.02735361059383406,0.7630043451272501
2.0,MCALENS,-0.14285714285714235,0.7628388164701014,0.13760413245349498,0.6759248494878399,0.02735361059383406,0.7630043451272501
2.0,MCALENS,-0.21428571428571352,0.7628801986343886,0.13537926020576765,0.6759248494878399,0.02735361059383406,0.7630043451272501
2.0,MCALENS,-0.2857142857142847,0.7629215807986758,0.13345687770554937,0.6759248494878399,0.02735361059383406,0.7630043451272501
2.0,MCALENS,-0.3571428571428559,0.762962962962963,0.13188597589327228,0.6759248494878399,0.02735361059383406,0.7630043451272501
2.0,MCALENS,-0.4285714285714288,0.7630043451272501,0.13067883822132761,0.6759248494878399,0.02735361059383406,0.7630043451272501
2.0,MCALENS,-0.5,0.7630043451272501,0.1296961938057019,0.6759248494878399,0.02735361059383406,0.7630043451272501
2.0,FUSION,8.0,0.00989033726463894,0.9958333333333333,0.7107524471795456,0.02735361059383406,0.7630043451272501
2.0,FUSION,7.928571428571429,0.010304158907510862,0.996,0.7107524471795456,0.02735361059383406,0.7630043451272501
2.0,FUSION,7.857142857142857,0.010635216221808401,0.9961240310077519,0.7107524471795456,0.02735361059383406,0.7630043451272501
2.0,FUSION,7.785714285714286,0.011131802193254707,0.9962962962962963,0.7107524471795456,0.02735361059383406,0.7630043451272501
2.0,FUSION,7.714285714285714,0.011711152493275399,0.9964788732394366,0.7107524471795456,0.02735361059383406,0.7630043451272501
2.0,FUSION,7.642857142857143,0.012207738464721705,0.9966216216216216,0.7107524471795456,0.02735361059383406,0.7630043451272501
2.0,FUSION,7.571428571428571,0.013076763914752742,0.9968454258675079,0.7107524471795456,0.02735361059383406,0.7630043451272501
2.0,FUSION,7.5,0.013407821229050279,0.9969230769230769,0.7107524471795456,0.02735361059383406,0.7630043451272501
2.0,FUSION,7.428571428571429,0.01415270018621974,0.9970845481049563,0.7107524471795456,0.02735361059383406,0.7630043451272501
2.0,FUSION,7.357142857142858,0.0143596110076557,0.9971264367816092,0.7107524471795456,0.02735361059383406,0.7630043451272501
2.0,FUSION,7.285714285714286,0.014938961307676392,0.9972375690607734,0.7107524471795456,0.02735361059383406,0.7630043451272501
2.0,FUSION,7.214285714285714,0.015518311607697082,0.9973404255319149,0.7107524471795456,0.02735361059383406,0.7630043451272501
2.0,FUSION,7.142857142857143,0.016139044072004966,0.9974424552429667,0.7107524471795456,0.02735361059383406,0.7630043451272501
2.0,FUSION,7.071428571428571,0.01659424787916408,0.9975124378109452,0.7107524471795456,0.02735361059383406,0.7630043451272501
2.0,FUSION,7.0,0.01767018415063108,0.9976635514018691,0.7107524471795456,0.02735361059383406,0.7630043451272501
2.0,FUSION,6.928571428571429,0.018746120422098077,0.9977973568281938,0.7107524471795456,0.02735361059383406,0.7630043451272501
2.0,FUSION,6.857142857142858,0.019532381543554727,0.9978858350951374,0.7107524471795456,0.02735361059383406,0.7630043451272501
2.0,FUSION,6.785714285714286,0.020401406993585766,0.9979757085020243,0.7107524471795456,0.02735361059383406,0.7630043451272501
2.0,FUSION,6.714285714285714,0.021353196772191184,0.9980657640232108,0.7107524471795456,0.02735361059383406,0.7630043451272501
2.0,FUSION,6.642857142857143,0.022222222222222223,0.9962894248608535,0.7107524471795456,0.02735361059383406,0.7630043451272501
2.0,FUSION,6.571428571428571,0.02329815849368922,0.9964601769911504,0.7107524471795456,0.02735361059383406,0.7630043451272501
2.0,FUSION,6.5,0.02441547692944341,0.9966216216216216,0.7107524471795456,0.02735361059383406,0.7630043451272501
2.0,FUSION,6.428571428571429,0.025574177529484793,0.9951690821256038,0.7107524471795456,0.02735361059383406,0.7630043451272501
2.0,FUSION,6.357142857142858,0.026898406786674944,0.9954058192955589,0.7107524471795456,0.02735361059383406,0.7630043451272501
2.0,FUSION,6.285714285714286,0.028098489551003518,0.9941434846266471,0.7107524471795456,0.02735361059383406,0.7630043451272501
2.0,FUSION,6.214285714285714,0.029381336643906478,0.9943977591036415,0.7107524471795456,0.02735361059383406,0.7630043451272501
2.0,FUSION,6.142857142857143,0.030581419408235052,0.9946164199192463,0.7107524471795456,0.02735361059383406,0.7630043451272501
2.0,FUSION,6.071428571428571,0.032360852472584314,0.991128010139417,0.7107524471795456,0.02735361059383406,0.7630043451272501
2.0,FUSION,6.0,0.033726463894061656,0.9914841849148418,0.7107524471795456,0.02735361059383406,0.7630043451272501
2.0,FUSION,5.928571428571429,0.03488516449410304,0.991764705882353,0.7107524471795456,0.02735361059383406,0.7630043451272501
2.0,FUSION,5.857142857142858,0.03645768673701635,0.9921171171171171,0.7107524471795456,0.02735361059383406,0.7630043451272501
2.0,FUSION,5.7857142857142865,0.03798882681564246,0.9924324324324324,0.7107524471795456,0.02735361059383406,0.7630043451272501
2.0,FUSION,5.714285714285714,0.04026484585143803,0.9928571428571429,0.7107524471795456,0.02735361059383406,0.7630043451272501
2.0,FUSION,5.642857142857142,0.04229257190151045,0.9931972789115646,0.7107524471795456,0.02735361059383406,0.7630043451272501
2.0,FUSION,5.571428571428571,0.04440306228015725,0.9935185185185185,0.7107524471795456,0.02735361059383406,0.7630043451272501
2.0,FUSION,5.5,0.04709290295882475,0.993886462882096,0.7107524471795456,0.02735361059383406,0.7630043451272501
2.0,FUSION,5.428571428571429,0.049699979308917855,0.9942052980132451,0.7107524471795456,0.02735361059383406,0.7630043451272501
2.0,FUSION,5.357142857142858,0.052058762673287816,0.9921135646687698,0.7107524471795456,0.02735361059383406,0.7630043451272501
2.0,FUSION,5.2857142857142865,0.0547899855162425,0.992503748125937,0.7107524471795456,0.02735361059383406,0.7630043451272501
2.0,FUSION,5.214285714285714,0.05772811918063315,0.9914712153518124,0.7107524471795456,0.02735361059383406,0.7630043451272501
2.0,FUSION,5.142857142857143,0.060707635009310985,0.9918864097363083,0.7107524471795456,0.02735361059383406,0.7630043451272501
2.0,FUSION,5.071428571428571,0.06426650113800952,0.9910657306955967,0.7107524471795456,0.02735361059383406,0.7630043451272501
2.0,FUSION,5.0,0.06745292778812331,0.9902794653705954,0.7107524471795456,0.02735361059383406,0.7630043451272501
2.0,FUSION,4.928571428571429,0.07026691495965239,0.987783595113438,0.7107524471795456,0.02735361059383406,0.7630043451272501
2.0,FUSION,4.857142857142858,0.07349472377405339,0.9866666666666667,0.7107524471795456,0.02735361059383406,0.7630043451272501
2.0,FUSION,4.7857142857142865,0.07672253258845438,0.9866950505588079,0.7107524471795456,0.02735361059383406,0.7630043451272501
2.0,FUSION,4.714285714285714,0.08015725222429133,0.9847483477376716,0.7107524471795456,0.02735361059383406,0.7630043451272501
2.0,FUSION,4.642857142857143,0.08437823298158494,0.985024154589372,0.7107524471795456,0.02735361059383406,0.7630043451272501
2.0,FUSION,4.571428571428571,0.08843368508172977,0.9843390142791341,0.7107524471795456,0.02735361059383406,0.7630043451272501
2.0,FUSION,4.5,0.0920339333747155,0.984506418769367,0.7107524471795456,0.02735361059383406,0.7630043451272501
2.0,FUSION,4.428571428571429,0.09542727084626526,0.9829497016197783,0.7107524471795456,0.02735361059383406,0.7630043451272501
2.0,FUSION,4.357142857142858,0.09985516242499483,0.9832925835370823,0.7107524471795456,0.02735361059383406,0.7630043451272501
2.0,FUSION,4.2857142857142865,0.10424167183943721,0.9813011297234125,0.7107524471795456,0.02735361059383406,0.7630043451272501
2.0,FUSION,4.214285714285714,0.10895923856817712,0.9795386904761905,0.7107524471795456,0.02735361059383406,0.7630043451272501
2.0,FUSION,4.142857142857143,0.11475274156838403,0.9784756527875794,0.7107524471795456,0.02735361059383406,0.7630043451272501
2.0,FUSION,4.071428571428571,0.12104283054003724,0.9769539078156313,0.7107524471795456,0.02735361059383406,0.7630043451272501
2.0,FUSION,4.0,0.12588454376163874,0.974375400384369,0.7107524471795456,0.02735361059383406,0.7630043451272501
2.0,FUSION,3.928571428571429,0.13105731429753775,0.9711744863538792,0.7107524471795456,0.02735361059383406,0.7630043451272501
2.0,FUSION,3.8571428571428577,0.13693358162631905,0.9686768149882904,0.7107524471795456,0.02735361059383406,0.7630043451272501
2.0,FUSION,3.7857142857142856,0.14280984895510035,0.967479674796748,0.7107524471795456,0.02735361059383406,0.7630043451272501
2.0,FUSION,3.7142857142857144,0.14914132009104075,0.9644099545089644,0.7107524471795456,0.02735361059383406,0.7630043451272501
2.0,FUSION,3.6428571428571432,0.15468653010552452,0.9616670954463596,0.7107524471795456,0.02735361059383406,0.7630043451272501
2.0,FUSION,3.571428571428572,0.16126629422718808,0.9570235756385069,0.7107524471795456,0.02735361059383406,0.7630043451272501
2.0,FUSION,3.5,0.16883923029174425,0.9523809523809523,0.7107524471795456,0.02735361059383406,0.7630043451272501
2.0,FUSION,3.428571428571429,0.1750465549348231,0.9484304932735426,0.7107524471795456,0.02735361059383406,0.7630043451272501
2.0,FUSION,3.3571428571428577,0.18125387957790193,0.9445762346344619,0.7107524471795456,0.02735361059383406,0.7630043451272501
2.0,FUSION,3.2857142857142856,0.18849575832816057,0.9420889348500517,0.7107524471795456,0.02735361059383406,0.7630043451272501
2.0,FUSION,3.2142857142857144,0.1942478791640803,0.9371131962467558,0.7107524471795456,0.02735361059383406,0.7630043451272501
2.0,FUSION,3.1428571428571432,0.2016139044072005,0.9336910693752396,0.7107524471795456,0.02735361059383406,0.7630043451272501
2.0,FUSION,3.071428571428572,0.2074487895716946,0.9291936978683967,0.7107524471795456,0.02735361059383406,0.7630043451272501
2.0,FUSION,3.0,0.21415270018621974,0.9244372990353698,0.7107524471795456,0.02735361059383406,0.7630043451272501
2.0,FUSION,2.928571428571429,0.22002896751500103,0.9191011235955057,0.7107524471795456,0.02735361059383406,0.7630043451272501
2.0,FUSION,2.8571428571428577,0.22681564245810057,0.9125874125874126,0.7107524471795456,0.02735361059383406,0.7630043451272501
2.0,FUSION,2.7857142857142856,0.23335402441547692,0.9077591757887958,0.7107524471795456,0.02735361059383406,0.7630043451272501
2.0,FUSION,2.7142857142857144,0.23972687771570453,0.901774595267746,0.7107524471795456,0.02735361059383406,0.7630043451272501
2.0,FUSION,2.6428571428571432,0.24692737430167597,0.8951395139513951,0.7107524471795456,0.02735361059383406,0.7630043451272501
2.0,FUSION,2.571428571428572,0.2535899027519139,0.8876013904982619,0.7107524471795456,0.02735361059383406,0.7630043451272501
2.0,FUSION,2.5,0.2600869025450031,0.8801288334967091,0.7107524471795456,0.02735361059383406,0.7630043451272501
2.0,FUSION,2.428571428571429,0.2684460997310159,0.8731996230986674,0.7107524471795456,0.02735361059383406,0.7630043451272501
2.0,FUSION,2.3571428571428577,0.2761018001241465,0.8644726613112205,0.7107524471795456,0.02735361059383406,0.7630043451272501
2.0,FUSION,2.2857142857142865,0.28537140492447755,0.8585657370517928,0.7107524471795456,0.02735361059383406,0.7630043451272501
2.0,FUSION,2.2142857142857144,0.2958410924891372,0.8493525008910539,0.7107524471795456,0.02735361059383406,0.7630043451272501
2.0,FUSION,2.1428571428571432,0.3081315952824333,0.8415461121157324,0.7107524471795456,0.02735361059383406,0.7630043451272501
2.0,FUSION,2.071428571428572,0.3207117732257397,0.8314558523763544,0.7107524471795456,0.02735361059383406,0.7630043451272501
2.0,FUSION,2.0,0.33482309124767223,0.8195077484047402,0.7107524471795456,0.02735361059383406,0.7630043451272501
2.0,FUSION,1.9285714285714288,0.3499689633767846,0.8072737686139748,0.7107524471795456,0.02735361059383406,0.7630043451272501
2.0,FUSION,1.8571428571428577,0.3652803641630457,0.7927968385126639,0.7107524471795456,0.02735361059383406,0.7630043451272501
2.0,FUSION,1.7857142857142865,0.38423339540657975,0.7754300985468515,0.7107524471795456,0.02735361059383406,0.7630043451272501
2.0,FUSION,1.7142857142857144,0.4037243947858473,0.7557518010690216,0.7107524471795456,0.02735361059383406,0.7630043451272501
2.0,FUSION,1.6428571428571432,0.4255741775294848,0.7327395796223727,0.7107524471795456,0.02735361059383406,0.7630043451272501
2.0,FUSION,1.571428571428572,0.44779639975170704,0.7043087737568342,0.7107524471795456,0.02735361059383406,0.7630043451272501
2.0,FUSION,1.5,0.47221187668115044,0.6729374299699239,0.7107524471795456,0.02735361059383406,0.7630043451272501
2.0,FUSION,1.4285714285714288,0.4983654045106559,0.6421221007731271,0.7107524471795456,0.02735361059383406,0.7630043451272501
2.0,FUSION,1.3571428571428577,0.5234016139044072,0.6077263117432251,0.7107524471795456,0.02735361059383406,0.7630043451272501
2.0,FUSION,1.2857142857142865,0.5478170908338507,0.5727760470751125,0.7107524471795456,0.02735361059383406,0.7630043451272501
2.0,FUSION,1.2142857142857144,0.5729774467204635,0.5377087378640777,0.7107524471795456,0.02735361059383406,0.7630043451272501
2.0,FUSION,1.1428571428571432,0.5975998344713429,0.5035567333844759,0.7107524471795456,0.02735361059383406,0.7630043451272501
2.0,FUSION,1.071428571428572,0.6201944961721498,0.46859268986649155,0.7107524471795456,0.02735361059383406,0.7630043451272501
2.0,FUSION,1.0,0.6433271260086902,0.4358039919264409,0.7107524471795456,0.02735361059383406,0.7630043451272501
2.0,FUSION,0.9285714285714288,0.6627767432236706,0.40271561478501383,0.7107524471795456,0.02735361059383406,0.7630043451272501
2.0,FUSION,0.8571428571428577,0.6814814814814815,0.37257075631773034,0.7107524471795456,0.02735361059383406,0.7630043451272501
2.0,FUSION,0.7857142857142865,0.6969170287606041,0.3435886973375497,0.7107524471795456,0.02735361059383406,0.7630043451272501
2.0,FUSION,0.7142857142857144,0.7106145251396648,0.3173828666481841,0.7107524471795456,0.02735361059383406,0.7630043451272501
2.0,FUSION,0.6428571428571432,0.7226153527829505,0.2927606209972169,0.7107524471795456,0.02735361059383406,0.7630043451272501
2.0,FUSION,0.5714285714285721,0.7335402441547693,0.2701104761904762,0.7107524471795456,0.02735361059383406,0.7630043451272501
2.0,FUSION,0.5,0.7422304986550796,0.2497702269878847,0.7107524471795456,0.02735361059383406,0.7630043451272501
2.0,FUSION,0.4285714285714288,0.7495551417339127,0.2316803315383533,0.7107524471795456,0.02735361059383406,0.7630043451272501
2.0,FUSION,0.35714285714285765,0.7560107593627147,0.21565248185091188,0.7107524471795456,0.02735361059383406,0.7630043451272501
2.0,FUSION,0.2857142857142865,0.7604386509414442,0.20092063110246122,0.7107524471795456,0.02735361059383406,0.7630043451272501
2.0,FUSION,0.2142857142857144,0.7636250775915581,0.18844398149566496,0.7107524471795456,0.02735361059383406,0.7630043451272501
2.0,FUSION,0.14285714285714324,0.7664804469273743,0.17734075045718717,0.7107524471795456,0.02735361059383406,0.7630043451272501
2.0,FUSION,0.07142857142857206,0.7685909373060211,0.16799327050055174,0.7107524471795456,0.02735361059383406,0.7630043451272501
2.0,FUSION,0.0,0.7702048417132216,0.15981864550864266,0.7107524471795456,0.02735361059383406,0.7630043451272501
2.0,FUSION,-0.07142857142857117,0.7704531346989447,0.15552975181067105,0.7107524471795456,0.02735361059383406,0.7630043451272501
2.0,FUSION,-0.14285714285714235,0.7708255741775295,0.1518612728073179,0.7107524471795456,0.02735361059383406,0.7630043451272501
2.0,FUSION,-0.21428571428571352,0.7708669563418167,0.14857352507198174,0.7107524471795456,0.02735361059383406,0.7630043451272501
2.0,FUSION,-0.2857142857142847,0.770949720670391,0.1459779661813794,0.7107524471795456,0.02735361059383406,0.7630043451272501
2.0,FUSION,-0.3571428571428559,0.7710324849989655,0.14383313133496475,0.7107524471795456,0.02735361059383406,0.7630043451272501
2.0,FUSION,-0.4285714285714288,0.7710738671632527,0.1420663784624534,0.7107524471795456,0.02735361059383406,0.7630043451272501
2.0,FUSION,-0.5,0.771156631491827,0.14066167978804509,0.7107524471795456,0.02735361059383406,0.7630043451272501
4.0,GAUSSIAN_STARLET,8.0,0.0031116297160637884,1.0,0.7402835747692628,0.013094775055101777,0.7925580189290807
4.0,GAUSSIAN_STARLET,7.928571428571429,0.003241280954233113,1.0,0.7402835747692628,0.013094775055101777,0.7925580189290807
4.0,GAUSSIAN_STARLET,7.857142857142857,0.0033709321924024374,1.0,0.7402835747692628,0.013094775055101777,0.7925580189290807
4.0,GAUSSIAN_STARLET,7.785714285714286,0.003759885906910411,1.0,0.7402835747692628,0.013094775055101777,0.7925580189290807
4.0,GAUSSIAN_STARLET,7.714285714285714,0.00401918838324906,1.0,0.7402835747692628,0.013094775055101777,0.7925580189290807
4.0,GAUSSIAN_STARLET,7.642857142857143,0.004148839621418384,1.0,0.7402835747692628,0.013094775055101777,0.7925580189290807
4.0,GAUSSIAN_STARLET,7.571428571428571,0.004408142097757034,1.0,0.7402835747692628,0.013094775055101777,0.7925580189290807
4.0,GAUSSIAN_STARLET,7.5,0.004537793335926358,1.0,0.7402835747692628,0.013094775055101777,0.7925580189290807
4.0,GAUSSIAN_STARLET,7.428571428571429,0.004926747050434332,1.0,0.7402835747692628,0.013094775055101777,0.7925580189290807
4.0,GAUSSIAN_STARLET,7.357142857142858,0.005315700764942305,1.0,0.7402835747692628,0.013094775055101777,0.7925580189290807
4.0,GAUSSIAN_STARLET,7.285714285714286,0.005704654479450279,1.0,0.7402835747692628,0.013094775055101777,0.7925580189290807
4.0,GAUSSIAN_STARLET,7.214285714285714,0.005834305717619603,1.0,0.7402835747692628,0.013094775055101777,0.7925580189290807
4.0,GAUSSIAN_STARLET,7.142857142857143,0.0059639569557889275,1.0,0.7402835747692628,0.013094775055101777,0.7925580189290807
4.0,GAUSSIAN_STARLET,7.071428571428571,0.006223259432127577,1.0,0.7402835747692628,0.013094775055101777,0.7925580189290807
4.0,GAUSSIAN_STARLET,7.0,0.006352910670296901,1.0,0.7402835747692628,0.013094775055101777,0.7925580189290807
4.0,GAUSSIAN_STARLET,6.928571428571429,0.006741864384804875,1.0,0.7402835747692628,0.013094775055101777,0.7925580189290807
4.0,GAUSSIAN_STARLET,6.857142857142858,0.006741864384804875,1.0,0.7402835747692628,0.013094775055101777,0.7925580189290807
4.0,GAUSSIAN_STARLET,6.785714285714286,0.007390120575651498,1.0,0.7402835747692628,0.013094775055101777,0.7925580189290807
4.0,GAUSSIAN_STARLET,6.714285714285714,0.007519771813820822,1.0,0.7402835747692628,0.013094775055101777,0.7925580189290807
4.0,GAUSSIAN_STARLET,6.642857142857143,0.008168028004667444,1.0,0.7402835747692628,0.013094775055101777,0.7925580189290807
4.0,GAUSSIAN_STARLET,6.571428571428571,0.008556981719175419,1.0,0.7402835747692628,0.013094775055101777,0.7925580189290807
4.0,GAUSSIAN_STARLET,6.5,0.009075586671852716,1.0,0.7402835747692628,0.013094775055101777,0.7925580189290807
4.0,GAUSSIAN_STARLET,6.428571428571429,0.009983145339037987,1.0,0.7402835747692628,0.013094775055101777,0.7925580189290807
4.0,GAUSSIAN_STARLET,6.357142857142858,0.010890704006223259,1.0,0.7402835747692628,0.013094775055101777,0.7925580189290807
4.0,GAUSSIAN_STARLET,6.285714285714286,0.011150006482561908,1.0,0.7402835747692628,0.013094775055101777,0.7925580189290807
4.0,GAUSSIAN_STARLET,6.214285714285714,0.012187216387916505,1.0,0.7402835747692628,0.013094775055101777,0.7925580189290807
4.0,GAUSSIAN_STARLET,6.142857142857143,0.012446518864255154,1.0,0.7402835747692628,0.013094775055101777,0.7925580189290807
4.0,GAUSSIAN_STARLET,6.071428571428571,0.013094775055101777,1.0,0.7402835747692628,0.013094775055101777,0.7925580189290807
4.0,GAUSSIAN_STARLET,6.0,0.013872682484117724,1.0,0.7402835747692628,0.013094775055101777,0.7925580189290807
4.0,GAUSSIAN_STARLET,5.928571428571429,0.015169194865810968,1.0,0.7402835747692628,0.013094775055101777,0.7925580189290807
4.0,GAUSSIAN_STARLET,5.857142857142858,0.01607675353299624,1.0,0.7402835747692628,0.013094775055101777,0.7925580189290807
4.0,GAUSSIAN_STARLET,5.7857142857142865,0.016595358485673537,1.0,0.7402835747692628,0.013094775055101777,0.7925580189290807
4.0,GAUSSIAN_STARLET,5.714285714285714,0.016854660962012186,1.0,0.7402835747692628,0.013094775055101777,0.7925580189290807
4.0,GAUSSIAN_STARLET,5.642857142857142,0.01724361467652016,1.0,0.7402835747692628,0.013094775055101777,0.7925580189290807
4.0,GAUSSIAN_STARLET,5.571428571428571,0.01918838324906003,1.0,0.7402835747692628,0.013094775055101777,0.7925580189290807
4.0,GAUSSIAN_STARLET,5.5,0.020873849345261247,1.0,0.7402835747692628,0.013094775055101777,0.7925580189290807
4.0,GAUSSIAN_STARLET,5.428571428571429,0.021651756774277196,1.0,0.7402835747692628,0.013094775055101777,0.7925580189290807
4.0,GAUSSIAN_STARLET,5.357142857142858,0.02242966420329314,1.0,0.7402835747692628,0.013094775055101777,0.7925580189290807
4.0,GAUSSIAN_STARLET,5.2857142857142865,0.024893037728510307,1.0,0.7402835747692628,0.013094775055101777,0.7925580189290807
4.0,GAUSSIAN_STARLET,5.214285714285714,0.026578503824711525,1.0,0.7402835747692628,0.013094775055101777,0.7925580189290807
4.0,GAUSSIAN_STARLET,5.142857142857143,0.028393621159082068,1.0,0.7402835747692628,0.013094775055101777,0.7925580189290807
4.0,GAUSSIAN_STARLET,5.071428571428571,0.02930117982626734,1.0,0.7402835747692628,0.013094775055101777,0.7925580189290807
4.0,GAUSSIAN_STARLET,5.0,0.030597692207960586,0.9957805907172996,0.7402835747692628,0.013094775055101777,0.7925580189290807
4.0,GAUSSIAN_STARLET,4.928571428571429,0.03215350706599248,0.9959839357429718,0.7402835747692628,0.013094775055101777,0.7925580189290807
4.0,GAUSSIAN_STARLET,4.857142857142858,0.0338389731621937,0.9961832061068703,0.7402835747692628,0.013094775055101777,0.7925580189290807
4.0,GAUSSIAN_STARLET,4.7857142857142865,0.036302346687410864,0.9929078014184397,0.7402835747692628,0.013094775055101777,0.7925580189290807
4.0,GAUSSIAN_STARLET,4.714285714285714,0.03902502268896668,0.9933993399339934,0.7402835747692628,0.013094775055101777,0.7925580189290807
4.0,GAUSSIAN_STARLET,4.642857142857143,0.04058083754699857,0.9936507936507937,0.7402835747692628,0.013094775055101777,0.7925580189290807
4.0,GAUSSIAN_STARLET,4.571428571428571,0.04265525735770777,0.9939577039274925,0.7402835747692628,0.013094775055101777,0.7925580189290807
4.0,GAUSSIAN_STARLET,4.5,0.04498897964475561,0.994269340974212,0.7402835747692628,0.013094775055101777,0.7925580189290807
4.0,GAUSSIAN_STARLET,4.428571428571429,0.04771165564631142,0.9919137466307277,0.7402835747692628,0.013094775055101777,0.7925580189290807
4.0,GAUSSIAN_STARLET,4.357142857142858,0.05224944898223778,0.9901719901719902,0.7402835747692628,0.013094775055101777,0.7925580189290807
4.0,GAUSSIAN_STARLET,4.2857142857142865,0.05458317126928562,0.9905882352941177,0.7402835747692628,0.013094775055101777,0.7925580189290807
4.0,GAUSSIAN_STARLET,4.214285714285714,0.05704654479450279,0.990990990990991,0.7402835747692628,0.013094775055101777,0.7925580189290807
4.0,GAUSSIAN_STARLET,4.142857142857143,0.059769220796058606,0.9892703862660944,0.7402835747692628,0.013094775055101777,0.7925580189290807
4.0,GAUSSIAN_STARLET,4.071428571428571,0.06391806041747698,0.9879759519038076,0.7402835747692628,0.013094775055101777,0.7925580189290807
4.0,GAUSSIAN_STARLET,4.0,0.06845585375340335,0.9850746268656716,0.7402835747692628,0.013094775055101777,0.7925580189290807
4.0,GAUSSIAN_STARLET,3.928571428571429,0.07325294956566836,0.9809027777777778,0.7402835747692628,0.013094775055101777,0.7925580189290807
4.0,GAUSSIAN_STARLET,3.8571428571428577,0.07817969661610269,0.9820846905537459,0.7402835747692628,0.013094775055101777,0.7925580189290807
4.0,GAUSSIAN_STARLET,3.7857142857142856,0.0829767924283677,0.9800918836140888,0.7402835747692628,0.013094775055101777,0.7925580189290807
4.0,GAUSSIAN_STARLET,3.7142857142857144,0.0872552832879554,0.9796215429403202,0.7402835747692628,0.013094775055101777,0.7925580189290807
4.0,GAUSSIAN_STARLET,3.6428571428571432,0.09334889148191365,0.9782608695652174,0.7402835747692628,0.013094775055101777,0.7925580189290807
4.0,GAUSSIAN_STARLET,3.571428571428572,0.09970180215221056,0.97712833545108,0.7402835747692628,0.013094775055101777,0.7925580189290807
4.0,GAUSSIAN_STARLET,3.5,0.107869830156878,0.9719626168224299,0.7402835747692628,0.013094775055101777,0.7925580189290807
4.0,GAUSSIAN_STARLET,3.428571428571429,0.11590820692337611,0.9664864864864865,0.7402835747692628,0.013094775055101777,0.7925580189290807
4.0,GAUSSIAN_STARLET,3.3571428571428577,0.12368728121353559,0.9665653495440729,0.7402835747692628,0.013094775055101777,0.7925580189290807
4.0,GAUSSIAN_STARLET,3.2857142857142856,0.13081809931284843,0.960952380952381,0.7402835747692628,0.013094775055101777,0.7925580189290807
4.0,GAUSSIAN_STARLET,3.2142857142857144,0.1411901983663944,0.9586267605633803,0.7402835747692628,0.013094775055101777,0.7925580189290807
4.0,GAUSSIAN_STARLET,3.1428571428571432,0.15091404122909374,0.9540983606557377,0.7402835747692628,0.013094775055101777,0.7925580189290807
4.0,GAUSSIAN_STARLET,3.071428571428572,0.1602489303772851,0.9456771231828616,0.7402835747692628,0.013094775055101777,0.7925580189290807
4.0,GAUSSIAN_STARLET,3.0,0.1729547517178789,0.9434229137199435,0.7402835747692628,0.013094775055101777,0.7925580189290807
4.0,GAUSSIAN_STARLET,2.928571428571429,0.18695708544016595,0.9369720597790773,0.7402835747692628,0.013094775055101777,0.7925580189290807
4.0,GAUSSIAN_STARLET,2.8571428571428577,0.1977181382082199,0.9304453935326419,0.7402835747692628,0.013094775055101777,0.7925580189290807
4.0,GAUSSIAN_STARLET,2.7857142857142856,0.21223907688318425,0.9253815715093273,0.7402835747692628,0.013094775055101777,0.7925580189290807
4.0,GAUSSIAN_STARLET,2.7142857142857144,0.230519901465059,0.9188630490956072,0.7402835747692628,0.013094775055101777,0.7925580189290807
4.0,GAUSSIAN_STARLET,2.6428571428571432,0.24620770128354727,0.9073100812231247,0.7402835747692628,0.013094775055101777,0.7925580189290807
4.0,GAUSSIAN_STARLET,2.571428571428572,0.26448852586542204,0.8947368421052632,0.7402835747692628,0.013094775055101777,0.7925580189290807
4.0,GAUSSIAN_STARLET,2.5,0.2813431868274342,0.881039382866423,0.7402835747692628,0.013094775055101777,0.7925580189290807
4.0,GAUSSIAN_STARLET,2.428571428571429,0.3007908725528329,0.8711978971085242,0.7402835747692628,0.013094775055101777,0.7925580189290807
4.0,GAUSSIAN_STARLET,2.3571428571428577,0.3242577466614806,0.8570938999314599,0.7402835747692628,0.013094775055101777,0.7925580189290807
4.0,GAUSSIAN_STARLET,2.2857142857142865,0.34500194476857254,0.8391674550614948,0.7402835747692628,0.013094775055101777,0.7925580189290807
4.0,GAUSSIAN_STARLET,2.2142857142857144,0.36937637754440555,0.826276102088167,0.7402835747692628,0.013094775055101777,0.7925580189290807
4.0,GAUSSIAN_STARLET,2.1428571428571432,0.3933618566057306,0.8056293149229952,0.7402835747692628,0.013094775055101777,0.7925580189290807
4.0,GAUSSIAN_STARLET,2.071428571428572,0.4186438480487489,0.7829776915615907,0.7402835747692628,0.013094775055101777,0.7925580189290807
4.0,GAUSSIAN_STARLET,2.0,0.44561130558796835,0.7612403100775194,0.7402835747692628,0.013094775055101777,0.7925580189290807
4.0,GAUSSIAN_STARLET,1.9285714285714288,0.4743938804615584,0.7337076398636455,0.7402835747692628,0.013094775055101777,0.7925580189290807
4.0,GAUSSIAN_STARLET,1.8571428571428577,0.5007130818099312,0.7055169894044574,0.7402835747692628,0.013094775055101777,0.7925580189290807
4.0,GAUSSIAN_STARLET,1.7857142857142865,0.5263840269674576,0.6816655473472129,0.7402835747692628,0.013094775055101777,0.7925580189290807
4.0,GAUSSIAN_STARLET,1.7142857142857144,0.5529625307921691,0.6488665753841473,0.7402835747692628,0.013094775055101777,0.7925580189290807
4.0,GAUSSIAN_STARLET,1.6428571428571432,0.5750032412809543,0.6152032181994729,0.7402835747692628,0.013094775055101777,0.7925580189290807
4.0,GAUSSIAN_STARLET,1.571428571428572,0.5985997666277713,0.5833965125094769,0.7402835747692628,0.013094775055101777,0.7925580189290807
4.0,GAUSSIAN_STARLET,1.5,0.6234928043562816,0.5554400554400555,0.7402835747692628,0.013094775055101777,0.7925580189290807
4.0,GAUSSIAN_STARLET,1.4285714285714288,0.6437183975106963,0.5225215744053884,0.7402835747692628,0.013094775055101777,0.7925580189290807
4.0,GAUSSIAN_STARLET,1.3571428571428577,0.6648515493322962,0.4904830224772836,0.7402835747692628,0.013094775055101777,0.7925580189290807
4.0,GAUSSIAN_STARLET,1.2857142857142865,0.6835213276286789,0.4577580967265781,0.7402835747692628,0.013094775055101777,0.7925580189290807
4.0,GAUSSIAN_STARLET,1.2142857142857144,0.7025800596395696,0.4256204838202953,0.7402835747692628,0.013094775055101777,0.7925580189290807
4.0,GAUSSIAN_STARLET,1.1428571428571432,0.7177492545053805,0.3959093184581277,0.7402835747692628,0.013094775055101777,0.7925580189290807
4.0,GAUSSIAN_STARLET,1.071428571428572,0.7301957733696357,0.367096858297484,0.7402835747692628,0.013094775055101777,0.7925580189290807
4.0,GAUSSIAN_STARLET,1.0,0.7440684558537534,0.3410184800047537,0.7402835747692628,0.013094775055101777,0.7925580189290807
4.0,GAUSSIAN_STARLET,0.9285714285714288,0.75431090366913,0.3156467013888889,0.7402835747692628,0.013094775055101777,0.7925580189290807
4.0,GAUSSIAN_STARLET,0.8571428571428577,0.7637754440554907,0.2921688240837177,0.7402835747692628,0.013094775055101777,0.7925580189290807
4.0,GAUSSIAN_STARLET,0.7857142857142865,0.7722027745364968,0.27128216807105443,0.7402835747692628,0.013094775055101777,0.7925580189290807
4.0,GAUSSIAN_STARLET,0.7142857142857144,0.7786853364449631,0.25228933882214566,0.7402835747692628,0.013094775055101777,0.7925580189290807
4.0,GAUSSIAN_STARLET,0.6428571428571432,0.7837417347335667,0.23423877242608596,0.7402835747692628,0.013094775055101777,0.7925580189290807
4.0,GAUSSIAN_STARLET,0.5714285714285721,0.7877609231168158,0.21728712942102063,0.7402835747692628,0.013094775055101777,0.7925580189290807
4.0,GAUSSIAN_STARLET,0.5,0.7911318553092183,0.20224719101123595,0.7402835747692628,0.013094775055101777,0.7925580189290807
4.0,GAUSSIAN_STARLET,0.4285714285714288,0.7928173214054194,0.18847280012328557,0.7402835747692628,0.013094775055101777,0.7925580189290807
4.0,GAUSSIAN_STARLET,0.35714285714285765,0.7943731362634513,0.17652482065170416,0.7402835747692628,0.013094775055101777,0.7925580189290807
4.0,GAUSSIAN_STARLET,0.2857142857142865,0.7960586023596525,0.16586973552692005,0.7402835747692628,0.013094775055101777,0.7925580189290807
4.0,GAUSSIAN_STARLET,0.2142857142857144,0.7974847659795151,0.15630717625533644,0.7402835747692628,0.013094775055101777,0.7925580189290807
4.0,GAUSSIAN_STARLET,0.14285714285714324,0.7985219758848697,0.14811341173075535,0.7402835747692628,0.013094775055101777,0.7925580189290807
4.0,GAUSSIAN_STARLET,0.07142857142857206,0.799818488266563,0.14083188749885855,0.7402835747692628,0.013094775055101777,0.7925580189290807
4.0,GAUSSIAN_STARLET,0.0,0.8005963956955789,0.13444371870237318,0.7402835747692628,0.013094775055101777,0.7925580189290807
4.0,GAUSSIAN_STARLET,-0.07142857142857117,0.8005963956955789,0.1315116922945862,0.7402835747692628,0.013094775055101777,0.7925580189290807
4.0,GAUSSIAN_STARLET,-0.14285714285714235,0.8005963956955789,0.12871823734183813,0.7402835747692628,0.013094775055101777,0.7925580189290807
4.0,GAUSSIAN_STARLET,-0.21428571428571352,0.8007260469337483,0.1262779095444508,0.7402835747692628,0.013094775055101777,0.7925580189290807
4.0,GAUSSIAN_STARLET,-0.2857142857142847,0.8007260469337483,0.12435817409338945,0.7402835747692628,0.013094775055101777,0.7925580189290807
4.0,GAUSSIAN_STARLET,-0.3571428571428559,0.8007260469337483,0.12260049627791564,0.7402835747692628,0.013094775055101777,0.7925580189290807
4.0,GAUSSIAN_STARLET,-0.4285714285714288,0.8007260469337483,0.12120974231154201,0.7402835747692628,0.013094775055101777,0.7925580189290807
4.0,GAUSSIAN_STARLET,-0.5,0.8007260469337483,0.1200155460551885,0.7402835747692628,0.013094775055101777,0.7925580189290807
4.0,MCALENS,8.0,0.013094775055101777,1.0,0.7289154934923333,0.013094775055101777,0.7925580189290807
4.0,MCALENS,7.928571428571429,0.014002333722287048,1.0,0.7289154934923333,0.013094775055101777,0.7925580189290807
4.0,MCALENS,7.857142857142857,0.01490989238947232,1.0,0.7289154934923333,0.013094775055101777,0.7925580189290807
4.0,MCALENS,7.785714285714286,0.015558148580318941,1.0,0.7289154934923333,0.013094775055101777,0.7925580189290807
4.0,MCALENS,7.714285714285714,0.01607675353299624,1.0,0.7289154934923333,0.013094775055101777,0.7925580189290807
4.0,MCALENS,7.642857142857143,0.01698431220018151,1.0,0.7289154934923333,0.013094775055101777,0.7925580189290807
4.0,MCALENS,7.571428571428571,0.018151173343705432,1.0,0.7289154934923333,0.013094775055101777,0.7925580189290807
4.0,MCALENS,7.5,0.019447685725398678,1.0,0.7289154934923333,0.013094775055101777,0.7925580189290807
4.0,MCALENS,7.428571428571429,0.019966290678075975,1.0,0.7289154934923333,0.013094775055101777,0.7925580189290807
4.0,MCALENS,7.357142857142858,0.021392454297938544,1.0,0.7289154934923333,0.013094775055101777,0.7925580189290807
4.0,MCALENS,7.285714285714286,0.022948269155970438,1.0,0.7289154934923333,0.013094775055101777,0.7925580189290807
4.0,MCALENS,7.214285714285714,0.023726176584986387,1.0,0.7289154934923333,0.013094775055101777,0.7925580189290807
4.0,MCALENS,7.142857142857143,0.025281991443018282,1.0,0.7289154934923333,0.013094775055101777,0.7925580189290807
4.0,MCALENS,7.071428571428571,0.026319201348372876,1.0,0.7289154934923333,0.013094775055101777,0.7925580189290807
4.0,MCALENS,7.0,0.028393621159082068,1.0,0.7289154934923333,0.013094775055101777,0.7925580189290807
4.0,MCALENS,6.928571428571429,0.03072734344612991,1.0,0.7289154934923333,0.013094775055101777,0.7925580189290807
4.0,MCALENS,6.857142857142858,0.03254246078050045,1.0,0.7289154934923333,0.013094775055101777,0.7925580189290807
4.0,MCALENS,6.785714285714286,0.03357967068585505,1.0,0.7289154934923333,0.013094775055101777,0.7925580189290807
4.0,MCALENS,6.714285714285714,0.03513548554388694,1.0,0.7289154934923333,0.013094775055101777,0.7925580189290807
4.0,MCALENS,6.642857142857143,0.036561649163749516,1.0,0.7289154934923333,0.013094775055101777,0.7925580189290807
4.0,MCALENS,6.571428571428571,0.038636068974458704,1.0,0.7289154934923333,0.013094775055101777,0.7925580189290807
4.0,MCALENS,6.5,0.040062232594321276,0.9935691318327974,0.7289154934923333,0.013094775055101777,0.7925580189290807
4.0,MCALENS,6.428571428571429,0.04174769869052249,0.9938271604938271,0.7289154934923333,0.013094775055101777,0.7925580189290807
4.0,MCALENS,6.357142857142858,0.044340723453908985,0.9941860465116279,0.7289154934923333,0.013094775055101777,0.7925580189290807
4.0,MCALENS,6.285714285714286,0.04680409697912615,0.9944903581267218,0.7289154934923333,0.013094775055101777,0.7925580189290807
4.0,MCALENS,6.214285714285714,0.05004537793335927,0.9948453608247423,0.7289154934923333,0.013094775055101777,0.7925580189290807
4.0,MCALENS,6.142857142857143,0.05276805393491508,0.9951100244498777,0.7289154934923333,0.013094775055101777,0.7925580189290807
4.0,MCALENS,6.071428571428571,0.055620381174640215,0.9930555555555556,0.7289154934923333,0.013094775055101777,0.7925580189290807
4.0,MCALENS,6.0,0.0592506158433813,0.9934782608695653,0.7289154934923333,0.013094775055101777,0.7925580189290807
4.0,MCALENS,5.928571428571429,0.06158433813042915,0.9937238493723849,0.7289154934923333,0.013094775055101777,0.7925580189290807
4.0,MCALENS,5.857142857142858,0.06482561908466226,0.9940357852882704,0.7289154934923333,0.013094775055101777,0.7925580189290807
4.0,MCALENS,5.7857142857142865,0.06884480746791131,0.9906716417910447,0.7289154934923333,0.013094775055101777,0.7925580189290807
4.0,MCALENS,5.714285714285714,0.07338260080383768,0.9826388888888888,0.7289154934923333,0.013094775055101777,0.7925580189290807
4.0,MCALENS,5.642857142857142,0.07714248671074808,0.9834710743801653,0.7289154934923333,0.013094775055101777,0.7925580189290807
4.0,MCALENS,5.571428571428571,0.08051341890315053,0.9841521394611727,0.7289154934923333,0.013094775055101777,0.7925580189290807
4.0,MCALENS,5.5,0.08427330481006094,0.9803921568627451,0.7289154934923333,0.013094775055101777,0.7925580189290807
4.0,MCALENS,5.428571428571429,0.08920005186049526,0.9786628733997155,0.7289154934923333,0.013094775055101777,0.7925580189290807
4.0,MCALENS,5.357142857142858,0.09451575262543757,0.9759036144578314,0.7289154934923333,0.013094775055101777,0.7925580189290807
4.0,MCALENS,5.2857142857142865,0.0994424996758719,0.9758269720101781,0.7289154934923333,0.013094775055101777,0.7925580189290807
4.0,MCALENS,5.214285714285714,0.10670296901335408,0.9682352941176471,0.7289154934923333,0.013094775055101777,0.7925580189290807
4.0,MCALENS,5.142857142857143,0.11383378711266692,0.9680264608599779,0.7289154934923333,0.013094775055101777,0.7925580189290807
4.0,MCALENS,5.071428571428571,0.12174251264099573,0.9680412371134021,0.7289154934923333,0.013094775055101777,0.7925580189290807
4.0,MCALENS,5.0,0.1295215869311552,0.9642857142857143,0.7289154934923333,0.013094775055101777,0.7925580189290807
4.0,MCALENS,4.928571428571429,0.1363931025541294,0.960730593607306,0.7289154934923333,0.013094775055101777,0.7925580189290807
4.0,MCALENS,4.857142857142858,0.14300531570076494,0.9574652777777778,0.7289154934923333,0.013094775055101777,0.7925580189290807
4.0,MCALENS,4.7857142857142865,0.15363671723064956,0.9510433386837881,0.7289154934923333,0.013094775055101777,0.7925580189290807
4.0,MCALENS,4.714285714285714,0.16193439647348631,0.9476479514415781,0.7289154934923333,0.013094775055101777,0.7925580189290807
4.0,MCALENS,4.642857142857143,0.17113963438350835,0.944206008583691,0.7289154934923333,0.013094775055101777,0.7925580189290807
4.0,MCALENS,4.571428571428571,0.1803448722935304,0.9379635873229939,0.7289154934923333,0.013094775055101777,0.7925580189290807
4.0,MCALENS,4.5,0.19136522753792298,0.9359543436905516,0.7289154934923333,0.013094775055101777,0.7925580189290807
4.0,MCALENS,4.428571428571429,0.200959419162453,0.9303721488595438,0.7289154934923333,0.013094775055101777,0.7925580189290807
4.0,MCALENS,4.357142857142858,0.2119797744068456,0.9284497444633731,0.7289154934923333,0.013094775055101777,0.7925580189290807
4.0,MCALENS,4.2857142857142865,0.2231297808894075,0.9252688172043011,0.7289154934923333,0.013094775055101777,0.7925580189290807
4.0,MCALENS,4.214285714285714,0.235316997277324,0.9185222672064778,0.7289154934923333,0.013094775055101777,0.7925580189290807
4.0,MCALENS,4.142857142857143,0.24776351614157915,0.9121718377088306,0.7289154934923333,0.013094775055101777,0.7925580189290807
4.0,MCALENS,4.071428571428571,0.2612472449111889,0.9060251798561151,0.7289154934923333,0.013094775055101777,0.7925580189290807
4.0,MCALENS,4.0,0.27434201996629065,0.9008088548318434,0.7289154934923333,0.013094775055101777,0.7925580189290807
4.0,MCALENS,3.928571428571429,0.2893815635939323,0.8928,0.7289154934923333,0.013094775055101777,0.7925580189290807
4.0,MCALENS,3.8571428571428577,0.30169843122001816,0.8834472285497342,0.7289154934923333,0.013094775055101777,0.7925580189290807
4.0,MCALENS,3.7857142857142856,0.3158304161804745,0.8772056175729204,0.7289154934923333,0.013094775055101777,0.7925580189290807
4.0,MCALENS,3.7142857142857144,0.3324257746661481,0.8659236744343127,0.7289154934923333,0.013094775055101777,0.7925580189290807
4.0,MCALENS,3.6428571428571432,0.34655775962660446,0.8583815028901735,0.7289154934923333,0.013094775055101777,0.7925580189290807
4.0,MCALENS,3.571428571428572,0.3639310255412939,0.8493192133131618,0.7289154934923333,0.013094775055101777,0.7925580189290807
4.0,MCALENS,3.5,0.3733955659276546,0.8362369337979094,0.7289154934923333,0.013094775055101777,0.7925580189290807
4.0,MCALENS,3.428571428571429,0.38636068974458704,0.8243430152143845,0.7289154934923333,0.013094775055101777,0.7925580189290807
4.0,MCALENS,3.3571428571428577,0.39841825489433425,0.8136086841408525,0.7289154934923333,0.013094775055101777,0.7925580189290807
4.0,MCALENS,3.2857142857142856,0.40995721509140415,0.7970758759768086,0.7289154934923333,0.013094775055101777,0.7925580189290807
4.0,MCALENS,3.2142857142857144,0.42123687281213534,0.7836468885672938,0.7289154934923333,0.013094775055101777,0.7925580189290807
4.0,MCALENS,3.1428571428571432,0.4316089718656813,0.7702452568255437,0.7289154934923333,0.013094775055101777,0.7925580189290807
4.0,MCALENS,3.071428571428572,0.44509270063529105,0.7630584574349856,0.7289154934923333,0.013094775055101777,0.7925580189290807
4.0,MCALENS,3.0,0.45702061454686893,0.7492029755579172,0.7289154934923333,0.013094775055101777,0.7925580189290807
4.0,MCALENS,2.928571428571429,0.46817062102943086,0.7331979695431472,0.7289154934923333,0.013094775055101777,0.7925580189290807
4.0,MCALENS,2.8571428571428577,0.4769869052249449,0.7213725490196078,0.7289154934923333,0.013094775055101777,0.7925580189290807
4.0,MCALENS,2.7857142857142856,0.48567353818228964,0.709469696969697,0.7289154934923333,0.013094775055101777,0.7925580189290807
4.0,MCALENS,2.7142857142857144,0.4934526124724491,0.6954138498081491,0.7289154934923333,0.013094775055101777,0.7925580189290807
4.0,MCALENS,2.6428571428571432,0.5029171528588098,0.6817223198594025,0.7289154934923333,0.013094775055101777,0.7925580189290807
4.0,MCALENS,2.571428571428572,0.5104369246726306,0.6685345559517745,0.7289154934923333,0.013094775055101777,0.7925580189290807
4.0,MCALENS,2.5,0.5183456502009595,0.6567017082785808,0.7289154934923333,0.013094775055101777,0.7925580189290807
4.0,MCALENS,2.428571428571429,0.5275508881109815,0.6467970116038786,0.7289154934923333,0.013094775055101777,0.7925580189290807
4.0,MCALENS,2.3571428571428577,0.5346817062102943,0.6352433764633395,0.7289154934923333,0.013094775055101777,0.7925580189290807
4.0,MCALENS,2.2857142857142865,0.5425904317386231,0.6242541766109785,0.7289154934923333,0.013094775055101777,0.7925580189290807
4.0,MCALENS,2.2142857142857144,0.5504991572669519,0.611991928509657,0.7289154934923333,0.013094775055101777,0.7925580189290807
4.0,MCALENS,2.1428571428571432,0.5613898612731751,0.5995569094433675,0.7289154934923333,0.013094775055101777,0.7925580189290807
4.0,MCALENS,2.071428571428572,0.5726695189939064,0.586119957537155,0.7289154934923333,0.013094775055101777,0.7925580189290807
4.0,MCALENS,2.0,0.5821340593802671,0.5726310419589338,0.7289154934923333,0.013094775055101777,0.7925580189290807
4.0,MCALENS,1.9285714285714288,0.5927654609101517,0.5551238465274405,0.7289154934923333,0.013094775055101777,0.7925580189290807
4.0,MCALENS,1.8571428571428577,0.6048230260598989,0.5379381918819188,0.7289154934923333,0.013094775055101777,0.7925580189290807
4.0,MCALENS,1.7857142857142865,0.6194736159730325,0.5228143122879965,0.7289154934923333,0.013094775055101777,0.7925580189290807
4.0,MCALENS,1.7142857142857144,0.631660832360949,0.5044000414121544,0.7289154934923333,0.013094775055101777,0.7925580189290807
4.0,MCALENS,1.6428571428571432,0.6441073512252042,0.48525102559093575,0.7289154934923333,0.013094775055101777,0.7925580189290807
4.0,MCALENS,1.571428571428572,0.6575910799948139,0.4644688644688645,0.7289154934923333,0.013094775055101777,0.7925580189290807
4.0,MCALENS,1.5,0.6699079476208998,0.4430629394614989,0.7289154934923333,0.013094775055101777,0.7925580189290807
4.0,MCALENS,1.4285714285714288,0.6835213276286789,0.4199792878196447,0.7289154934923333,0.013094775055101777,0.7925580189290807
4.0,MCALENS,1.3571428571428577,0.6964864514456113,0.396340563671241,0.7289154934923333,0.013094775055101777,0.7925580189290807
4.0,MCALENS,1.2857142857142865,0.7084143653571892,0.37429784902041374,0.7289154934923333,0.013094775055101777,0.7925580189290807
4.0,MCALENS,1.2142857142857144,0.7198236743160897,0.35026181313481797,0.7289154934923333,0.013094775055101777,0.7925580189290807
4.0,MCALENS,1.1428571428571432,0.7291585634642811,0.32773892773892777,0.7289154934923333,0.013094775055101777,0.7925580189290807
4.0,MCALENS,1.071428571428572,0.7388824063269804,0.3056747479081742,0.7289154934923333,0.013094775055101777,0.7925580189290807
4.0,MCALENS,1.0,0.7487359004278491,0.28526970954356845,0.7289154934923333,0.013094775055101777,0.7925580189290807
4.0,MCALENS,0.9285714285714288,0.7571632309088552,0.2651050887466521,0.7289154934923333,0.013094775055101777,0.7925580189290807
4.0,MCALENS,0.8571428571428577,0.7658498638661999,0.24649474211316977,0.7289154934923333,0.013094775055101777,0.7925580189290807
4.0,MCALENS,0.7857142857142865,0.7719434720601581,0.2292821934688848,0.7289154934923333,0.013094775055101777,0.7925580189290807
4.0,MCALENS,0.7142857142857144,0.7754440554907299,0.2130440977416827,0.7289154934923333,0.013094775055101777,0.7925580189290807
4.0,MCALENS,0.6428571428571432,0.7785556852067937,0.1983943438615039,0.7289154934923333,0.013094775055101777,0.7925580189290807
4.0,MCALENS,0.5714285714285721,0.7816673149228575,0.18542211287098262,0.7289154934923333,0.013094775055101777,0.7925580189290807
4.0,MCALENS,0.5,0.7850382471152599,0.17385437004708854,0.7289154934923333,0.013094775055101777,0.7925580189290807
4.0,MCALENS,0.4285714285714288,0.7868533644496305,0.16340432406235697,0.7289154934923333,0.013094775055101777,0.7925580189290807
4.0,MCALENS,0.35714285714285765,0.7886684817840011,0.15377809237303133,0.7289154934923333,0.013094775055101777,0.7925580189290807
4.0,MCALENS,0.2857142857142865,0.789446389213017,0.14504525964745116,0.7289154934923333,0.013094775055101777,0.7925580189290807
4.0,MCALENS,0.2142857142857144,0.7904835991183716,0.13754596521307555,0.7289154934923333,0.013094775055101777,0.7925580189290807
4.0,MCALENS,0.14285714285714324,0.7913911577855568,0.13095340255728138,0.7289154934923333,0.013094775055101777,0.7925580189290807
4.0,MCALENS,0.07142857142857206,0.7919097627382341,0.12520498524106263,0.7289154934923333,0.013094775055101777,0.7925580189290807
4.0,MCALENS,0.0,0.7925580189290807,0.12010767054385413,0.7289154934923333,0.013094775055101777,0.7925580189290807
4.0,MCALENS,-0.07142857142857117,0.7925580189290807,0.11776831641204462,0.7289154934923333,0.013094775055101777,0.7925580189290807
4.0,MCALENS,-0.14285714285714235,0.7925580189290807,0.11580941555366107,0.7289154934923333,0.013094775055101777,0.7925580189290807
4.0,MCALENS,-0.21428571428571352,0.7925580189290807,0.11422965523684948,0.7289154934923333,0.013094775055101777,0.7925580189290807
4.0,MCALENS,-0.2857142857142847,0.7925580189290807,0.1129464368198363,0.7289154934923333,0.013094775055101777,0.7925580189290807
4.0,MCALENS,-0.3571428571428559,0.7925580189290807,0.11182658007866093,0.7289154934923333,0.013094775055101777,0.7925580189290807
4.0,MCALENS,-0.4285714285714288,0.7925580189290807,0.11096387729170448,0.7289154934923333,0.013094775055101777,0.7925580189290807
4.0,MCALENS,-0.5,0.7925580189290807,0.11021960982294184,0.7289154934923333,0.013094775055101777,0.7925580189290807
4.0,FUSION,8.0,0.0059639569557889275,1.0,0.7535246186365553,0.013094775055101777,0.7925580189290807
4.0,FUSION,7.928571428571429,0.006223259432127577,1.0,0.7535246186365553,0.013094775055101777,0.7925580189290807
4.0,FUSION,7.857142857142857,0.007001166861143524,1.0,0.7535246186365553,0.013094775055101777,0.7925580189290807
4.0,FUSION,7.785714285714286,0.007519771813820822,1.0,0.7535246186365553,0.013094775055101777,0.7925580189290807
4.0,FUSION,7.714285714285714,0.007649423051990146,1.0,0.7535246186365553,0.013094775055101777,0.7925580189290807
4.0,FUSION,7.642857142857143,0.00803837676649812,1.0,0.7535246186365553,0.013094775055101777,0.7925580189290807
4.0,FUSION,7.571428571428571,0.008297679242836769,1.0,0.7535246186365553,0.013094775055101777,0.7925580189290807
4.0,FUSION,7.5,0.008945935433683392,1.0,0.7535246186365553,0.013094775055101777,0.7925580189290807
4.0,FUSION,7.428571428571429,0.00946454038636069,1.0,0.7535246186365553,0.013094775055101777,0.7925580189290807
4.0,FUSION,7.357142857142858,0.009853494100868663,1.0,0.7535246186365553,0.013094775055101777,0.7925580189290807
4.0,FUSION,7.285714285714286,0.010501750291715286,1.0,0.7535246186365553,0.013094775055101777,0.7925580189290807
4.0,FUSION,7.214285714285714,0.011409308958900558,1.0,0.7535246186365553,0.013094775055101777,0.7925580189290807
4.0,FUSION,7.142857142857143,0.01179826267340853,1.0,0.7535246186365553,0.013094775055101777,0.7925580189290807
4.0,FUSION,7.071428571428571,0.012576170102424478,1.0,0.7535246186365553,0.013094775055101777,0.7925580189290807
4.0,FUSION,7.0,0.012965123816932453,1.0,0.7535246186365553,0.013094775055101777,0.7925580189290807
4.0,FUSION,6.928571428571429,0.01348372876960975,1.0,0.7535246186365553,0.013094775055101777,0.7925580189290807
4.0,FUSION,6.857142857142858,0.01490989238947232,1.0,0.7535246186365553,0.013094775055101777,0.7925580189290807
4.0,FUSION,6.785714285714286,0.015428497342149617,1.0,0.7535246186365553,0.013094775055101777,0.7925580189290807
4.0,FUSION,6.714285714285714,0.016465707247504215,1.0,0.7535246186365553,0.013094775055101777,0.7925580189290807
4.0,FUSION,6.642857142857143,0.017632568391028135,1.0,0.7535246186365553,0.013094775055101777,0.7925580189290807
4.0,FUSION,6.571428571428571,0.018540127058213406,1.0,0.7535246186365553,0.013094775055101777,0.7925580189290807
4.0,FUSION,6.5,0.019577336963568,1.0,0.7535246186365553,0.013094775055101777,0.7925580189290807
4.0,FUSION,6.428571428571429,0.020484895630753272,1.0,0.7535246186365553,0.013094775055101777,0.7925580189290807
4.0,FUSION,6.357142857142858,0.021392454297938544,1.0,0.7535246186365553,0.013094775055101777,0.7925580189290807
4.0,FUSION,6.285714285714286,0.022559315441462467,1.0,0.7535246186365553,0.013094775055101777,0.7925580189290807
4.0,FUSION,6.214285714285714,0.02437443277583301,1.0,0.7535246186365553,0.013094775055101777,0.7925580189290807
4.0,FUSION,6.142857142857143,0.025022688966679633,1.0,0.7535246186365553,0.013094775055101777,0.7925580189290807
4.0,FUSION,6.071428571428571,0.026578503824711525,1.0,0.7535246186365553,0.013094775055101777,0.7925580189290807
4.0,FUSION,6.0,0.028004667444574097,1.0,0.7535246186365553,0.013094775055101777,0.7925580189290807
4.0,FUSION,5.928571428571429,0.02956048230260599,1.0,0.7535246186365553,0.013094775055101777,0.7925580189290807
4.0,FUSION,5.857142857142858,0.03150525087514586,1.0,0.7535246186365553,0.013094775055101777,0.7925580189290807
4.0,FUSION,5.7857142857142865,0.0328017632568391,1.0,0.7535246186365553,0.013094775055101777,0.7925580189290807
4.0,FUSION,5.714285714285714,0.03448722935304032,1.0,0.7535246186365553,0.013094775055101777,0.7925580189290807
4.0,FUSION,5.642857142857142,0.03669130040191884,0.9929824561403509,0.7535246186365553,0.013094775055101777,0.7925580189290807
4.0,FUSION,5.571428571428571,0.038636068974458704,0.9933333333333333,0.7535246186365553,0.013094775055101777,0.7925580189290807
4.0,FUSION,5.5,0.040969791261506544,0.9937106918238994,0.7535246186365553,0.013094775055101777,0.7925580189290807
4.0,FUSION,5.428571428571429,0.04382211850123169,0.9883040935672515,0.7535246186365553,0.013094775055101777,0.7925580189290807
4.0,FUSION,5.357142857142858,0.046285492026448855,0.9889196675900277,0.7535246186365553,0.013094775055101777,0.7925580189290807
4.0,FUSION,5.2857142857142865,0.04887851678983534,0.989501312335958,0.7535246186365553,0.013094775055101777,0.7925580189290807
4.0,FUSION,5.214285714285714,0.05199014650589913,0.9901234567901235,0.7535246186365553,0.013094775055101777,0.7925580189290807
4.0,FUSION,5.142857142857143,0.054064566316608324,0.9904988123515439,0.7535246186365553,0.013094775055101777,0.7925580189290807
4.0,FUSION,5.071428571428571,0.05704654479450279,0.990990990990991,0.7535246186365553,0.013094775055101777,0.7925580189290807
4.0,FUSION,5.0,0.06119538441592117,0.989517819706499,0.7535246186365553,0.013094775055101777,0.7925580189290807
4.0,FUSION,4.928571428571429,0.06521457279917023,0.9901574803149606,0.7535246186365553,0.013094775055101777,0.7925580189290807
4.0,FUSION,4.857142857142858,0.06871515622974199,0.9906542056074766,0.7535246186365553,0.013094775055101777,0.7925580189290807
4.0,FUSION,4.7857142857142865,0.07260469337482173,0.9893992932862191,0.7535246186365553,0.013094775055101777,0.7925580189290807
4.0,FUSION,4.714285714285714,0.07753144042525606,0.985172981878089,0.7535246186365553,0.013094775055101777,0.7925580189290807
4.0,FUSION,4.642857142857143,0.08077272137948917,0.9826498422712934,0.7535246186365553,0.013094775055101777,0.7925580189290807
4.0,FUSION,4.571428571428571,0.08453260728639958,0.9804511278195489,0.7535246186365553,0.013094775055101777,0.7925580189290807
4.0,FUSION,4.5,0.0888110981459873,0.9771754636233951,0.7535246186365553,0.013094775055101777,0.7925580189290807
4.0,FUSION,4.428571428571429,0.09490470633994555,0.973404255319149,0.7535246186365553,0.013094775055101777,0.7925580189290807
4.0,FUSION,4.357142857142858,0.10073901205756515,0.97125,0.7535246186365553,0.013094775055101777,0.7925580189290807
4.0,FUSION,4.2857142857142865,0.1068326202515234,0.9705535924617197,0.7535246186365553,0.013094775055101777,0.7925580189290807
4.0,FUSION,4.214285714285714,0.11603785816154544,0.9665226781857451,0.7535246186365553,0.013094775055101777,0.7925580189290807
4.0,FUSION,4.142857142857143,0.12550239854790612,0.9641434262948207,0.7535246186365553,0.013094775055101777,0.7925580189290807
4.0,FUSION,4.071428571428571,0.13444833398158954,0.9637546468401487,0.7535246186365553,0.013094775055101777,0.7925580189290807
4.0,FUSION,4.0,0.1423570595099183,0.9631578947368421,0.7535246186365553,0.013094775055101777,0.7925580189290807
4.0,FUSION,3.928571428571429,0.15052508751458576,0.9579207920792079,0.7535246186365553,0.013094775055101777,0.7925580189290807
4.0,FUSION,3.8571428571428577,0.15998962790094645,0.9558481797056545,0.7535246186365553,0.013094775055101777,0.7925580189290807
4.0,FUSION,3.7857142857142856,0.17088033190716972,0.9482014388489208,0.7535246186365553,0.013094775055101777,0.7925580189290807
4.0,FUSION,3.7142857142857144,0.18008556981719176,0.9448979591836735,0.7535246186365553,0.013094775055101777,0.7925580189290807
4.0,FUSION,3.6428571428571432,0.19136522753792298,0.9419272495213784,0.7535246186365553,0.013094775055101777,0.7925580189290807
4.0,FUSION,3.571428571428572,0.20212628030597693,0.9402895054282268,0.7535246186365553,0.013094775055101777,0.7925580189290807
4.0,FUSION,3.5,0.21548035783741734,0.9342327150084317,0.7535246186365553,0.013094775055101777,0.7925580189290807
4.0,FUSION,3.428571428571429,0.22909373784519643,0.928533893851813,0.7535246186365553,0.013094775055101777,0.7925580189290807
4.0,FUSION,3.3571428571428577,0.2427071178529755,0.9226219812715624,0.7535246186365553,0.013094775055101777,0.7925580189290807
4.0,FUSION,3.2857142857142856,0.25580189290807726,0.9130032392410921,0.7535246186365553,0.013094775055101777,0.7925580189290807
4.0,FUSION,3.2142857142857144,0.27148969272656553,0.9092488059053409,0.7535246186365553,0.013094775055101777,0.7925580189290807
4.0,FUSION,3.1428571428571432,0.28691819006871516,0.9014256619144603,0.7535246186365553,0.013094775055101777,0.7925580189290807
4.0,FUSION,3.071428571428572,0.3014391287436795,0.8942307692307693,0.7535246186365553,0.013094775055101777,0.7925580189290807
4.0,FUSION,3.0,0.3157007649423052,0.8835268505079826,0.7535246186365553,0.013094775055101777,0.7925580189290807
4.0,FUSION,2.928571428571429,0.33540775314404253,0.8733963538149899,0.7535246186365553,0.013094775055101777,0.7925580189290807
4.0,FUSION,2.8571428571428577,0.3534292752495786,0.863477985429205,0.7535246186365553,0.013094775055101777,0.7925580189290807
4.0,FUSION,2.7857142857142856,0.37041358744976016,0.851057491808162,0.7535246186365553,0.013094775055101777,0.7925580189290807
4.0,FUSION,2.7142857142857144,0.3872682484117723,0.8414084507042253,0.7535246186365553,0.013094775055101777,0.7925580189290807
4.0,FUSION,2.6428571428571432,0.40114093089589004,0.8246268656716418,0.7535246186365553,0.013094775055101777,0.7925580189290807
4.0,FUSION,2.571428571428572,0.41760663814339427,0.8088900050226017,0.7535246186365553,0.013094775055101777,0.7925580189290807
4.0,FUSION,2.5,0.43329443796188255,0.79288256227758,0.7535246186365553,0.013094775055101777,0.7925580189290807
4.0,FUSION,2.428571428571429,0.44898223778037083,0.7769800314112632,0.7535246186365553,0.013094775055101777,0.7925580189290807
4.0,FUSION,2.3571428571428577,0.46518864255153636,0.7590437909879416,0.7535246186365553,0.013094775055101777,0.7925580189290807
4.0,FUSION,2.2857142857142865,0.48152469856087127,0.739988045427376,0.7535246186365553,0.013094775055101777,0.7925580189290807
4.0,FUSION,2.2142857142857144,0.5029171528588098,0.7255892255892256,0.7535246186365553,0.013094775055101777,0.7925580189290807
4.0,FUSION,2.1428571428571432,0.5201607675353299,0.7097116575269768,0.7535246186365553,0.013094775055101777,0.7925580189290807
4.0,FUSION,2.071428571428572,0.5355892648774796,0.686897239773861,0.7535246186365553,0.013094775055101777,0.7925580189290807
4.0,FUSION,2.0,0.5504991572669519,0.6639562157935888,0.7535246186365553,0.013094775055101777,0.7925580189290807
4.0,FUSION,1.9285714285714288,0.5682613768961493,0.6433289299867899,0.7535246186365553,0.013094775055101777,0.7925580189290807
4.0,FUSION,1.8571428571428577,0.5848567353818229,0.6201539730547154,0.7535246186365553,0.013094775055101777,0.7925580189290807
4.0,FUSION,1.7857142857142865,0.6043044211072216,0.6000257466529351,0.7535246186365553,0.013094775055101777,0.7925580189290807
4.0,FUSION,1.7142857142857144,0.6211590820692338,0.5778555059703293,0.7535246186365553,0.013094775055101777,0.7925580189290807
4.0,FUSION,1.6428571428571432,0.636457928173214,0.5520692757534863,0.7535246186365553,0.013094775055101777,0.7925580189290807
4.0,FUSION,1.571428571428572,0.6504602618955011,0.5289404322614655,0.7535246186365553,0.013094775055101777,0.7925580189290807
4.0,FUSION,1.5,0.6657591079994813,0.5033820213704538,0.7535246186365553,0.013094775055101777,0.7925580189290807
4.0,FUSION,1.4285714285714288,0.6820951640088163,0.4776214253290967,0.7535246186365553,0.013094775055101777,0.7925580189290807
4.0,FUSION,1.3571428571428577,0.6966161026837806,0.4506794162053347,0.7535246186365553,0.013094775055101777,0.7925580189290807
4.0,FUSION,1.2857142857142865,0.7089329703098665,0.4237774161047818,0.7535246186365553,0.013094775055101777,0.7925580189290807
4.0,FUSION,1.2142857142857144,0.7220277453649683,0.3960036976463059,0.7535246186365553,0.013094775055101777,0.7925580189290807
4.0,FUSION,1.1428571428571432,0.7316219369894983,0.369935754556182,0.7535246186365553,0.013094775055101777,0.7925580189290807
4.0,FUSION,1.071428571428572,0.7429015947102294,0.34457874797041316,0.7535246186365553,0.013094775055101777,0.7925580189290807
4.0,FUSION,1.0,0.7524957863347594,0.32101769911504424,0.7535246186365553,0.013094775055101777,0.7925580189290807
4.0,FUSION,0.9285714285714288,0.7619603267211202,0.29879505821343233,0.7535246186365553,0.013094775055101777,0.7925580189290807
4.0,FUSION,0.8571428571428577,0.770258005963957,0.2784365187233444,0.7535246186365553,0.013094775055101777,0.7925580189290807
4.0,FUSION,0.7857142857142865,0.7762219629197459,0.25823844030365767,0.7535246186365553,0.013094775055101777,0.7925580189290807
4.0,FUSION,0.7142857142857144,0.7805004537793336,0.2402330500019953,0.7535246186365553,0.013094775055101777,0.7925580189290807
4.0,FUSION,0.6428571428571432,0.7855568520679372,0.22382711488732915,0.7535246186365553,0.013094775055101777,0.7925580189290807
4.0,FUSION,0.5714285714285721,0.7887981330221704,0.20770885254856442,0.7535246186365553,0.013094775055101777,0.7925580189290807
4.0,FUSION,0.5,0.7925580189290807,0.19424231832480696,0.7535246186365553,0.013094775055101777,0.7925580189290807
4.0,FUSION,0.4285714285714288,0.7941138337871126,0.18163216891050352,0.7535246186365553,0.013094775055101777,0.7925580189290807
4.0,FUSION,0.35714285714285765,0.7954103461688059,0.17001053039960096,0.7535246186365553,0.013094775055101777,0.7925580189290807
4.0,FUSION,0.2857142857142865,0.7973551147413458,0.16011455350169226,0.7535246186365553,0.013094775055101777,0.7925580189290807
4.0,FUSION,0.2142857142857144,0.7985219758848697,0.1511559416875276,0.7535246186365553,0.013094775055101777,0.7925580189290807
4.0,FUSION,0.14285714285714324,0.8000777907429016,0.1434949424485525,0.7535246186365553,0.013094775055101777,0.7925580189290807
4.0,FUSION,0.07142857142857206,0.8005963956955789,0.13654556309842336,0.7535246186365553,0.013094775055101777,0.7925580189290807
4.0,FUSION,0.0,0.8016336056009334,0.1305587229190422,0.7535246186365553,0.013094775055101777,0.7925580189290807
4.0,FUSION,-0.07142857142857117,0.8016336056009334,0.12775585263549394,0.7535246186365553,0.013094775055101777,0.7925580189290807
4.0,FUSION,-0.14285714285714235,0.8016336056009334,0.1251340794559916,0.7535246186365553,0.013094775055101777,0.7925580189290807
4.0,FUSION,-0.21428571428571352,0.8016336056009334,0.12285895958351548,0.7535246186365553,0.013094775055101777,0.7925580189290807
4.0,FUSION,-0.2857142857142847,0.8016336056009334,0.12090576663603121,0.7535246186365553,0.013094775055101777,0.7925580189290807
4.0,FUSION,-0.3571428571428559,0.8016336056009334,0.11926163104698712,0.7535246186365553,0.013094775055101777,0.7925580189290807
4.0,FUSION,-0.4285714285714288,0.8016336056009334,0.11798267373964813,0.7535246186365553,0.013094775055101777,0.7925580189290807
4.0,FUSION,-0.5,0.8016336056009334,0.11690963752907142,0.7535246186365553,0.013094775055101777,0.7925580189290807
6.0,GAUSSIAN_STARLET,8.0,0.0019273127753303965,1.0,0.7292394633451298,0.0052312775330396475,0.7712004405286343
6.0,GAUSSIAN_STARLET,7.928571428571429,0.0019273127753303965,1.0,0.7292394633451298,0.0052312775330396475,0.7712004405286343
6.0,GAUSSIAN_STARLET,7.857142857142857,0.0022026431718061676,1.0,0.7292394633451298,0.0052312775330396475,0.7712004405286343
6.0,GAUSSIAN_STARLET,7.785714285714286,0.0022026431718061676,1.0,0.7292394633451298,0.0052312775330396475,0.7712004405286343
6.0,GAUSSIAN_STARLET,7.714285714285714,0.0022026431718061676,1.0,0.7292394633451298,0.0052312775330396475,0.7712004405286343
6.0,GAUSSIAN_STARLET,7.642857142857143,0.0022026431718061676,1.0,0.7292394633451298,0.0052312775330396475,0.7712004405286343
6.0,GAUSSIAN_STARLET,7.571428571428571,0.0022026431718061676,1.0,0.7292394633451298,0.0052312775330396475,0.7712004405286343
6.0,GAUSSIAN_STARLET,7.5,0.0027533039647577094,1.0,0.7292394633451298,0.0052312775330396475,0.7712004405286343
6.0,GAUSSIAN_STARLET,7.428571428571429,0.0027533039647577094,1.0,0.7292394633451298,0.0052312775330396475,0.7712004405286343
6.0,GAUSSIAN_STARLET,7.357142857142858,0.0027533039647577094,1.0,0.7292394633451298,0.0052312775330396475,0.7712004405286343
6.0,GAUSSIAN_STARLET,7.285714285714286,0.0027533039647577094,1.0,0.7292394633451298,0.0052312775330396475,0.7712004405286343
6.0,GAUSSIAN_STARLET,7.214285714285714,0.0030286343612334803,1.0,0.7292394633451298,0.0052312775330396475,0.7712004405286343
6.0,GAUSSIAN_STARLET,7.142857142857143,0.003303964757709251,1.0,0.7292394633451298,0.0052312775330396475,0.7712004405286343
6.0,GAUSSIAN_STARLET,7.071428571428571,0.003579295154185022,1.0,0.7292394633451298,0.0052312775330396475,0.7712004405286343
6.0,GAUSSIAN_STARLET,7.0,0.004129955947136564,1.0,0.7292394633451298,0.0052312775330396475,0.7712004405286343
6.0,GAUSSIAN_STARLET,6.928571428571429,0.004405286343612335,1.0,0.7292394633451298,0.0052312775330396475,0.7712004405286343
6.0,GAUSSIAN_STARLET,6.857142857142858,0.004680616740088106,1.0,0.7292394633451298,0.0052312775330396475,0.7712004405286343
6.0,GAUSSIAN_STARLET,6.785714285714286,0.004680616740088106,1.0,0.7292394633451298,0.0052312775330396475,0.7712004405286343
6.0,GAUSSIAN_STARLET,6.714285714285714,0.004680616740088106,1.0,0.7292394633451298,0.0052312775330396475,0.7712004405286343
6.0,GAUSSIAN_STARLET,6.642857142857143,0.005506607929515419,1.0,0.7292394633451298,0.0052312775330396475,0.7712004405286343
6.0,GAUSSIAN_STARLET,6.571428571428571,0.006057268722466961,1.0,0.7292394633451298,0.0052312775330396475,0.7712004405286343
6.0,GAUSSIAN_STARLET,6.5,0.006883259911894273,1.0,0.7292394633451298,0.0052312775330396475,0.7712004405286343
6.0,GAUSSIAN_STARLET,6.428571428571429,0.007158590308370044,1.0,0.7292394633451298,0.0052312775330396475,0.7712004405286343
6.0,GAUSSIAN_STARLET,6.357142857142858,0.007709251101321586,1.0,0.7292394633451298,0.0052312775330396475,0.7712004405286343
6.0,GAUSSIAN_STARLET,6.285714285714286,0.008259911894273128,1.0,0.7292394633451298,0.0052312775330396475,0.7712004405286343
6.0,GAUSSIAN_STARLET,6.214285714285714,0.00881057268722467,1.0,0.7292394633451298,0.0052312775330396475,0.7712004405286343
6.0,GAUSSIAN_STARLET,6.142857142857143,0.009636563876651983,1.0,0.7292394633451298,0.0052312775330396475,0.7712004405286343
6.0,GAUSSIAN_STARLET,6.071428571428571,0.010187224669603524,1.0,0.7292394633451298,0.0052312775330396475,0.7712004405286343
6.0,GAUSSIAN_STARLET,6.0,0.011288546255506607,1.0,0.7292394633451298,0.0052312775330396475,0.7712004405286343
6.0,GAUSSIAN_STARLET,5.928571428571429,0.01183920704845815,1.0,0.7292394633451298,0.0052312775330396475,0.7712004405286343
6.0,GAUSSIAN_STARLET,5.857142857142858,0.01238986784140969,1.0,0.7292394633451298,0.0052312775330396475,0.7712004405286343
6.0,GAUSSIAN_STARLET,5.7857142857142865,0.013215859030837005,1.0,0.7292394633451298,0.0052312775330396475,0.7712004405286343
6.0,GAUSSIAN_STARLET,5.714285714285714,0.01486784140969163,1.0,0.7292394633451298,0.0052312775330396475,0.7712004405286343
6.0,GAUSSIAN_STARLET,5.642857142857142,0.0151431718061674,0.9821428571428571,0.7292394633451298,0.0052312775330396475,0.7712004405286343
6.0,GAUSSIAN_STARLET,5.571428571428571,0.016244493392070486,0.9833333333333333,0.7292394633451298,0.0052312775330396475,0.7712004405286343
6.0,GAUSSIAN_STARLET,5.5,0.016795154185022025,0.9838709677419355,0.7292394633451298,0.0052312775330396475,0.7712004405286343
6.0,GAUSSIAN_STARLET,5.428571428571429,0.01789647577092511,0.9848484848484849,0.7292394633451298,0.0052312775330396475,0.7712004405286343
6.0,GAUSSIAN_STARLET,5.357142857142858,0.020099118942731278,0.9864864864864865,0.7292394633451298,0.0052312775330396475,0.7712004405286343
6.0,GAUSSIAN_STARLET,5.2857142857142865,0.021475770925110133,0.9873417721518988,0.7292394633451298,0.0052312775330396475,0.7712004405286343
6.0,GAUSSIAN_STARLET,5.214285714285714,0.022026431718061675,0.9876543209876543,0.7292394633451298,0.0052312775330396475,0.7712004405286343
6.0,GAUSSIAN_STARLET,5.142857142857143,0.02340308370044053,0.9883720930232558,0.7292394633451298,0.0052312775330396475,0.7712004405286343
6.0,GAUSSIAN_STARLET,5.071428571428571,0.02477973568281938,0.989010989010989,0.7292394633451298,0.0052312775330396475,0.7712004405286343
6.0,GAUSSIAN_STARLET,5.0,0.02643171806167401,0.9896907216494846,0.7292394633451298,0.0052312775330396475,0.7712004405286343
6.0,GAUSSIAN_STARLET,4.928571428571429,0.02753303964757709,0.9803921568627451,0.7292394633451298,0.0052312775330396475,0.7712004405286343
6.0,GAUSSIAN_STARLET,4.857142857142858,0.028909691629955946,0.9813084112149533,0.7292394633451298,0.0052312775330396475,0.7712004405286343
6.0,GAUSSIAN_STARLET,4.7857142857142865,0.030561674008810574,0.9823008849557522,0.7292394633451298,0.0052312775330396475,0.7712004405286343
6.0,GAUSSIAN_STARLET,4.714285714285714,0.033314977973568284,0.983739837398374,0.7292394633451298,0.0052312775330396475,0.7712004405286343
6.0,GAUSSIAN_STARLET,4.642857142857143,0.03661894273127753,0.9779411764705882,0.7292394633451298,0.0052312775330396475,0.7712004405286343
6.0,GAUSSIAN_STARLET,4.571428571428571,0.03937224669603524,0.9794520547945206,0.7292394633451298,0.0052312775330396475,0.7712004405286343
6.0,GAUSSIAN_STARLET,4.5,0.04212555066079295,0.9807692307692307,0.7292394633451298,0.0052312775330396475,0.7712004405286343
6.0,GAUSSIAN_STARLET,4.428571428571429,0.046255506607929514,0.9767441860465116,0.7292394633451298,0.0052312775330396475,0.7712004405286343
6.0,GAUSSIAN_STARLET,4.357142857142858,0.051211453744493395,0.9789473684210527,0.7292394633451298,0.0052312775330396475,0.7712004405286343
6.0,GAUSSIAN_STARLET,4.2857142857142865,0.054515418502202644,0.9753694581280788,0.7292394633451298,0.0052312775330396475,0.7712004405286343
6.0,GAUSSIAN_STARLET,4.214285714285714,0.058645374449339205,0.9770642201834863,0.7292394633451298,0.0052312775330396475,0.7712004405286343
6.0,GAUSSIAN_STARLET,4.142857142857143,0.06305066079295155,0.9744680851063829,0.7292394633451298,0.0052312775330396475,0.7712004405286343
6.0,GAUSSIAN_STARLET,4.071428571428571,0.06773127753303965,0.9723320158102767,0.7292394633451298,0.0052312775330396475,0.7712004405286343
6.0,GAUSSIAN_STARLET,4.0,0.07158590308370044,0.9701492537313433,0.7292394633451298,0.0052312775330396475,0.7712004405286343
6.0,GAUSSIAN_STARLET,3.928571428571429,0.07626651982378854,0.9685314685314685,0.7292394633451298,0.0052312775330396475,0.7712004405286343
6.0,GAUSSIAN_STARLET,3.8571428571428577,0.08012114537444934,0.97,0.7292394633451298,0.0052312775330396475,0.7712004405286343
6.0,GAUSSIAN_STARLET,3.7857142857142856,0.0881057268722467,0.963855421686747,0.7292394633451298,0.0052312775330396475,0.7712004405286343
6.0,GAUSSIAN_STARLET,3.7142857142857144,0.09498898678414097,0.9663865546218487,0.7292394633451298,0.0052312775330396475,0.7712004405286343
6.0,GAUSSIAN_STARLET,3.6428571428571432,0.10187224669603524,0.9635416666666666,0.7292394633451298,0.0052312775330396475,0.7712004405286343
6.0,GAUSSIAN_STARLET,3.571428571428572,0.10903083700440529,0.9588377723970944,0.7292394633451298,0.0052312775330396475,0.7712004405286343
6.0,GAUSSIAN_STARLET,3.5,0.11756607929515418,0.9510022271714922,0.7292394633451298,0.0052312775330396475,0.7712004405286343
6.0,GAUSSIAN_STARLET,3.428571428571429,0.12555066079295155,0.9440993788819876,0.7292394633451298,0.0052312775330396475,0.7712004405286343
6.0,GAUSSIAN_STARLET,3.3571428571428577,0.13656387665198239,0.9447619047619048,0.7292394633451298,0.0052312775330396475,0.7712004405286343
6.0,GAUSSIAN_STARLET,3.2857142857142856,0.14647577092511013,0.9382716049382716,0.7292394633451298,0.0052312775330396475,0.7712004405286343
6.0,GAUSSIAN_STARLET,3.2142857142857144,0.15556167400881057,0.9308072487644151,0.7292394633451298,0.0052312775330396475,0.7712004405286343
6.0,GAUSSIAN_STARLET,3.1428571428571432,0.1696035242290749,0.927710843373494,0.7292394633451298,0.0052312775330396475,0.7712004405286343
6.0,GAUSSIAN_STARLET,3.071428571428572,0.18034140969162996,0.9251412429378532,0.7292394633451298,0.0052312775330396475,0.7712004405286343
6.0,GAUSSIAN_STARLET,3.0,0.19658590308370044,0.9153846153846154,0.7292394633451298,0.0052312775330396475,0.7712004405286343
6.0,GAUSSIAN_STARLET,2.928571428571429,0.21200440528634362,0.9090909090909091,0.7292394633451298,0.0052312775330396475,0.7712004405286343
6.0,GAUSSIAN_STARLET,2.8571428571428577,0.2321035242290749,0.895855472901169,0.7292394633451298,0.0052312775330396475,0.7712004405286343
6.0,GAUSSIAN_STARLET,2.7857142857142856,0.2516519823788546,0.8856589147286822,0.7292394633451298,0.0052312775330396475,0.7712004405286343
6.0,GAUSSIAN_STARLET,2.7142857142857144,0.27230176211453744,0.8783303730017762,0.7292394633451298,0.0052312775330396475,0.7712004405286343
6.0,GAUSSIAN_STARLET,2.6428571428571432,0.29240088105726875,0.8578352180936996,0.7292394633451298,0.0052312775330396475,0.7712004405286343
6.0,GAUSSIAN_STARLET,2.571428571428572,0.31332599118942733,0.8448403860430587,0.7292394633451298,0.0052312775330396475,0.7712004405286343
6.0,GAUSSIAN_STARLET,2.5,0.33370044052863435,0.8261758691206544,0.7292394633451298,0.0052312775330396475,0.7712004405286343
6.0,GAUSSIAN_STARLET,2.428571428571429,0.3568281938325991,0.806471686372122,0.7292394633451298,0.0052312775330396475,0.7712004405286343
6.0,GAUSSIAN_STARLET,2.3571428571428577,0.3794052863436123,0.7816222348269994,0.7292394633451298,0.0052312775330396475,0.7712004405286343
6.0,GAUSSIAN_STARLET,2.2857142857142865,0.4033590308370044,0.7646137787056367,0.7292394633451298,0.0052312775330396475,0.7712004405286343
6.0,GAUSSIAN_STARLET,2.2142857142857144,0.4264867841409692,0.7383222116301239,0.7292394633451298,0.0052312775330396475,0.7712004405286343
6.0,GAUSSIAN_STARLET,2.1428571428571432,0.4518171806167401,0.7147212543554007,0.7292394633451298,0.0052312775330396475,0.7712004405286343
6.0,GAUSSIAN_STARLET,2.071428571428572,0.47577092511013214,0.6906474820143885,0.7292394633451298,0.0052312775330396475,0.7712004405286343
6.0,GAUSSIAN_STARLET,2.0,0.5019273127753304,0.6685001833516685,0.7292394633451298,0.0052312775330396475,0.7712004405286343
6.0,GAUSSIAN_STARLET,1.9285714285714288,0.5291850220264317,0.6408802934311437,0.7292394633451298,0.0052312775330396475,0.7712004405286343
6.0,GAUSSIAN_STARLET,1.8571428571428577,0.5558920704845814,0.6101541251133273,0.7292394633451298,0.0052312775330396475,0.7712004405286343
6.0,GAUSSIAN_STARLET,1.7857142857142865,0.5850770925110133,0.5796508456082924,0.7292394633451298,0.0052312775330396475,0.7712004405286343
6.0,GAUSSIAN_STARLET,1.7142857142857144,0.6098568281938326,0.5479960415635824,0.7292394633451298,0.0052312775330396475,0.7712004405286343
6.0,GAUSSIAN_STARLET,1.6428571428571432,0.6305066079295154,0.5164636896707262,0.7292394633451298,0.0052312775330396475,0.7712004405286343
6.0,GAUSSIAN_STARLET,1.571428571428572,0.6506057268722467,0.48771929824561405,0.7292394633451298,0.0052312775330396475,0.7712004405286343
6.0,GAUSSIAN_STARLET,1.5,0.670704845814978,0.4585843373493976,0.7292394633451298,0.0052312775330396475,0.7712004405286343
6.0,GAUSSIAN_STARLET,1.4285714285714288,0.6869493392070485,0.42825266048746996,0.7292394633451298,0.0052312775330396475,0.7712004405286343
6.0,GAUSSIAN_STARLET,1.3571428571428577,0.7012665198237885,0.39865393645327907,0.7292394633451298,0.0052312775330396475,0.7712004405286343
6.0,GAUSSIAN_STARLET,1.2857142857142865,0.711453744493392,0.37014754333190086,0.7292394633451298,0.0052312775330396475,0.7712004405286343
6.0,GAUSSIAN_STARLET,1.2142857142857144,0.7210903083700441,0.3432953204876131,0.7292394633451298,0.0052312775330396475,0.7712004405286343
6.0,GAUSSIAN_STARLET,1.1428571428571432,0.7287995594713657,0.31899252832007713,0.7292394633451298,0.0052312775330396475,0.7712004405286343
6.0,GAUSSIAN_STARLET,1.071428571428572,0.736784140969163,0.2966082908446021,0.7292394633451298,0.0052312775330396475,0.7712004405286343
6.0,GAUSSIAN_STARLET,1.0,0.7433920704845814,0.27486511249109236,0.7292394633451298,0.0052312775330396475,0.7712004405286343
6.0,GAUSSIAN_STARLET,0.9285714285714288,0.748898678414097,0.25482480794453816,0.7292394633451298,0.0052312775330396475,0.7712004405286343
6.0,GAUSSIAN_STARLET,0.8571428571428577,0.7538546255506607,0.2370973328714929,0.7292394633451298,0.0052312775330396475,0.7712004405286343
6.0,GAUSSIAN_STARLET,0.7857142857142865,0.7574339207048458,0.2209816049481886,0.7292394633451298,0.0052312775330396475,0.7712004405286343
6.0,GAUSSIAN_STARLET,0.7142857142857144,0.7601872246696035,0.20567640047675806,0.7292394633451298,0.0052312775330396475,0.7712004405286343
6.0,GAUSSIAN_STARLET,0.6428571428571432,0.7629405286343612,0.19138062020857793,0.7292394633451298,0.0052312775330396475,0.7712004405286343
6.0,GAUSSIAN_STARLET,0.5714285714285721,0.7640418502202643,0.17879002641582373,0.7292394633451298,0.0052312775330396475,0.7712004405286343
6.0,GAUSSIAN_STARLET,0.5,0.7659691629955947,0.1670068435586505,0.7292394633451298,0.0052312775330396475,0.7712004405286343
6.0,GAUSSIAN_STARLET,0.4285714285714288,0.7678964757709251,0.1563866771335651,0.7292394633451298,0.0052312775330396475,0.7712004405286343
6.0,GAUSSIAN_STARLET,0.35714285714285765,0.7689977973568282,0.1472169512966477,0.7292394633451298,0.0052312775330396475,0.7712004405286343
6.0,GAUSSIAN_STARLET,0.2857142857142865,0.7695484581497798,0.13906164485795314,0.7292394633451298,0.0052312775330396475,0.7712004405286343
6.0,GAUSSIAN_STARLET,0.2142857142857144,0.7698237885462555,0.1316260239148856,0.7292394633451298,0.0052312775330396475,0.7712004405286343
6.0,GAUSSIAN_STARLET,0.14285714285714324,0.7700991189427313,0.12507266466931985,0.7292394633451298,0.0052312775330396475,0.7712004405286343
6.0,GAUSSIAN_STARLET,0.07142857142857206,0.7709251101321586,0.11942844956280657,0.7292394633451298,0.0052312775330396475,0.7712004405286343
6.0,GAUSSIAN_STARLET,0.0,0.7712004405286343,0.11421930432655059,0.7292394633451298,0.0052312775330396475,0.7712004405286343
6.0,GAUSSIAN_STARLET,-0.07142857142857117,0.7712004405286343,0.11202655681318242,0.7292394633451298,0.0052312775330396475,0.7712004405286343
6.0,GAUSSIAN_STARLET,-0.14285714285714235,0.7712004405286343,0.11014549744396382,0.7292394633451298,0.0052312775330396475,0.7712004405286343
6.0,GAUSSIAN_STARLET,-0.21428571428571352,0.7712004405286343,0.10856589147286821,0.7292394633451298,0.0052312775330396475,0.7712004405286343
6.0,GAUSSIAN_STARLET,-0.2857142857142847,0.7712004405286343,0.10725225915147803,0.7292394633451298,0.0052312775330396475,0.7712004405286343
6.0,GAUSSIAN_STARLET,-0.3571428571428559,0.7712004405286343,0.1060061310222155,0.7292394633451298,0.0052312775330396475,0.7712004405286343
6.0,GAUSSIAN_STARLET,-0.4285714285714288,0.7712004405286343,0.105028310022873,0.7292394633451298,0.0052312775330396475,0.7712004405286343
6.0,GAUSSIAN_STARLET,-0.5,0.7712004405286343,0.10418448949228194,0.7292394633451298,0.0052312775330396475,0.7712004405286343
6.0,MCALENS,8.0,0.0052312775330396475,1.0,0.7468377819199034,0.0052312775330396475,0.7712004405286343
6.0,MCALENS,7.928571428571429,0.0052312775330396475,1.0,0.7468377819199034,0.0052312775330396475,0.7712004405286343
6.0,MCALENS,7.857142857142857,0.005506607929515419,1.0,0.7468377819199034,0.0052312775330396475,0.7712004405286343
6.0,MCALENS,7.785714285714286,0.006057268722466961,1.0,0.7468377819199034,0.0052312775330396475,0.7712004405286343
6.0,MCALENS,7.714285714285714,0.006607929515418502,1.0,0.7468377819199034,0.0052312775330396475,0.7712004405286343
6.0,MCALENS,7.642857142857143,0.007158590308370044,1.0,0.7468377819199034,0.0052312775330396475,0.7712004405286343
6.0,MCALENS,7.571428571428571,0.007709251101321586,1.0,0.7468377819199034,0.0052312775330396475,0.7712004405286343
6.0,MCALENS,7.5,0.008259911894273128,1.0,0.7468377819199034,0.0052312775330396475,0.7712004405286343
6.0,MCALENS,7.428571428571429,0.00908590308370044,1.0,0.7468377819199034,0.0052312775330396475,0.7712004405286343
6.0,MCALENS,7.357142857142858,0.010462555066079295,1.0,0.7468377819199034,0.0052312775330396475,0.7712004405286343
6.0,MCALENS,7.285714285714286,0.010737885462555066,1.0,0.7468377819199034,0.0052312775330396475,0.7712004405286343
6.0,MCALENS,7.214285714285714,0.011563876651982379,1.0,0.7468377819199034,0.0052312775330396475,0.7712004405286343
6.0,MCALENS,7.142857142857143,0.012114537444933921,1.0,0.7468377819199034,0.0052312775330396475,0.7712004405286343
6.0,MCALENS,7.071428571428571,0.012940528634361233,1.0,0.7468377819199034,0.0052312775330396475,0.7712004405286343
6.0,MCALENS,7.0,0.014317180616740088,1.0,0.7468377819199034,0.0052312775330396475,0.7712004405286343
6.0,MCALENS,6.928571428571429,0.014317180616740088,1.0,0.7468377819199034,0.0052312775330396475,0.7712004405286343
6.0,MCALENS,6.857142857142858,0.015693832599118943,1.0,0.7468377819199034,0.0052312775330396475,0.7712004405286343
6.0,MCALENS,6.785714285714286,0.016795154185022025,1.0,0.7468377819199034,0.0052312775330396475,0.7712004405286343
6.0,MCALENS,6.714285714285714,0.018722466960352423,1.0,0.7468377819199034,0.0052312775330396475,0.7712004405286343
6.0,MCALENS,6.642857142857143,0.020099118942731278,1.0,0.7468377819199034,0.0052312775330396475,0.7712004405286343
6.0,MCALENS,6.571428571428571,0.02092511013215859,0.987012987012987,0.7468377819199034,0.0052312775330396475,0.7712004405286343
6.0,MCALENS,6.5,0.02340308370044053,0.9883720930232558,0.7468377819199034,0.0052312775330396475,0.7712004405286343
6.0,MCALENS,6.428571428571429,0.02395374449339207,0.9886363636363636,0.7468377819199034,0.0052312775330396475,0.7712004405286343
6.0,MCALENS,6.357142857142858,0.025330396475770924,0.989247311827957,0.7468377819199034,0.0052312775330396475,0.7712004405286343
6.0,MCALENS,6.285714285714286,0.02643171806167401,0.9896907216494846,0.7468377819199034,0.0052312775330396475,0.7712004405286343
6.0,MCALENS,6.214285714285714,0.028359030837004404,0.9903846153846154,0.7468377819199034,0.0052312775330396475,0.7712004405286343
6.0,MCALENS,6.142857142857143,0.030561674008810574,0.9910714285714286,0.7468377819199034,0.0052312775330396475,0.7712004405286343
6.0,MCALENS,6.071428571428571,0.03166299559471366,0.9913793103448276,0.7468377819199034,0.0052312775330396475,0.7712004405286343
6.0,MCALENS,6.0,0.034691629955947136,0.984375,0.7468377819199034,0.0052312775330396475,0.7712004405286343
6.0,MCALENS,5.928571428571429,0.03716960352422907,0.9782608695652174,0.7468377819199034,0.0052312775330396475,0.7712004405286343
6.0,MCALENS,5.857142857142858,0.039647577092511016,0.9795918367346939,0.7468377819199034,0.0052312775330396475,0.7712004405286343
6.0,MCALENS,5.7857142857142865,0.040748898678414094,0.9801324503311258,0.7468377819199034,0.0052312775330396475,0.7712004405286343
6.0,MCALENS,5.714285714285714,0.04460352422907489,0.9818181818181818,0.7468377819199034,0.0052312775330396475,0.7712004405286343
6.0,MCALENS,5.642857142857142,0.04818281938325991,0.9776536312849162,0.7468377819199034,0.0052312775330396475,0.7712004405286343
6.0,MCALENS,5.571428571428571,0.05066079295154185,0.9787234042553191,0.7468377819199034,0.0052312775330396475,0.7712004405286343
6.0,MCALENS,5.5,0.053964757709251104,0.98,0.7468377819199034,0.0052312775330396475,0.7712004405286343
6.0,MCALENS,5.428571428571429,0.05837004405286344,0.9769585253456221,0.7468377819199034,0.0052312775330396475,0.7712004405286343
6.0,MCALENS,5.357142857142858,0.06194933920704846,0.974025974025974,0.7468377819199034,0.0052312775330396475,0.7712004405286343
6.0,MCALENS,5.2857142857142865,0.06552863436123348,0.9714285714285714,0.7468377819199034,0.0052312775330396475,0.7712004405286343
6.0,MCALENS,5.214285714285714,0.06965859030837004,0.9730769230769231,0.7468377819199034,0.0052312775330396475,0.7712004405286343
6.0,MCALENS,5.142857142857143,0.07433920704845814,0.9712230215827338,0.7468377819199034,0.0052312775330396475,0.7712004405286343
6.0,MCALENS,5.071428571428571,0.08039647577092511,0.9700996677740864,0.7468377819199034,0.0052312775330396475,0.7712004405286343
6.0,MCALENS,5.0,0.0861784140969163,0.9690402476780186,0.7468377819199034,0.0052312775330396475,0.7712004405286343
6.0,MCALENS,4.928571428571429,0.0908590308370044,0.9705882352941176,0.7468377819199034,0.0052312775330396475,0.7712004405286343
6.0,MCALENS,4.857142857142858,0.0974669603524229,0.9698630136986301,0.7468377819199034,0.0052312775330396475,0.7712004405286343
6.0,MCALENS,4.7857142857142865,0.10379955947136564,0.9666666666666667,0.7468377819199034,0.0052312775330396475,0.7712004405286343
6.0,MCALENS,4.714285714285714,0.10930616740088106,0.9589371980676329,0.7468377819199034,0.0052312775330396475,0.7712004405286343
6.0,MCALENS,4.642857142857143,0.11784140969162996,0.9596412556053812,0.7468377819199034,0.0052312775330396475,0.7712004405286343
6.0,MCALENS,4.571428571428571,0.12472466960352423,0.9577167019027484,0.7468377819199034,0.0052312775330396475,0.7712004405286343
6.0,MCALENS,4.5,0.13518722466960353,0.9515503875968992,0.7468377819199034,0.0052312775330396475,0.7712004405286343
6.0,MCALENS,4.428571428571429,0.1439977973568282,0.9526411657559198,0.7468377819199034,0.0052312775330396475,0.7712004405286343
6.0,MCALENS,4.357142857142858,0.15418502202643172,0.9459459459459459,0.7468377819199034,0.0052312775330396475,0.7712004405286343
6.0,MCALENS,4.2857142857142865,0.16272026431718062,0.933649289099526,0.7468377819199034,0.0052312775330396475,0.7712004405286343
6.0,MCALENS,4.214285714285714,0.17593612334801761,0.9314868804664723,0.7468377819199034,0.0052312775330396475,0.7712004405286343
6.0,MCALENS,4.142857142857143,0.1902533039647577,0.9262734584450402,0.7468377819199034,0.0052312775330396475,0.7712004405286343
6.0,MCALENS,4.071428571428571,0.20291850220264318,0.9247176913425345,0.7468377819199034,0.0052312775330396475,0.7712004405286343
6.0,MCALENS,4.0,0.21916299559471367,0.9159953970080552,0.7468377819199034,0.0052312775330396475,0.7712004405286343
6.0,MCALENS,3.928571428571429,0.23045154185022027,0.9078091106290672,0.7468377819199034,0.0052312775330396475,0.7712004405286343
6.0,MCALENS,3.8571428571428577,0.24311674008810572,0.8955375253549696,0.7468377819199034,0.0052312775330396475,0.7712004405286343
6.0,MCALENS,3.7857142857142856,0.2604625550660793,0.8832866479925303,0.7468377819199034,0.0052312775330396475,0.7712004405286343
6.0,MCALENS,3.7142857142857144,0.2714757709251101,0.8687224669603524,0.7468377819199034,0.0052312775330396475,0.7712004405286343
6.0,MCALENS,3.6428571428571432,0.2868942731277533,0.8632974316487159,0.7468377819199034,0.0052312775330396475,0.7712004405286343
6.0,MCALENS,3.571428571428572,0.3075440528634361,0.8494296577946768,0.7468377819199034,0.0052312775330396475,0.7712004405286343
6.0,MCALENS,3.5,0.3248898678414097,0.8398576512455516,0.7468377819199034,0.0052312775330396475,0.7712004405286343
6.0,MCALENS,3.428571428571429,0.3458149779735683,0.8284960422163589,0.7468377819199034,0.0052312775330396475,0.7712004405286343
6.0,MCALENS,3.3571428571428577,0.3645374449339207,0.8142681426814268,0.7468377819199034,0.0052312775330396475,0.7712004405286343
6.0,MCALENS,3.2857142857142856,0.38794052863436124,0.8051428571428572,0.7468377819199034,0.0052312775330396475,0.7712004405286343
6.0,MCALENS,3.2142857142857144,0.4025330396475771,0.7902702702702703,0.7468377819199034,0.0052312775330396475,0.7712004405286343
6.0,MCALENS,3.1428571428571432,0.4215308370044053,0.776369168356998,0.7468377819199034,0.0052312775330396475,0.7712004405286343
6.0,MCALENS,3.071428571428572,0.4441079295154185,0.7637310606060606,0.7468377819199034,0.0052312775330396475,0.7712004405286343
6.0,MCALENS,3.0,0.4620044052863436,0.7457777777777778,0.7468377819199034,0.0052312775330396475,0.7712004405286343
6.0,MCALENS,2.928571428571429,0.48155286343612336,0.7251243781094527,0.7468377819199034,0.0052312775330396475,0.7712004405286343
6.0,MCALENS,2.8571428571428577,0.501101321585903,0.7137254901960784,0.7468377819199034,0.0052312775330396475,0.7712004405286343
6.0,MCALENS,2.7857142857142856,0.5184471365638766,0.6963757396449705,0.7468377819199034,0.0052312775330396475,0.7712004405286343
6.0,MCALENS,2.7142857142857144,0.5327643171806168,0.6768100734522561,0.7468377819199034,0.0052312775330396475,0.7712004405286343
6.0,MCALENS,2.6428571428571432,0.5501101321585903,0.6572368421052631,0.7468377819199034,0.0052312775330396475,0.7712004405286343
6.0,MCALENS,2.571428571428572,0.5707599118942731,0.633557457212714,0.7468377819199034,0.0052312775330396475,0.7712004405286343
6.0,MCALENS,2.5,0.5883810572687225,0.6149640287769784,0.7468377819199034,0.0052312775330396475,0.7712004405286343
6.0,MCALENS,2.428571428571429,0.6004955947136564,0.5923411189570885,0.7468377819199034,0.0052312775330396475,0.7712004405286343
6.0,MCALENS,2.3571428571428577,0.614262114537445,0.571611580835255,0.7468377819199034,0.0052312775330396475,0.7712004405286343
6.0,MCALENS,2.2857142857142865,0.6233480176211453,0.5495145631067961,0.7468377819199034,0.0052312775330396475,0.7712004405286343
6.0,MCALENS,2.2142857142857144,0.6335352422907489,0.5263037511436414,0.7468377819199034,0.0052312775330396475,0.7712004405286343
6.0,MCALENS,2.1428571428571432,0.6439977973568282,0.505183585313175,0.7468377819199034,0.0052312775330396475,0.7712004405286343
6.0,MCALENS,2.071428571428572,0.6552863436123348,0.4864091559370529,0.7468377819199034,0.0052312775330396475,0.7712004405286343
6.0,MCALENS,2.0,0.6662995594713657,0.4661016949152542,0.7468377819199034,0.0052312775330396475,0.7712004405286343
6.0,MCALENS,1.9285714285714288,0.674284140969163,0.4451108687749909,0.7468377819199034,0.0052312775330396475,0.7712004405286343
6.0,MCALENS,1.8571428571428577,0.683920704845815,0.4248332478193946,0.7468377819199034,0.0052312775330396475,0.7712004405286343
6.0,MCALENS,1.7857142857142865,0.6927312775330396,0.406265138059099,0.7468377819199034,0.0052312775330396475,0.7712004405286343
6.0,MCALENS,1.7142857142857144,0.7015418502202643,0.3851269649334946,0.7468377819199034,0.0052312775330396475,0.7712004405286343
6.0,MCALENS,1.6428571428571432,0.713931718061674,0.36827155233631587,0.7468377819199034,0.0052312775330396475,0.7712004405286343
6.0,MCALENS,1.571428571428572,0.7213656387665198,0.3517722878625134,0.7468377819199034,0.0052312775330396475,0.7712004405286343
6.0,MCALENS,1.5,0.7299008810572687,0.3348913592723598,0.7468377819199034,0.0052312775330396475,0.7712004405286343
6.0,MCALENS,1.4285714285714288,0.7387114537444934,0.3186082413015081,0.7468377819199034,0.0052312775330396475,0.7712004405286343
6.0,MCALENS,1.3571428571428577,0.7450440528634361,0.30036630036630035,0.7468377819199034,0.0052312775330396475,0.7712004405286343
6.0,MCALENS,1.2857142857142865,0.7527533039647577,0.284613783052259,0.7468377819199034,0.0052312775330396475,0.7712004405286343
6.0,MCALENS,1.2142857142857144,0.7574339207048458,0.2681809319555469,0.7468377819199034,0.0052312775330396475,0.7712004405286343
6.0,MCALENS,1.1428571428571432,0.760737885462555,0.2509308872945237,0.7468377819199034,0.0052312775330396475,0.7712004405286343
6.0,MCALENS,1.071428571428572,0.7648678414096917,0.23674791205045168,0.7468377819199034,0.0052312775330396475,0.7712004405286343
6.0,MCALENS,1.0,0.7676211453744494,0.22241723175109693,0.7468377819199034,0.0052312775330396475,0.7712004405286343
6.0,MCALENS,0.9285714285714288,0.7706497797356828,0.20819696518893185,0.7468377819199034,0.0052312775330396475,0.7712004405286343
6.0,MCALENS,0.8571428571428577,0.7731277533039648,0.19498645927366154,0.7468377819199034,0.0052312775330396475,0.7712004405286343
6.0,MCALENS,0.7857142857142865,0.7745044052863436,0.18331704138155752,0.7468377819199034,0.0052312775330396475,0.7712004405286343
6.0,MCALENS,0.7142857142857144,0.7769823788546255,0.1719473555934682,0.7468377819199034,0.0052312775330396475,0.7712004405286343
6.0,MCALENS,0.6428571428571432,0.7791850220264317,0.16142832696366435,0.7468377819199034,0.0052312775330396475,0.7712004405286343
6.0,MCALENS,0.5714285714285721,0.7808370044052864,0.15224393386300195,0.7468377819199034,0.0052312775330396475,0.7712004405286343
6.0,MCALENS,0.5,0.7822136563876652,0.14350659190786483,0.7468377819199034,0.0052312775330396475,0.7712004405286343
6.0,MCALENS,0.4285714285714288,0.7833149779735683,0.13563119755911518,0.7468377819199034,0.0052312775330396475,0.7712004405286343
6.0,MCALENS,0.35714285714285765,0.7835903083700441,0.12901178603807797,0.7468377819199034,0.0052312775330396475,0.7712004405286343
6.0,MCALENS,0.2857142857142865,0.7841409691629956,0.12284334023464458,0.7468377819199034,0.0052312775330396475,0.7712004405286343
6.0,MCALENS,0.2142857142857144,0.7844162995594713,0.11717528995640372,0.7468377819199034,0.0052312775330396475,0.7712004405286343
6.0,MCALENS,0.14285714285714324,0.7846916299559471,0.11207235548564687,0.7468377819199034,0.0052312775330396475,0.7712004405286343
6.0,MCALENS,0.07142857142857206,0.7849669603524229,0.10774347152412986,0.7468377819199034,0.0052312775330396475,0.7712004405286343
6.0,MCALENS,0.0,0.7852422907488987,0.10365632041869594,0.7468377819199034,0.0052312775330396475,0.7712004405286343
6.0,MCALENS,-0.07142857142857117,0.7852422907488987,0.10226987485208161,0.7468377819199034,0.0052312775330396475,0.7712004405286343
6.0,MCALENS,-0.14285714285714235,0.7852422907488987,0.10085578895254262,0.7468377819199034,0.0052312775330396475,0.7712004405286343
6.0,MCALENS,-0.21428571428571352,0.7852422907488987,0.0996923937360179,0.7468377819199034,0.0052312775330396475,0.7712004405286343
6.0,MCALENS,-0.2857142857142847,0.7852422907488987,0.09880135799903,0.7468377819199034,0.0052312775330396475,0.7712004405286343
6.0,MCALENS,-0.3571428571428559,0.7852422907488987,0.09805404662036718,0.7468377819199034,0.0052312775330396475,0.7712004405286343
6.0,MCALENS,-0.4285714285714288,0.7852422907488987,0.09744097850968601,0.7468377819199034,0.0052312775330396475,0.7712004405286343
6.0,MCALENS,-0.5,0.7852422907488987,0.09689145574995753,0.7468377819199034,0.0052312775330396475,0.7712004405286343
6.0,FUSION,8.0,0.0027533039647577094,1.0,0.76315072555753,0.0052312775330396475,0.7712004405286343
6.0,FUSION,7.928571428571429,0.0030286343612334803,1.0,0.76315072555753,0.0052312775330396475,0.7712004405286343
6.0,FUSION,7.857142857142857,0.0030286343612334803,1.0,0.76315072555753,0.0052312775330396475,0.7712004405286343
6.0,FUSION,7.785714285714286,0.0030286343612334803,1.0,0.76315072555753,0.0052312775330396475,0.7712004405286343
6.0,FUSION,7.714285714285714,0.0030286343612334803,1.0,0.76315072555753,0.0052312775330396475,0.7712004405286343
6.0,FUSION,7.642857142857143,0.003303964757709251,1.0,0.76315072555753,0.0052312775330396475,0.7712004405286343
6.0,FUSION,7.571428571428571,0.003854625550660793,1.0,0.76315072555753,0.0052312775330396475,0.7712004405286343
6.0,FUSION,7.5,0.004405286343612335,1.0,0.76315072555753,0.0052312775330396475,0.7712004405286343
6.0,FUSION,7.428571428571429,0.004680616740088106,1.0,0.76315072555753,0.0052312775330396475,0.7712004405286343
6.0,FUSION,7.357142857142858,0.004680616740088106,1.0,0.76315072555753,0.0052312775330396475,0.7712004405286343
6.0,FUSION,7.285714285714286,0.0052312775330396475,1.0,0.76315072555753,0.0052312775330396475,0.7712004405286343
6.0,FUSION,7.214285714285714,0.0052312775330396475,1.0,0.76315072555753,0.0052312775330396475,0.7712004405286343
6.0,FUSION,7.142857142857143,0.005506607929515419,1.0,0.76315072555753,0.0052312775330396475,0.7712004405286343
6.0,FUSION,7.071428571428571,0.005781938325991189,1.0,0.76315072555753,0.0052312775330396475,0.7712004405286343
6.0,FUSION,7.0,0.006607929515418502,1.0,0.76315072555753,0.0052312775330396475,0.7712004405286343
6.0,FUSION,6.928571428571429,0.006883259911894273,1.0,0.76315072555753,0.0052312775330396475,0.7712004405286343
6.0,FUSION,6.857142857142858,0.008259911894273128,1.0,0.76315072555753,0.0052312775330396475,0.7712004405286343
6.0,FUSION,6.785714285714286,0.009361233480176211,1.0,0.76315072555753,0.0052312775330396475,0.7712004405286343
6.0,FUSION,6.714285714285714,0.009911894273127754,1.0,0.76315072555753,0.0052312775330396475,0.7712004405286343
6.0,FUSION,6.642857142857143,0.010462555066079295,1.0,0.76315072555753,0.0052312775330396475,0.7712004405286343
6.0,FUSION,6.571428571428571,0.011563876651982379,1.0,0.76315072555753,0.0052312775330396475,0.7712004405286343
6.0,FUSION,6.5,0.01183920704845815,1.0,0.76315072555753,0.0052312775330396475,0.7712004405286343
6.0,FUSION,6.428571428571429,0.012114537444933921,1.0,0.76315072555753,0.0052312775330396475,0.7712004405286343
6.0,FUSION,6.357142857142858,0.01238986784140969,1.0,0.76315072555753,0.0052312775330396475,0.7712004405286343
6.0,FUSION,6.285714285714286,0.014041850220264317,1.0,0.76315072555753,0.0052312775330396475,0.7712004405286343
6.0,FUSION,6.214285714285714,0.01459251101321586,1.0,0.76315072555753,0.0052312775330396475,0.7712004405286343
6.0,FUSION,6.142857142857143,0.015969162995594713,1.0,0.76315072555753,0.0052312775330396475,0.7712004405286343
6.0,FUSION,6.071428571428571,0.01762114537444934,1.0,0.76315072555753,0.0052312775330396475,0.7712004405286343
6.0,FUSION,6.0,0.01817180616740088,0.9850746268656716,0.76315072555753,0.0052312775330396475,0.7712004405286343
6.0,FUSION,5.928571428571429,0.019273127753303965,0.9859154929577465,0.76315072555753,0.0052312775330396475,0.7712004405286343
6.0,FUSION,5.857142857142858,0.020374449339207047,0.9866666666666667,0.76315072555753,0.0052312775330396475,0.7712004405286343
6.0,FUSION,5.7857142857142865,0.022577092511013214,0.9879518072289156,0.76315072555753,0.0052312775330396475,0.7712004405286343
6.0,FUSION,5.714285714285714,0.025055066079295155,0.9891304347826086,0.76315072555753,0.0052312775330396475,0.7712004405286343
6.0,FUSION,5.642857142857142,0.025605726872246697,0.9893617021276596,0.76315072555753,0.0052312775330396475,0.7712004405286343
6.0,FUSION,5.571428571428571,0.026156387665198236,0.9895833333333334,0.76315072555753,0.0052312775330396475,0.7712004405286343
6.0,FUSION,5.5,0.027257709251101322,0.9801980198019802,0.76315072555753,0.0052312775330396475,0.7712004405286343
6.0,FUSION,5.428571428571429,0.028083700440528634,0.9807692307692307,0.76315072555753,0.0052312775330396475,0.7712004405286343
6.0,FUSION,5.357142857142858,0.03166299559471366,0.9829059829059829,0.76315072555753,0.0052312775330396475,0.7712004405286343
6.0,FUSION,5.2857142857142865,0.03441629955947136,0.9765625,0.76315072555753,0.0052312775330396475,0.7712004405286343
6.0,FUSION,5.214285714285714,0.03634361233480176,0.9777777777777777,0.76315072555753,0.0052312775330396475,0.7712004405286343
6.0,FUSION,5.142857142857143,0.03854625550660793,0.9790209790209791,0.76315072555753,0.0052312775330396475,0.7712004405286343
6.0,FUSION,5.071428571428571,0.04157488986784141,0.9805194805194806,0.76315072555753,0.0052312775330396475,0.7712004405286343
6.0,FUSION,5.0,0.0454295154185022,0.9821428571428571,0.76315072555753,0.0052312775330396475,0.7712004405286343
6.0,FUSION,4.928571428571429,0.04873348017621145,0.9725274725274725,0.76315072555753,0.0052312775330396475,0.7712004405286343
6.0,FUSION,4.857142857142858,0.05231277533039647,0.9693877551020408,0.76315072555753,0.0052312775330396475,0.7712004405286343
6.0,FUSION,4.7857142857142865,0.05616740088105727,0.9714285714285714,0.76315072555753,0.0052312775330396475,0.7712004405286343
6.0,FUSION,4.714285714285714,0.05974669603524229,0.96875,0.76315072555753,0.0052312775330396475,0.7712004405286343
6.0,FUSION,4.642857142857143,0.06387665198237885,0.9707112970711297,0.76315072555753,0.0052312775330396475,0.7712004405286343
6.0,FUSION,4.571428571428571,0.06965859030837004,0.9730769230769231,0.76315072555753,0.0052312775330396475,0.7712004405286343
6.0,FUSION,4.5,0.07488986784140969,0.9714285714285714,0.76315072555753,0.0052312775330396475,0.7712004405286343
6.0,FUSION,4.428571428571429,0.07901982378854626,0.9728813559322034,0.76315072555753,0.0052312775330396475,0.7712004405286343
6.0,FUSION,4.357142857142858,0.08397577092511013,0.9713375796178344,0.76315072555753,0.0052312775330396475,0.7712004405286343
6.0,FUSION,4.2857142857142865,0.09058370044052863,0.9705014749262537,0.76315072555753,0.0052312775330396475,0.7712004405286343
6.0,FUSION,4.214285714285714,0.0966409691629956,0.9669421487603306,0.76315072555753,0.0052312775330396475,0.7712004405286343
6.0,FUSION,4.142857142857143,0.10214757709251102,0.9636363636363636,0.76315072555753,0.0052312775330396475,0.7712004405286343
6.0,FUSION,4.071428571428571,0.10875550660792951,0.9610705596107056,0.76315072555753,0.0052312775330396475,0.7712004405286343
6.0,FUSION,4.0,0.11563876651982379,0.958904109589041,0.76315072555753,0.0052312775330396475,0.7712004405286343
6.0,FUSION,3.928571428571429,0.12472466960352423,0.9556962025316456,0.76315072555753,0.0052312775330396475,0.7712004405286343
6.0,FUSION,3.8571428571428577,0.13298458149779735,0.9470588235294117,0.76315072555753,0.0052312775330396475,0.7712004405286343
6.0,FUSION,3.7857142857142856,0.14124449339207049,0.9464944649446494,0.76315072555753,0.0052312775330396475,0.7712004405286343
6.0,FUSION,3.7142857142857144,0.14950440528634362,0.9410745233968805,0.76315072555753,0.0052312775330396475,0.7712004405286343
6.0,FUSION,3.6428571428571432,0.16712555066079296,0.9425465838509317,0.76315072555753,0.0052312775330396475,0.7712004405286343
6.0,FUSION,3.571428571428572,0.17924008810572686,0.9421128798842258,0.76315072555753,0.0052312775330396475,0.7712004405286343
6.0,FUSION,3.5,0.19548458149779735,0.9403973509933775,0.76315072555753,0.0052312775330396475,0.7712004405286343
6.0,FUSION,3.428571428571429,0.20980176211453744,0.927007299270073,0.76315072555753,0.0052312775330396475,0.7712004405286343
6.0,FUSION,3.3571428571428577,0.22164096916299558,0.92,0.76315072555753,0.0052312775330396475,0.7712004405286343
6.0,FUSION,3.2857142857142856,0.23898678414096916,0.906054279749478,0.76315072555753,0.0052312775330396475,0.7712004405286343
6.0,FUSION,3.2142857142857144,0.2555066079295154,0.9000969932104753,0.76315072555753,0.0052312775330396475,0.7712004405286343
6.0,FUSION,3.1428571428571432,0.2717511013215859,0.8867924528301887,0.76315072555753,0.0052312775330396475,0.7712004405286343
6.0,FUSION,3.071428571428572,0.2918502202643172,0.8803986710963455,0.76315072555753,0.0052312775330396475,0.7712004405286343
6.0,FUSION,3.0,0.30947136563876654,0.8659476117103235,0.76315072555753,0.0052312775330396475,0.7712004405286343
6.0,FUSION,2.928571428571429,0.32984581497797355,0.8526690391459075,0.76315072555753,0.0052312775330396475,0.7712004405286343
6.0,FUSION,2.8571428571428577,0.3496696035242291,0.8427339084273391,0.76315072555753,0.0052312775330396475,0.7712004405286343
6.0,FUSION,2.7857142857142856,0.3738986784140969,0.8270401948842875,0.76315072555753,0.0052312775330396475,0.7712004405286343
6.0,FUSION,2.7142857142857144,0.39922907488986786,0.8146067415730337,0.76315072555753,0.0052312775330396475,0.7712004405286343
6.0,FUSION,2.6428571428571432,0.41987885462555063,0.799266247379455,0.76315072555753,0.0052312775330396475,0.7712004405286343
6.0,FUSION,2.571428571428572,0.44107929515418504,0.7791828793774319,0.76315072555753,0.0052312775330396475,0.7712004405286343
6.0,FUSION,2.5,0.46145374449339205,0.7607807535179301,0.76315072555753,0.0052312775330396475,0.7712004405286343
6.0,FUSION,2.428571428571429,0.48320484581497797,0.740506329113924,0.76315072555753,0.0052312775330396475,0.7712004405286343
6.0,FUSION,2.3571428571428577,0.5077092511013216,0.7197501951600312,0.76315072555753,0.0052312775330396475,0.7712004405286343
6.0,FUSION,2.2857142857142865,0.5316629955947136,0.6946043165467626,0.76315072555753,0.0052312775330396475,0.7712004405286343
6.0,FUSION,2.2142857142857144,0.5536894273127754,0.6698867421718854,0.76315072555753,0.0052312775330396475,0.7712004405286343
6.0,FUSION,2.1428571428571432,0.5729625550660793,0.6480847088134537,0.76315072555753,0.0052312775330396475,0.7712004405286343
6.0,FUSION,2.071428571428572,0.5952643171806168,0.6216216216216216,0.76315072555753,0.0052312775330396475,0.7712004405286343
6.0,FUSION,2.0,0.6120594713656388,0.5951807228915663,0.76315072555753,0.0052312775330396475,0.7712004405286343
6.0,FUSION,1.9285714285714288,0.6296806167400881,0.5652496292634701,0.76315072555753,0.0052312775330396475,0.7712004405286343
6.0,FUSION,1.8571428571428577,0.6497797356828194,0.5412844036697247,0.76315072555753,0.0052312775330396475,0.7712004405286343
6.0,FUSION,1.7857142857142865,0.6676762114537445,0.5111720067453626,0.76315072555753,0.0052312775330396475,0.7712004405286343
6.0,FUSION,1.7142857142857144,0.6830947136563876,0.4847596717467761,0.76315072555753,0.0052312775330396475,0.7712004405286343
6.0,FUSION,1.6428571428571432,0.6963105726872246,0.45510167356487313,0.76315072555753,0.0052312775330396475,0.7712004405286343
6.0,FUSION,1.571428571428572,0.7070484581497798,0.42821410705352675,0.76315072555753,0.0052312775330396475,0.7712004405286343
6.0,FUSION,1.5,0.7164096916299559,0.40104808877928483,0.76315072555753,0.0052312775330396475,0.7712004405286343
6.0,FUSION,1.4285714285714288,0.7263215859030837,0.37723437723437725,0.76315072555753,0.0052312775330396475,0.7712004405286343
6.0,FUSION,1.3571428571428577,0.7348568281938326,0.3538379954925096,0.76315072555753,0.0052312775330396475,0.7712004405286343
6.0,FUSION,1.2857142857142865,0.7442180616740088,0.33296378418329636,0.76315072555753,0.0052312775330396475,0.7712004405286343
6.0,FUSION,1.2142857142857144,0.7530286343612335,0.3126071551034404,0.76315072555753,0.0052312775330396475,0.7712004405286343
6.0,FUSION,1.1428571428571432,0.7571585903083701,0.2925531914893617,0.76315072555753,0.0052312775330396475,0.7712004405286343
6.0,FUSION,1.071428571428572,0.7604625550660793,0.2729518727146951,0.76315072555753,0.0052312775330396475,0.7712004405286343
6.0,FUSION,1.0,0.76431718061674,0.25486595666544254,0.76315072555753,0.0052312775330396475,0.7712004405286343
6.0,FUSION,0.9285714285714288,0.7700991189427313,0.23852976292000683,0.76315072555753,0.0052312775330396475,0.7712004405286343
6.0,FUSION,0.8571428571428577,0.7731277533039648,0.22298102120225521,0.76315072555753,0.0052312775330396475,0.7712004405286343
6.0,FUSION,0.7857142857142865,0.7756057268722467,0.20818860394649324,0.76315072555753,0.0052312775330396475,0.7712004405286343
6.0,FUSION,0.7142857142857144,0.7780837004405287,0.19438712340074288,0.76315072555753,0.0052312775330396475,0.7712004405286343
6.0,FUSION,0.6428571428571432,0.7805616740088106,0.18243243243243243,0.76315072555753,0.0052312775330396475,0.7712004405286343
6.0,FUSION,0.5714285714285721,0.7819383259911894,0.17125972381354398,0.76315072555753,0.0052312775330396475,0.7712004405286343
6.0,FUSION,0.5,0.7835903083700441,0.16047363969551734,0.76315072555753,0.0052312775330396475,0.7712004405286343
6.0,FUSION,0.4285714285714288,0.7841409691629956,0.15093539668238912,0.76315072555753,0.0052312775330396475,0.7712004405286343
6.0,FUSION,0.35714285714285765,0.7844162995594713,0.14220114799101571,0.76315072555753,0.0052312775330396475,0.7712004405286343
6.0,FUSION,0.2857142857142865,0.7846916299559471,0.13478363679356822,0.76315072555753,0.0052312775330396475,0.7712004405286343
6.0,FUSION,0.2142857142857144,0.7855176211453745,0.12799461641991924,0.76315072555753,0.0052312775330396475,0.7712004405286343
6.0,FUSION,0.14285714285714324,0.786068281938326,0.1218523260776782,0.76315072555753,0.0052312775330396475,0.7712004405286343
6.0,FUSION,0.07142857142857206,0.7863436123348018,0.1163719338277239,0.76315072555753,0.0052312775330396475,0.7712004405286343
6.0,FUSION,0.0,0.7866189427312775,0.11170628714419768,0.76315072555753,0.0052312775330396475,0.7712004405286343
6.0,FUSION,-0.07142857142857117,0.7866189427312775,0.109518150803082,0.76315072555753,0.0052312775330396475,0.7712004405286343
6.0,FUSION,-0.14285714285714235,0.7866189427312775,0.10762044675481222,0.76315072555753,0.0052312775330396475,0.7712004405286343
6.0,FUSION,-0.21428571428571352,0.7866189427312775,0.10615687585925018,0.76315072555753,0.0052312775330396475,0.7712004405286343
6.0,FUSION,-0.2857142857142847,0.7866189427312775,0.10480557593543653,0.76315072555753,0.0052312775330396475,0.7712004405286343
6.0,FUSION,-0.3571428571428559,0.7866189427312775,0.10365720920107395,0.76315072555753,0.0052312775330396475,0.7712004405286343
6.0,FUSION,-0.4285714285714288,0.7866189427312775,0.10263687311395316,0.76315072555753,0.0052312775330396475,0.7712004405286343
6.0,FUSION,-0.5,0.7866189427312775,0.1018320501853436,0.76315072555753,0.0052312775330396475,0.7712004405286343
