method,block,ell,T,A,r
WIENER,0,216.01359900522664,0.7773076651401435,0.7435342834656711,0.9014516776467951
WIENER,0,267.68319231686513,0.6926615731263785,0.6113030622749025,0.885916538383222
WIENER,0,331.7119467428253,0.6491031829303017,0.5487864864478211,0.8762177253545088
WIENER,0,411.05612444155884,0.6254868579835746,0.5174741674453518,0.869508540278103
WIENER,0,509.3791137161358,0.5426232170391572,0.4541629797073428,0.8051791243758043
WIENER,0,631.220570774211,0.49281435221894787,0.3925427793684665,0.7865744779633912
WIENER,0,782.2060195239194,0.43478761460573484,0.33717073159215616,0.7487765418881472
WIENER,0,969.3065868069014,0.37966358400547967,0.26855805358120177,0.7326218259350697
WIENER,0,1201.160865265515,0.31639130128196,0.2221019503968748,0.6713490033557206
WIENER,0,1488.4737645271177,0.25907696539480624,0.1751008779280452,0.6191339793906402
WIENER,0,1844.5107660045044,0.20193168011452817,0.1293572992165002,0.5614472887117522
WIENER,0,2285.7104014778506,0.154292411680533,0.09494708096675838,0.5007301692588575
WIENER,0,2832.443234116249,0.11056865045507418,0.0684215861345564,0.4227031069628504
WIENER,0,3509.9523847394357,0.07991413772445989,0.04591204255583585,0.3729583292192681
WIENER,0,4349.519028218737,0.05709056959089616,0.03251873976176919,0.31659024045907336
WIENER,0,5389.906671979336,0.046784730397634,0.025340422958065382,0.2938983862462598
WIENER,1,216.01359900522664,0.7752713344299013,0.7579819309007131,0.8904802667693477
WIENER,1,267.68319231686513,0.7199579755765119,0.6507134345685496,0.8925082936652472
WIENER,1,331.7119467428253,0.6443813597287265,0.5979555875886783,0.8333136670323876
WIENER,1,411.05612444155884,0.6198987552600168,0.5347206605516157,0.8477294718617677
WIENER,1,509.3791137161358,0.5415773910141856,0.4592117610854125,0.799197330421453
WIENER,1,631.220570774211,0.47210732517992965,0.37419309384646704,0.771778818268329
WIENER,1,782.2060195239194,0.42807470584047064,0.35255102813659805,0.7209556906406087
WIENER,1,969.3065868069014,0.38074339822873454,0.3191692322559399,0.6739409911641999
WIENER,1,1201.160865265515,0.3166746413646372,0.255001211894855,0.6271077459683754
WIENER,1,1488.4737645271177,0.2553729515502741,0.20316872610319284,0.5665607277181872
WIENER,1,1844.5107660045044,0.20432833260575714,0.16625840714856494,0.5011142852250248
WIENER,1,2285.7104014778506,0.15522881866440455,0.12961929755760948,0.4311590641635584
WIENER,1,2832.443234116249,0.11502517833507253,0.0972561577789367,0.3688368982472984
WIENER,1,3509.9523847394357,0.08316508007186131,0.06995936694272663,0.3144257275725606
WIENER,1,4349.519028218737,0.06097418834618884,0.054424958089903365,0.2613647271100076
WIENER,1,5389.906671979336,0.049244060700498644,0.047897485124569775,0.22500776319842103
WIENER,2,216.01359900522664,0.6558636500516493,0.558012800924775,0.877993863893071
WIENER,2,267.68319231686513,0.6861228462054221,0.5988897772820716,0.8866014362851425
WIENER,2,331.7119467428253,0.6510209245895833,0.5713555554772409,0.8612747600860424
WIENER,2,411.05612444155884,0.5727910074812588,0.4861531137120429,0.8215039487715984
WIENER,2,509.3791137161358,0.5457519844950954,0.46400387193709364,0.801188157512252
WIENER,2,631.220570774211,0.49309762977114735,0.4178530240266118,0.7628183649560539
WIENER,2,782.2060195239194,0.42490501807351166,0.35204537878043063,0.71613110261734
WIENER,2,969.3065868069014,0.37418899595945837,0.2899500108778318,0.6949114171731632
WIENER,2,1201.160865265515,0.3119318946691814,0.23672139288699529,0.6411225158718441
WIENER,2,1488.4737645271177,0.2576245549192197,0.196019735930431,0.5818852580791559
WIENER,2,1844.5107660045044,0.204664329196035,0.14113288843995656,0.544788637952245
WIENER,2,2285.7104014778506,0.15329673381459552,0.10758384632690744,0.4673684246930376
WIENER,2,2832.443234116249,0.11343414820046571,0.07622216906480354,0.4108687989120655
WIENER,2,3509.9523847394357,0.08019721650674408,0.0516758922389004,0.3527892174830588
WIENER,2,4349.519028218737,0.05970168807817736,0.037242212528169526,0.30936335859919245
WIENER,2,5389.906671979336,0.04818904295764469,0.030046925349390064,0.2780022316604734
WIENER,3,216.01359900522664,0.6611434873870873,0.6291211129048621,0.8335441237997524
WIENER,3,267.68319231686513,0.6902779636696882,0.5861468270886747,0.9016143183801117
WIENER,3,331.7119467428253,0.671076138352497,0.6162528834528955,0.8548547212314522
WIENER,3,411.05612444155884,0.6466685365803094,0.6039293216164234,0.8321251977346509
WIENER,3,509.3791137161358,0.5374952573115365,0.4601621320938985,0.7923538969692717
WIENER,3,631.220570774211,0.516549004538187,0.45815484133333234,0.7631420579716532
WIENER,3,782.2060195239194,0.451490497101428,0.383318305699709,0.7292372318815479
WIENER,3,969.3065868069014,0.38220710127392454,0.31874871641044117,0.6769779595734057
WIENER,3,1201.160865265515,0.31798619156344204,0.2529474787907674,0.6322561810893221
WIENER,3,1488.4737645271177,0.2633227947581674,0.2094565554957745,0.5753623998161039
WIENER,3,1844.5107660045044,0.20636159936504306,0.1618670890306124,0.5129199684077749
WIENER,3,2285.7104014778506,0.1531060780345948,0.11838901599474097,0.4449761419882986
WIENER,3,2832.443234116249,0.1144301892025711,0.09001383041714324,0.381404659659095
WIENER,3,3509.9523847394357,0.08248435575960669,0.06537164796844551,0.32260929050411835
WIENER,3,4349.519028218737,0.060421990532463075,0.050983159931844116,0.26759725475605634
WIENER,3,5389.906671979336,0.04820381580368236,0.04336668860139587,0.23147457080129177
WIENER,4,216.01359900522664,0.6908986616893513,0.6048329702131706,0.8883756022939435
WIENER,4,267.68319231686513,0.7238880978728245,0.6410968957754218,0.9040856979401758
WIENER,4,331.7119467428253,0.6361656014059925,0.5596781792955164,0.8503564199244308
WIENER,4,411.05612444155884,0.5854449287478843,0.48921109917142097,0.837023974643888
WIENER,4,509.3791137161358,0.5383193373523504,0.43660869136345076,0.8146926389560271
WIENER,4,631.220570774211,0.4951820476775685,0.39284877806849244,0.790045653426768
WIENER,4,782.2060195239194,0.43642340156760023,0.3447647982815852,0.7432699446710855
WIENER,4,969.3065868069014,0.3824668592274553,0.30525964157836927,0.6922438633992688
WIENER,4,1201.160865265515,0.3164077722125407,0.23208386883048793,0.6567871770903531
WIENER,4,1488.4737645271177,0.2637655891352467,0.189849953255308,0.6053588411272309
WIENER,4,1844.5107660045044,0.2063330958427035,0.1462598654865295,0.5395184607792958
WIENER,4,2285.7104014778506,0.156307547830426,0.1108488470567909,0.4694770421180675
WIENER,4,2832.443234116249,0.11333731244399346,0.07845800356734994,0.40462646383713685
WIENER,4,3509.9523847394357,0.08004615014518142,0.055783256036000525,0.3389132273144937
WIENER,4,4349.519028218737,0.05967694726504402,0.040732518474365605,0.2956895439136794
WIENER,4,5389.906671979336,0.0495740892873916,0.033322229675663555,0.2715737053940738
WIENER,5,216.01359900522664,0.6697567975986964,0.6057676850750287,0.8605261633547334
WIENER,5,267.68319231686513,0.6808016974753395,0.6096995977753524,0.8718919655352293
WIENER,5,331.7119467428253,0.6974467116971796,0.6264984730390064,0.8811523881265174
WIENER,5,411.05612444155884,0.5815348800139893,0.5040170918878111,0.8191305742729598
WIENER,5,509.3791137161358,0.5493610846866395,0.5029424750031593,0.774637887620717
WIENER,5,631.220570774211,0.47950742456179357,0.3956541692117661,0.7623202613294883
WIENER,5,782.2060195239194,0.4432786507584566,0.35965442225894145,0.7391526068446328
WIENER,5,969.3065868069014,0.37607152268776783,0.3102672993019491,0.6751533794158826
WIENER,5,1201.160865265515,0.315146694470755,0.2658568977010828,0.6112076620927279
WIENER,5,1488.4737645271177,0.2628318346874636,0.21101905177776978,0.5721595260716524
WIENER,5,1844.5107660045044,0.20376634576570185,0.16915859289775767,0.4954335638715781
WIENER,5,2285.7104014778506,0.15493450036690437,0.12792037647823362,0.4331898493312941
WIENER,5,2832.443234116249,0.11503816486216495,0.09869382933986073,0.3661819600988109
WIENER,5,3509.9523847394357,0.08291948849519419,0.07147075908152115,0.3101647343011416
WIENER,5,4349.519028218737,0.06120851985584625,0.054242831680065245,0.2628092826962619
WIENER,5,5389.906671979336,0.04958523486949819,0.04646206737817093,0.2300398679085692
WIENER,6,216.01359900522664,0.7432941205858075,0.6714897654417057,0.9070704076468157
WIENER,6,267.68319231686513,0.6741937192932332,0.6317165091878629,0.848249454355603
WIENER,6,331.7119467428253,0.6309022528640232,0.5441595629927932,0.8552615449187428
WIENER,6,411.05612444155884,0.5997448447446614,0.5282019721193394,0.8252138614504864
WIENER,6,509.3791137161358,0.5650567594316409,0.5127923080059686,0.7890805224771881
WIENER,6,631.220570774211,0.4820059290049342,0.4026828002352398,0.7595753114652388
WIENER,6,782.2060195239194,0.4453039126851459,0.37097516079274345,0.7311123081324127
WIENER,6,969.3065868069014,0.37924125059636343,0.30475443047833634,0.6869744040838547
WIENER,6,1201.160865265515,0.31675283725114417,0.267755243626883,0.6121410742613315
WIENER,6,1488.4737645271177,0.25544436787716057,0.20597815743679734,0.5628410275231607
WIENER,6,1844.5107660045044,0.20152249161124294,0.15679240335465294,0.5089334727660573
WIENER,6,2285.7104014778506,0.15674667135816978,0.11805093526392413,0.45620875023690316
WIENER,6,2832.443234116249,0.11304390189080062,0.08353890984061053,0.3911134378720762
WIENER,6,3509.9523847394357,0.08184497191358034,0.05859767712748747,0.33810516385432243
WIENER,6,4349.519028218737,0.06024791649238607,0.042843829826214104,0.291070297524652
WIENER,6,5389.906671979336,0.04812261132703796,0.03405589638465791,0.26076723854690753
WIENER,7,216.01359900522664,0.7328667910458373,0.6590330641212773,0.9027581972938031
WIENER,7,267.68319231686513,0.668528770902492,0.5720844033822691,0.8838733681511957
WIENER,7,331.7119467428253,0.6343067540226351,0.4992765158193921,0.897694917425502
WIENER,7,411.05612444155884,0.5789736779802713,0.47375905946252855,0.8411627957944473
WIENER,7,509.3791137161358,0.5401374136516899,0.42579437641649265,0.8277597404727942
WIENER,7,631.220570774211,0.4922374545093749,0.38214252656717546,0.7962729651178786
WIENER,7,782.2060195239194,0.4338284686897152,0.3266984678438558,0.7590047591243135
WIENER,7,969.3065868069014,0.37580452909765477,0.2727921064220895,0.7195253677720376
WIENER,7,1201.160865265515,0.3127383454401535,0.21206952727442457,0.6791129311180658
WIENER,7,1488.4737645271177,0.2622118194237228,0.1767578234280024,0.6236816141748405
WIENER,7,1844.5107660045044,0.2043047623882925,0.13472741604768804,0.5566093533474344
WIENER,7,2285.7104014778506,0.1557171721374061,0.10016549624581146,0.49201397073742964
WIENER,7,2832.443234116249,0.11274339600945775,0.07474741774383424,0.4123756521348559
WIENER,7,3509.9523847394357,0.08208597058464284,0.0545609621085153,0.35142117596311434
WIENER,7,4349.519028218737,0.05941844165427614,0.04061213278438373,0.29484472260952316
WIENER,7,5389.906671979336,0.04927702710792684,0.03426919347808367,0.2661905031538805
WIENER,8,216.01359900522664,0.7065587145243826,0.6398166114930545,0.8833249581955951
WIENER,8,267.68319231686513,0.6485084177649274,0.5856694141760477,0.8474017286584407
WIENER,8,331.7119467428253,0.6430993877318659,0.5647032774020285,0.8557914474887924
WIENER,8,411.05612444155884,0.590332427209337,0.517647013787619,0.8205022632980848
WIENER,8,509.3791137161358,0.5266032028941441,0.48631731961198515,0.7551333097161197
WIENER,8,631.220570774211,0.4754808220270178,0.4008423923735279,0.7510107993733661
WIENER,8,782.2060195239194,0.43357807830486167,0.3627293157037888,0.7199063227513113
WIENER,8,969.3065868069014,0.38589739842536197,0.31345715742896635,0.6892594914672933
WIENER,8,1201.160865265515,0.30858111410228906,0.2540711440413917,0.6121976682443812
WIENER,8,1488.4737645271177,0.25618361952976426,0.19933035743388283,0.5738054047314075
WIENER,8,1844.5107660045044,0.2035536068016906,0.16099957244619248,0.5073018437924854
WIENER,8,2285.7104014778506,0.15869666898034898,0.11197209714088703,0.4742560774499518
WIENER,8,2832.443234116249,0.11322648530372055,0.08003557208776202,0.4002271070189454
WIENER,8,3509.9523847394357,0.08021382648449853,0.05664851125097459,0.33701946417542417
WIENER,8,4349.519028218737,0.058344909425395705,0.039533664821948394,0.2934400797664529
WIENER,8,5389.906671979336,0.04505517394267061,0.03157424289781106,0.25355851399166646
WIENER,9,216.01359900522664,0.6957894709418837,0.6076777142384125,0.8925677638987755
WIENER,9,267.68319231686513,0.6833996922364147,0.5711671451331485,0.90425968712381
WIENER,9,331.7119467428253,0.6827836929354001,0.6020433250716395,0.8799728386722139
WIENER,9,411.05612444155884,0.5984111856508149,0.5062627961210122,0.8410304038829447
WIENER,9,509.3791137161358,0.5353762264730829,0.44429978929145386,0.8031950599393136
WIENER,9,631.220570774211,0.507113833640136,0.4053074599086211,0.7965502151700811
WIENER,9,782.2060195239194,0.43458927910721,0.34253676438176545,0.7425495051031377
WIENER,9,969.3065868069014,0.3735744901857511,0.28877259250149306,0.695183133174344
WIENER,9,1201.160865265515,0.3206698611347724,0.24358315767162098,0.6497323873309481
WIENER,9,1488.4737645271177,0.2548417971726791,0.19175902228378805,0.5819594915384179
WIENER,9,1844.5107660045044,0.20632237927076863,0.1551037956927769,0.5238839874038782
WIENER,9,2285.7104014778506,0.15691445931091444,0.12286712687180747,0.4476567251236486
WIENER,9,2832.443234116249,0.11703535145133792,0.09247783880668319,0.3848559698988916
WIENER,9,3509.9523847394357,0.0837666967918558,0.06980164218702921,0.3170578935638313
WIENER,9,4349.519028218737,0.06228187384325592,0.055343692091410504,0.2647449021827495
WIENER,9,5389.906671979336,0.050341489555251445,0.048142469059594295,0.2294361686476211
WIENER,10,216.01359900522664,0.660636053964102,0.5929693008839029,0.8579187639680261
WIENER,10,267.68319231686513,0.6849976158485038,0.5821212184417607,0.8978056725960255
WIENER,10,331.7119467428253,0.6331204745282637,0.5508640315623846,0.8530296961172688
WIENER,10,411.05612444155884,0.6052817563380452,0.5095013100707174,0.8479786767158562
WIENER,10,509.3791137161358,0.5650373074402238,0.47174631657542904,0.8226647044934784
WIENER,10,631.220570774211,0.5013840700138531,0.405116742303068,0.7877355322964731
WIENER,10,782.2060195239194,0.42696246079007705,0.3474557464970258,0.724335788163618
WIENER,10,969.3065868069014,0.3804733663587425,0.29580225597037363,0.6995576659021844
WIENER,10,1201.160865265515,0.3165012569614721,0.24444457600977926,0.6401551394658928
WIENER,10,1488.4737645271177,0.2613279778933221,0.1927652612538903,0.5952117861644489
WIENER,10,1844.5107660045044,0.2055982304656797,0.14585328516529844,0.5383457200925578
WIENER,10,2285.7104014778506,0.15319609386929328,0.10687739099678169,0.4686026822782423
WIENER,10,2832.443234116249,0.11383842282468873,0.07710518637103977,0.4099652769122591
WIENER,10,3509.9523847394357,0.08185181339586951,0.051858112888982,0.35943465803197205
WIENER,10,4349.519028218737,0.05827956192685566,0.03620369967758067,0.30629492554834165
WIENER,10,5389.906671979336,0.047949326448585836,0.028361540936267894,0.2847197537312588
WIENER,11,216.01359900522664,0.7142104582509772,0.6143557169081129,0.9112053339747325
WIENER,11,267.68319231686513,0.6675285820696091,0.5464396827735555,0.9030228726192433
WIENER,11,331.7119467428253,0.6706428757656606,0.5659073377318463,0.8914944685510211
WIENER,11,411.05612444155884,0.6157094617863176,0.5067840320242718,0.8648969514528654
WIENER,11,509.3791137161358,0.570690924310024,0.4787819291056579,0.8247685476856939
WIENER,11,631.220570774211,0.49807387230420935,0.4004642805095185,0.787067297211328
WIENER,11,782.2060195239194,0.4476119432228439,0.3489077209153104,0.7577856482861886
WIENER,11,969.3065868069014,0.3773809148914423,0.293537423995537,0.6965434195648396
WIENER,11,1201.160865265515,0.3219605182093862,0.23927657828243476,0.6581918842271933
WIENER,11,1488.4737645271177,0.2518724639856293,0.18201980459875192,0.5903660420512462
WIENER,11,1844.5107660045044,0.20864237567975838,0.14427515029848173,0.5492963983311476
WIENER,11,2285.7104014778506,0.15678964700132803,0.10564303348273625,0.4823885054549117
WIENER,11,2832.443234116249,0.1140673162894144,0.07948567442540933,0.40459153500193384
WIENER,11,3509.9523847394357,0.08200771261674791,0.05715170654894099,0.34303631400605183
WIENER,11,4349.519028218737,0.059895152994233626,0.04405185852097371,0.2853708183921911
WIENER,11,5389.906671979336,0.049311772887078956,0.037641216590532725,0.2541667823639181
WIENER,12,216.01359900522664,0.6811698786159783,0.5499618098519605,0.9185211670160821
WIENER,12,267.68319231686513,0.6407392650545447,0.5318484878019284,0.8785922627547743
WIENER,12,331.7119467428253,0.6667341800999697,0.5781001242809549,0.876902258079271
WIENER,12,411.05612444155884,0.6054673370892987,0.5533060769039141,0.813969251645422
WIENER,12,509.3791137161358,0.5563825573689951,0.4485141687192819,0.830778832971295
WIENER,12,631.220570774211,0.49572442163721214,0.39572738139555097,0.7880291161431141
WIENER,12,782.2060195239194,0.4449180971771608,0.3434999685042878,0.7591309889329646
WIENER,12,969.3065868069014,0.3756708617886044,0.28462557451752196,0.704158702538772
WIENER,12,1201.160865265515,0.3166947238618891,0.2310357512527755,0.6588722755898602
WIENER,12,1488.4737645271177,0.25408533733837535,0.180988540579797,0.5972471205908737
WIENER,12,1844.5107660045044,0.20193539378360886,0.13793020229651606,0.5437293282163845
WIENER,12,2285.7104014778506,0.15463076182271537,0.09929311374581923,0.49072290605824165
WIENER,12,2832.443234116249,0.11334559330434318,0.07319262839415602,0.41895846383442215
WIENER,12,3509.9523847394357,0.08014010114278727,0.051278425849683895,0.35390161447140395
WIENER,12,4349.519028218737,0.058730414212942485,0.037656148680302606,0.3026530910589347
WIENER,12,5389.906671979336,0.047005351943644615,0.03127610206023063,0.26579144479211564
WIENER,13,216.01359900522664,0.7205785949210842,0.6216151016550464,0.913946088936348
WIENER,13,267.68319231686513,0.660019511330099,0.5589944209698152,0.8827811223613604
WIENER,13,331.7119467428253,0.6120877803197574,0.5430150613969034,0.8306303041234765
WIENER,13,411.05612444155884,0.57425181794862,0.5013143083562125,0.8110494396913039
WIENER,13,509.3791137161358,0.5363318359653617,0.4666467562947002,0.785126165679904
WIENER,13,631.220570774211,0.48431431268074937,0.43490568941634294,0.734395080764259
WIENER,13,782.2060195239194,0.42927404422511695,0.3885572314868042,0.6886636053535452
WIENER,13,969.3065868069014,0.37622766677496805,0.3207703642789166,0.6642837223173617
WIENER,13,1201.160865265515,0.312099813207013,0.26898612649225395,0.601767277485826
WIENER,13,1488.4737645271177,0.2618406878335596,0.2183027847276594,0.5604120891861715
WIENER,13,1844.5107660045044,0.2044935373283617,0.1804545166843349,0.481388497745756
WIENER,13,2285.7104014778506,0.1585338288607482,0.13596408412965774,0.42994197578384497
WIENER,13,2832.443234116249,0.11447812939789481,0.10437309830874292,0.3543465726564821
WIENER,13,3509.9523847394357,0.08028696277000033,0.07513345140706448,0.2929060615290458
WIENER,13,4349.519028218737,0.060583636754680585,0.05700889509796768,0.25373713271287224
WIENER,13,5389.906671979336,0.04902893139711803,0.04892595133188791,0.22165768251136922
WIENER,14,216.01359900522664,0.6923568054190161,0.6081645150602057,0.8878087625580293
WIENER,14,267.68319231686513,0.6638080883230204,0.6193581631961608,0.8434738190163994
WIENER,14,331.7119467428253,0.6221433078809155,0.5314277721405434,0.8534307966672291
WIENER,14,411.05612444155884,0.6294722157437349,0.5735323257696411,0.8311848430540747
WIENER,14,509.3791137161358,0.5478108486216046,0.4860836781109108,0.7857332097213519
WIENER,14,631.220570774211,0.47955862275986033,0.4155113022208627,0.7439611953860082
WIENER,14,782.2060195239194,0.43358972225438985,0.3577744781250304,0.7248936589483099
WIENER,14,969.3065868069014,0.38293708064413984,0.31190144738299924,0.685675650206534
WIENER,14,1201.160865265515,0.323194350962087,0.25713633564448574,0.6373559374113886
WIENER,14,1488.4737645271177,0.25605967285441655,0.206736941776836,0.5631604438198217
WIENER,14,1844.5107660045044,0.1990693371659708,0.15303684827890604,0.5088694325640966
WIENER,14,2285.7104014778506,0.15265965531194034,0.11649915882812217,0.4472629074988973
WIENER,14,2832.443234116249,0.11436802291618176,0.08272509653381126,0.3976362525353287
WIENER,14,3509.9523847394357,0.07969466438526197,0.0578949878226013,0.33121405872436915
WIENER,14,4349.519028218737,0.057819548939336225,0.040922753564214195,0.2858197764218384
WIENER,14,5389.906671979336,0.04786650069835852,0.033772657734634295,0.26046481214949907
WIENER,15,216.01359900522664,0.7308685021241628,0.6606581227569647,0.8991887324858133
WIENER,15,267.68319231686513,0.7008607263563431,0.6418345509496233,0.8748229713460169
WIENER,15,331.7119467428253,0.6518734179229472,0.5722967399900785,0.861693140463947
WIENER,15,411.05612444155884,0.5882910526115855,0.5317204350646559,0.8067715363304366
WIENER,15,509.3791137161358,0.549009821554859,0.44084300790356334,0.826871713518774
WIENER,15,631.220570774211,0.5024552788401794,0.43704157362793,0.7600392797037231
WIENER,15,782.2060195239194,0.4226899430173646,0.35888509593388374,0.7055766554210245
WIENER,15,969.3065868069014,0.3755881044569271,0.3054237246788181,0.6796110700208028
WIENER,15,1201.160865265515,0.3164692621621602,0.25051818151782657,0.6322835881856008
WIENER,15,1488.4737645271177,0.25598336972462166,0.19886348111727922,0.5740295279766402
WIENER,15,1844.5107660045044,0.20047773246187187,0.1543206920786147,0.5103334794913842
WIENER,15,2285.7104014778506,0.15371767476821824,0.11996189932656212,0.44381516702978174
WIENER,15,2832.443234116249,0.11653161983395886,0.09333330897514669,0.38143931316336654
WIENER,15,3509.9523847394357,0.08206039408132203,0.06936213123099313,0.3115820166207792
WIENER,15,4349.519028218737,0.059869934177363485,0.05482426856506305,0.25569507174458955
WIENER,15,5389.906671979336,0.05063984452837271,0.049259212477451894,0.2281647930551376
WIENER,16,216.01359900522664,0.7011131274809723,0.6158803837227512,0.8933875849769142
WIENER,16,267.68319231686513,0.6597806848478774,0.5641122066424945,0.8784495985167162
WIENER,16,331.7119467428253,0.649037638963658,0.5604191365863816,0.8669886355013001
WIENER,16,411.05612444155884,0.6327194111871945,0.5394970187042133,0.861423338357364
WIENER,16,509.3791137161358,0.5522954961826595,0.4461455478023749,0.8268623549163413
WIENER,16,631.220570774211,0.4922249736173444,0.39813330441341,0.7800984053733863
WIENER,16,782.2060195239194,0.4418868001121827,0.34319957318034766,0.7542887999209619
WIENER,16,969.3065868069014,0.3859824712764743,0.2853970104396455,0.7225083534020249
WIENER,16,1201.160865265515,0.3144922034428179,0.2204550561481252,0.6698072613946829
WIENER,16,1488.4737645271177,0.253732680742279,0.16308868882088193,0.6282962785024523
WIENER,16,1844.5107660045044,0.2044325689231811,0.1265705609785189,0.5746239637671569
WIENER,16,2285.7104014778506,0.15321994174253706,0.08960155223217374,0.5118674651663999
WIENER,16,2832.443234116249,0.11279778293162052,0.06629598276070425,0.43808356144915045
WIENER,16,3509.9523847394357,0.0803237657625227,0.044969052757439225,0.37878013214866213
WIENER,16,4349.519028218737,0.059548114772973046,0.03264476621930301,0.32958029288749674
WIENER,16,5389.906671979336,0.047285330869128166,0.027072595892809376,0.2873832698790383
WIENER,17,216.01359900522664,0.686599262898189,0.6317454855700427,0.8638379097907308
WIENER,17,267.68319231686513,0.6558386675734192,0.6148636960240258,0.8363876144098271
WIENER,17,331.7119467428253,0.6277144865742186,0.5458635370970036,0.8496109655638892
WIENER,17,411.05612444155884,0.5741883502542402,0.5083039019738144,0.8053648204367299
WIENER,17,509.3791137161358,0.5420558605604358,0.4503628319142145,0.8077236024879756
WIENER,17,631.220570774211,0.48984601836557123,0.40303160308871205,0.7715961132451722
WIENER,17,782.2060195239194,0.44142127822616045,0.3620917123771267,0.733574069904837
WIENER,17,969.3065868069014,0.3843606129192314,0.3149025354116145,0.6849372702349634
WIENER,17,1201.160865265515,0.3137440163556717,0.24678343243104056,0.6315641235338351
WIENER,17,1488.4737645271177,0.25828802402047063,0.20422442211044609,0.571545002764016
WIENER,17,1844.5107660045044,0.20028711340540198,0.1654765344645412,0.49236230811861537
WIENER,17,2285.7104014778506,0.15556194948639518,0.12052549848530716,0.44808861430282604
WIENER,17,2832.443234116249,0.11540004533591842,0.09317759557530991,0.3780508594729014
WIENER,17,3509.9523847394357,0.08056612155200127,0.06532740974866873,0.3152134482471319
WIENER,17,4349.519028218737,0.06008396535419768,0.0484845534483095,0.2728706886982083
WIENER,17,5389.906671979336,0.04982934889467168,0.04046369001082155,0.24771509384968585
WIENER,18,216.01359900522664,0.6826195267220502,0.5634776183901297,0.9093694752891411
WIENER,18,267.68319231686513,0.6404533400328722,0.5221119810125782,0.8863508495536387
WIENER,18,331.7119467428253,0.6523237717568748,0.5507308051569583,0.8790094022582988
WIENER,18,411.05612444155884,0.6013045256860676,0.48550495680308603,0.8629738551589151
WIENER,18,509.3791137161358,0.5483089892406661,0.4420704879042527,0.8246688768597986
WIENER,18,631.220570774211,0.5076582329926591,0.39372038862034153,0.8090539475337881
WIENER,18,782.2060195239194,0.4369355084121614,0.3401359920779843,0.7491884009389858
WIENER,18,969.3065868069014,0.3710475003584312,0.27530851894544905,0.7071632533877894
WIENER,18,1201.160865265515,0.31030451634784123,0.23205822669760157,0.6441538576454483
WIENER,18,1488.4737645271177,0.26703978989401056,0.19940778623547942,0.5980051464782207
WIENER,18,1844.5107660045044,0.2048565598232569,0.14917246506918366,0.5304024751369086
WIENER,18,2285.7104014778506,0.1605325331176011,0.11664055602363935,0.47004373447281445
WIENER,18,2832.443234116249,0.11775274373827649,0.0860618493083283,0.4013892142275264
WIENER,18,3509.9523847394357,0.0820966818813178,0.061170084745381985,0.3319373048356983
WIENER,18,4349.519028218737,0.05992936235902615,0.04637498203173482,0.2782901146462766
WIENER,18,5389.906671979336,0.049872675515995335,0.038676743117748866,0.2535932674343192
WIENER,19,216.01359900522664,0.6616805843342091,0.6425925657053759,0.8254305584405629
WIENER,19,267.68319231686513,0.728414987605533,0.7213094759383116,0.8576657242798567
WIENER,19,331.7119467428253,0.6546920602014259,0.6270348481100878,0.8267824228875116
WIENER,19,411.05612444155884,0.5923672718684508,0.541558591924732,0.8049489360170848
WIENER,19,509.3791137161358,0.5580326090108748,0.5353121583218824,0.7627040003430783
WIENER,19,631.220570774211,0.47418449941153445,0.42159864599321023,0.7302940285625122
WIENER,19,782.2060195239194,0.4284153588749323,0.35108247978258317,0.7230368858562106
WIENER,19,969.3065868069014,0.3718789733735854,0.309305289668638,0.6686640119164273
WIENER,19,1201.160865265515,0.30787883401133376,0.25582342807894703,0.6087089341250759
WIENER,19,1488.4737645271177,0.25810068094829286,0.2104766585946677,0.562583745454509
WIENER,19,1844.5107660045044,0.1989022543978641,0.15254319083486062,0.5092643698317089
WIENER,19,2285.7104014778506,0.15580055379647698,0.11767170184300273,0.45418520157670794
WIENER,19,2832.443234116249,0.11431826990203951,0.08794355850847276,0.38549045209961214
WIENER,19,3509.9523847394357,0.08195823661504328,0.06411859112813333,0.32366863789317346
WIENER,19,4349.519028218737,0.059032966189571864,0.0487551579472252,0.2673525443792319
WIENER,19,5389.906671979336,0.047640289564054736,0.04020673745013416,0.23758825921955204
GAUSSIAN_STARLET,0,216.01359900522664,0.8530108597450455,0.8864984493697936,0.9059736574537205
GAUSSIAN_STARLET,0,267.68319231686513,0.7641349404650962,0.7365190419435961,0.8903854791550886
GAUSSIAN_STARLET,0,331.7119467428253,0.721174313032336,0.6725845751163247,0.8793601847870096
GAUSSIAN_STARLET,0,411.05612444155884,0.7094088614309239,0.6538337288056596,0.8773299367471094
GAUSSIAN_STARLET,0,509.3791137161358,0.6449697431033453,0.6169241699040151,0.8211517991042703
GAUSSIAN_STARLET,0,631.220570774211,0.612314031867196,0.5715251678198057,0.8099468709890764
GAUSSIAN_STARLET,0,782.2060195239194,0.5580460600245951,0.5187049272958633,0.7748361231532072
GAUSSIAN_STARLET,0,969.3065868069014,0.5147720040424701,0.4496620061814375,0.7676651457611406
GAUSSIAN_STARLET,0,1201.160865265515,0.4543216743638451,0.4013168529388729,0.7171661078115243
GAUSSIAN_STARLET,0,1488.4737645271177,0.3940142682304247,0.3419412815403306,0.6738080287009163
GAUSSIAN_STARLET,0,1844.5107660045044,0.3292764526521896,0.27527005253028547,0.6275974806116751
GAUSSIAN_STARLET,0,2285.7104014778506,0.2707844914899275,0.22390781243670893,0.5722544309807855
GAUSSIAN_STARLET,0,2832.443234116249,0.2126355399974064,0.18013602729062164,0.5009975062252988
GAUSSIAN_STARLET,0,3509.9523847394357,0.17315633787999288,0.14874970745290284,0.4489627733703451
GAUSSIAN_STARLET,0,4349.519028218737,0.1490979663412149,0.13858593996807353,0.4005088655295049
GAUSSIAN_STARLET,0,5389.906671979336,0.14281038166783658,0.14270643223643995,0.3780402185184852
GAUSSIAN_STARLET,1,216.01359900522664,0.8333304643648964,0.8687257777225835,0.8940790209083675
GAUSSIAN_STARLET,1,267.68319231686513,0.7699095979889956,0.7412907452400238,0.8942221942255408
GAUSSIAN_STARLET,1,331.7119467428253,0.6923040349372391,0.6853646090574648,0.8362497973750702
GAUSSIAN_STARLET,1,411.05612444155884,0.6825382014596154,0.6375443844501676,0.85481424598932
GAUSSIAN_STARLET,1,509.3791137161358,0.6075294546301624,0.56815218523326,0.8059999183686727
GAUSSIAN_STARLET,1,631.220570774211,0.5518839010598868,0.4890769394135024,0.789149221842525
GAUSSIAN_STARLET,1,782.2060195239194,0.5143375918392226,0.4842065038815214,0.7391506409532668
GAUSSIAN_STARLET,1,969.3065868069014,0.4748302907526453,0.46205658528886195,0.6985392827056606
GAUSSIAN_STARLET,1,1201.160865265515,0.4140661847606703,0.3905215044516744,0.6625936780668337
GAUSSIAN_STARLET,1,1488.4737645271177,0.3449305768850036,0.3249444886099148,0.6050999361578389
GAUSSIAN_STARLET,1,1844.5107660045044,0.29152040447085575,0.2859412040693164,0.545168290149366
GAUSSIAN_STARLET,1,2285.7104014778506,0.229825398105601,0.237086430793309,0.4720029052130359
GAUSSIAN_STARLET,1,2832.443234116249,0.18148711631385417,0.19208009745485347,0.41409941445839604
GAUSSIAN_STARLET,1,3509.9523847394357,0.14633609914274473,0.1626236592060899,0.362877139543344
GAUSSIAN_STARLET,1,4349.519028218737,0.12250450481785564,0.16100404801433102,0.3053048205036866
GAUSSIAN_STARLET,1,5389.906671979336,0.11436227055785955,0.17561630117405055,0.2728980022209676
GAUSSIAN_STARLET,2,216.01359900522664,0.7149074556480328,0.6638682305562756,0.8774227350472199
GAUSSIAN_STARLET,2,267.68319231686513,0.7479585628136967,0.7078562350869027,0.8890066457135304
GAUSSIAN_STARLET,2,331.7119467428253,0.7097535769256597,0.6726946058561093,0.8653635878170456
GAUSSIAN_STARLET,2,411.05612444155884,0.6415297463207436,0.596822297371002,0.8304132658602053
GAUSSIAN_STARLET,2,509.3791137161358,0.6305557296315965,0.6015198735892151,0.8130148646747116
GAUSSIAN_STARLET,2,631.220570774211,0.5933257521585487,0.5801570314166754,0.7789694369528316
GAUSSIAN_STARLET,2,782.2060195239194,0.5332339176565716,0.5147790639625125,0.7432027843899417
GAUSSIAN_STARLET,2,969.3065868069014,0.49199260149922824,0.4554812360029461,0.7289929473057297
GAUSSIAN_STARLET,2,1201.160865265515,0.43321798961017854,0.4040397921864701,0.6815448070794212
GAUSSIAN_STARLET,2,1488.4737645271177,0.3734627688229299,0.35194984584780603,0.6295162178379504
GAUSSIAN_STARLET,2,1844.5107660045044,0.318220788709827,0.2821917278506525,0.5990408079052155
GAUSSIAN_STARLET,2,2285.7104014778506,0.254853578543883,0.23127704555398804,0.529937278077654
GAUSSIAN_STARLET,2,2832.443234116249,0.19962202097016365,0.1797496800730081,0.4708411210068077
GAUSSIAN_STARLET,2,3509.9523847394357,0.15991789450250948,0.14352770753546762,0.4221134485944701
GAUSSIAN_STARLET,2,4349.519028218737,0.13745735384195706,0.1337558824152303,0.3758473856897305
GAUSSIAN_STARLET,2,5389.906671979336,0.12667726862843715,0.13756490998473436,0.3415425814080225
GAUSSIAN_STARLET,3,216.01359900522664,0.7141301722249973,0.7295315452482443,0.8360944578799308
GAUSSIAN_STARLET,3,267.68319231686513,0.7498324169910537,0.6867423924016448,0.9048306086570934
GAUSSIAN_STARLET,3,331.7119467428253,0.7365425061580455,0.7304658484284107,0.8617828699121789
GAUSSIAN_STARLET,3,411.05612444155884,0.7237922501364656,0.7379378133863143,0.8425662251876581
GAUSSIAN_STARLET,3,509.3791137161358,0.6238855494625866,0.5985612226679461,0.8064002199521629
GAUSSIAN_STARLET,3,631.220570774211,0.6142256920919017,0.6185343617764743,0.7809910603310263
GAUSSIAN_STARLET,3,782.2060195239194,0.5569983982912982,0.5448131128595348,0.7546232303030541
GAUSSIAN_STARLET,3,969.3065868069014,0.49580571174240806,0.4867468694076546,0.7106568427334603
GAUSSIAN_STARLET,3,1201.160865265515,0.43053511904802416,0.40965137885758135,0.6726689361617865
GAUSSIAN_STARLET,3,1488.4737645271177,0.37149749719622976,0.3589016241614591,0.6201092082326797
GAUSSIAN_STARLET,3,1844.5107660045044,0.3060085200011679,0.29414735962634175,0.5642233319214396
GAUSSIAN_STARLET,3,2285.7104014778506,0.23996276990746812,0.2306389581412062,0.4996633928341168
GAUSSIAN_STARLET,3,2832.443234116249,0.18944014449639643,0.18882805345380452,0.43595208411935604
GAUSSIAN_STARLET,3,3509.9523847394357,0.15095351930745346,0.1595756415626073,0.37788525221830366
GAUSSIAN_STARLET,3,4349.519028218737,0.1266531904768213,0.15525366074873959,0.3214365142353285
GAUSSIAN_STARLET,3,5389.906671979336,0.11562033781441587,0.16685169514672502,0.2830537560977918
GAUSSIAN_STARLET,4,216.01359900522664,0.7509424914635372,0.7050689157074409,0.8943157824040217
GAUSSIAN_STARLET,4,267.68319231686513,0.7853307880430646,0.7489567663403387,0.9074532272159093
GAUSSIAN_STARLET,4,331.7119467428253,0.7021115114418771,0.6727778405053854,0.8559930810005447
GAUSSIAN_STARLET,4,411.05612444155884,0.6590574555724579,0.6083661524438311,0.8449689605729637
GAUSSIAN_STARLET,4,509.3791137161358,0.6255914402291044,0.5692179316381905,0.829185141776474
GAUSSIAN_STARLET,4,631.220570774211,0.5949512911092444,0.5420082677958264,0.8081248389391262
GAUSSIAN_STARLET,4,782.2060195239194,0.5484150467560721,0.510298654482572,0.7677099163310438
GAUSSIAN_STARLET,4,969.3065868069014,0.5004856770414636,0.4720165887278801,0.7284722662509105
GAUSSIAN_STARLET,4,1201.160865265515,0.4359917222426127,0.39126938621182644,0.6970120869158007
GAUSSIAN_STARLET,4,1488.4737645271177,0.3829141998022258,0.34379518728527564,0.6530577315154231
GAUSSIAN_STARLET,4,1844.5107660045044,0.3195618654851658,0.28568406653878786,0.597877125967135
GAUSSIAN_STARLET,4,2285.7104014778506,0.25572608491319343,0.231393495782055,0.5316177293476024
GAUSSIAN_STARLET,4,2832.443234116249,0.196618393723005,0.18004879231024992,0.4633711999712153
GAUSSIAN_STARLET,4,3509.9523847394357,0.15796082351358579,0.1497495704011088,0.40819398107111154
GAUSSIAN_STARLET,4,4349.519028218737,0.1385278255537388,0.1439119880836467,0.3651644835858295
GAUSSIAN_STARLET,4,5389.906671979336,0.1328949009673362,0.15086497263838336,0.3421480811341065
GAUSSIAN_STARLET,5,216.01359900522664,0.7215689988722646,0.6937583873267086,0.8663108282589614
GAUSSIAN_STARLET,5,267.68319231686513,0.7275340281819577,0.6924941383173099,0.8742693638742397
GAUSSIAN_STARLET,5,331.7119467428253,0.751505510257011,0.7222558319172301,0.8842735619806424
GAUSSIAN_STARLET,5,411.05612444155884,0.6398144556816725,0.6006522201784726,0.8255483329766714
GAUSSIAN_STARLET,5,509.3791137161358,0.6168070995550502,0.6142253623979561,0.7870194968203282
GAUSSIAN_STARLET,5,631.220570774211,0.5587526926575075,0.5158608648044327,0.777952960949623
GAUSSIAN_STARLET,5,782.2060195239194,0.538423847365886,0.5005323665621868,0.7610412621171004
GAUSSIAN_STARLET,5,969.3065868069014,0.47157477180002183,0.44817868686588525,0.704409108963784
GAUSSIAN_STARLET,5,1201.160865265515,0.4133264119128726,0.4064886982383627,0.6482893995608839
GAUSSIAN_STARLET,5,1488.4737645271177,0.35682068433527253,0.33916239346195753,0.6126975956821445
GAUSSIAN_STARLET,5,1844.5107660045044,0.29510288386771283,0.2901928729131122,0.5478101599278118
GAUSSIAN_STARLET,5,2285.7104014778506,0.2330285757795672,0.2345529207764665,0.4811591601611562
GAUSSIAN_STARLET,5,2832.443234116249,0.18317195615105228,0.19343575436682908,0.41647660224819294
GAUSSIAN_STARLET,5,3509.9523847394357,0.14179447232621387,0.16040711531362284,0.35403604979041153
GAUSSIAN_STARLET,5,4349.519028218737,0.11872648593897564,0.15248401449602111,0.30404331228063713
GAUSSIAN_STARLET,5,5389.906671979336,0.10680883750462188,0.16272621559793438,0.2647758836058806
GAUSSIAN_STARLET,6,216.01359900522664,0.7995599640161014,0.7736674224231529,0.909020934005056
GAUSSIAN_STARLET,6,267.68319231686513,0.7223390776501586,0.7257805055005743,0.8478879454218925
GAUSSIAN_STARLET,6,331.7119467428253,0.6846335833322714,0.6340960290545957,0.8597668222934792
GAUSSIAN_STARLET,6,411.05612444155884,0.6632634151050001,0.6370101333107995,0.8310226717429708
GAUSSIAN_STARLET,6,509.3791137161358,0.640958508903511,0.644414595225399,0.7984490954718381
GAUSSIAN_STARLET,6,631.220570774211,0.5634514781419184,0.5307308735804883,0.7734270311252207
GAUSSIAN_STARLET,6,782.2060195239194,0.5380604533441381,0.5111589670784247,0.752580708093137
GAUSSIAN_STARLET,6,969.3065868069014,0.47409984918286674,0.4449640551559276,0.7107344267630771
GAUSSIAN_STARLET,6,1201.160865265515,0.41590039516399996,0.4171836400880511,0.6439107837772005
GAUSSIAN_STARLET,6,1488.4737645271177,0.35121074830339094,0.34055935160265016,0.6018266195837502
GAUSSIAN_STARLET,6,1844.5107660045044,0.2934502493901914,0.2808568641413503,0.5537222330983013
GAUSSIAN_STARLET,6,2285.7104014778506,0.24024792287202523,0.22784734380149813,0.5033124305755301
GAUSSIAN_STARLET,6,2832.443234116249,0.1815992013824671,0.17626199428548167,0.4325482850803421
GAUSSIAN_STARLET,6,3509.9523847394357,0.14316621529463797,0.14367431347939053,0.3777034736109917
GAUSSIAN_STARLET,6,4349.519028218737,0.12324691265064597,0.13417828835940568,0.33646115017221645
GAUSSIAN_STARLET,6,5389.906671979336,0.11207460257338946,0.1366756350330452,0.3031528512592552
GAUSSIAN_STARLET,7,216.01359900522664,0.8069498273155348,0.7890374675308265,0.9084430775341283
GAUSSIAN_STARLET,7,267.68319231686513,0.7427442235530333,0.6974354102743787,0.8893798506877368
GAUSSIAN_STARLET,7,331.7119467428253,0.7133752498890131,0.6214240353856977,0.904948812048951
GAUSSIAN_STARLET,7,411.05612444155884,0.671855362629541,0.6171836159570897,0.8552017751973445
GAUSSIAN_STARLET,7,509.3791137161358,0.6445791669259818,0.5816872278921265,0.84514553381128
GAUSSIAN_STARLET,7,631.220570774211,0.6108571953205301,0.5563235159210227,0.8189850701853382
GAUSSIAN_STARLET,7,782.2060195239194,0.566469384011643,0.511420181984786,0.7921136755551412
GAUSSIAN_STARLET,7,969.3065868069014,0.5102064661775209,0.4569054092479,0.7548015938933699
GAUSSIAN_STARLET,7,1201.160865265515,0.4461799462458772,0.37908809149299527,0.7246694880306733
GAUSSIAN_STARLET,7,1488.4737645271177,0.3919450174324894,0.33692251870310447,0.6752430588534389
GAUSSIAN_STARLET,7,1844.5107660045044,0.3252449047387369,0.27799693486829286,0.6168655229658345
GAUSSIAN_STARLET,7,2285.7104014778506,0.25926648826516796,0.22319857202536975,0.5487830377634131
GAUSSIAN_STARLET,7,2832.443234116249,0.19844091037042805,0.17871566611465267,0.4694073641973652
GAUSSIAN_STARLET,7,3509.9523847394357,0.1610246050572449,0.15338273726021612,0.4111535086057785
GAUSSIAN_STARLET,7,4349.519028218737,0.13824744011340895,0.14859112596724472,0.3586415984825502
GAUSSIAN_STARLET,7,5389.906671979336,0.1292656405104447,0.15783165460135004,0.32537639849657507
GAUSSIAN_STARLET,8,216.01359900522664,0.7596103007408109,0.734365112888058,0.8864103674992128
GAUSSIAN_STARLET,8,267.68319231686513,0.7032938280380697,0.6768595925999922,0.8548452680989185
GAUSSIAN_STARLET,8,331.7119467428253,0.7019556897803907,0.6636578692618756,0.8616632574929426
GAUSSIAN_STARLET,8,411.05612444155884,0.6610101611408621,0.6308390330796962,0.8322405200707637
GAUSSIAN_STARLET,8,509.3791137161358,0.6068025658395372,0.6152011608872092,0.7736398558892446
GAUSSIAN_STARLET,8,631.220570774211,0.5666073021166506,0.5364481521437814,0.7736032584347025
GAUSSIAN_STARLET,8,782.2060195239194,0.5370878107054201,0.5224786058078927,0.7430380263693919
GAUSSIAN_STARLET,8,969.3065868069014,0.499735553125595,0.48384708348303423,0.7184328535231683
GAUSSIAN_STARLET,8,1201.160865265515,0.419691785460162,0.4134311908804606,0.6527229001002591
GAUSSIAN_STARLET,8,1488.4737645271177,0.3691277231398744,0.3546649980819852,0.6198227304505961
GAUSSIAN_STARLET,8,1844.5107660045044,0.31083789237412124,0.30486017988475456,0.5629678642037249
GAUSSIAN_STARLET,8,2285.7104014778506,0.25670075060119624,0.23533561350773619,0.5291554962632298
GAUSSIAN_STARLET,8,2832.443234116249,0.19800875483733896,0.18268244667036984,0.46327192599203626
GAUSSIAN_STARLET,8,3509.9523847394357,0.15404866863765357,0.1508162473245603,0.3966741357046437
GAUSSIAN_STARLET,8,4349.519028218737,0.1290618676411903,0.13520975238951777,0.3509893481902329
GAUSSIAN_STARLET,8,5389.906671979336,0.11668636780364892,0.14092556199676964,0.31083164991173173
GAUSSIAN_STARLET,9,216.01359900522664,0.7683111769422172,0.7351679509130148,0.8960739831174499
GAUSSIAN_STARLET,9,267.68319231686513,0.7498287095356015,0.686084663077087,0.9052597461259762
GAUSSIAN_STARLET,9,331.7119467428253,0.7581271799118179,0.7332151313900067,0.885373170729613
GAUSSIAN_STARLET,9,411.05612444155884,0.6851326449616342,0.6467054481576219,0.8519643087406593
GAUSSIAN_STARLET,9,509.3791137161358,0.6314184873722976,0.5939106229379681,0.8193260190902322
GAUSSIAN_STARLET,9,631.220570774211,0.6171549756918391,0.5787042756146393,0.8112708831171015
GAUSSIAN_STARLET,9,782.2060195239194,0.5464955474110772,0.5075996040550774,0.7670540910081692
GAUSSIAN_STARLET,9,969.3065868069014,0.49123343411696035,0.45627570251819255,0.727234119966449
GAUSSIAN_STARLET,9,1201.160865265515,0.4356485846529191,0.4023230716623699,0.6868293386407684
GAUSSIAN_STARLET,9,1488.4737645271177,0.3642864841176474,0.3300152276110639,0.6341267420245166
GAUSSIAN_STARLET,9,1844.5107660045044,0.30849371977416185,0.28709755660611225,0.575746861243018
GAUSSIAN_STARLET,9,2285.7104014778506,0.24520673740855606,0.2390448265110921,0.5015251591237132
GAUSSIAN_STARLET,9,2832.443234116249,0.1921429121781218,0.19246975422971968,0.4379687490593022
GAUSSIAN_STARLET,9,3509.9523847394357,0.14897031060787763,0.16845644284488798,0.36295761321617714
GAUSSIAN_STARLET,9,4349.519028218737,0.12548789189834303,0.16695973830310465,0.3071114057189514
GAUSSIAN_STARLET,9,5389.906671979336,0.11396054258094745,0.18088553168998486,0.26794927908707866
GAUSSIAN_STARLET,10,216.01359900522664,0.7227164764145799,0.7045739136492434,0.8610030224231378
GAUSSIAN_STARLET,10,267.68319231686513,0.7457772075436191,0.688460865117219,0.8988132731191635
GAUSSIAN_STARLET,10,331.7119467428253,0.7004460054143519,0.660974399549087,0.8615536831620193
GAUSSIAN_STARLET,10,411.05612444155884,0.6851996248768123,0.6384982907245605,0.857506157051838
GAUSSIAN_STARLET,10,509.3791137161358,0.6513712685314899,0.6121638397603786,0.8325201658014462
GAUSSIAN_STARLET,10,631.220570774211,0.6041851568815385,0.5634741272099931,0.8048835693312754
GAUSSIAN_STARLET,10,782.2060195239194,0.5353853471480653,0.5110263525730167,0.748936217056473
GAUSSIAN_STARLET,10,969.3065868069014,0.498887573414792,0.46731267208977884,0.72979167928414
GAUSSIAN_STARLET,10,1201.160865265515,0.43683408797657,0.41394146119304753,0.6789644829046503
GAUSSIAN_STARLET,10,1488.4737645271177,0.3779389086964652,0.3509770471608894,0.6379435440836042
GAUSSIAN_STARLET,10,1844.5107660045044,0.3118191415604229,0.28145599543914696,0.5877566066364867
GAUSSIAN_STARLET,10,2285.7104014778506,0.2489380475891495,0.22441599818147415,0.525489898774907
GAUSSIAN_STARLET,10,2832.443234116249,0.19837418247367133,0.17939316656248142,0.4683625933344702
GAUSSIAN_STARLET,10,3509.9523847394357,0.15871192315983274,0.1466799949399036,0.4144041643617094
GAUSSIAN_STARLET,10,4349.519028218737,0.13748268125664553,0.134660214909942,0.37465224709259826
GAUSSIAN_STARLET,10,5389.906671979336,0.13146882298229218,0.13622456102171052,0.35620094412703474
GAUSSIAN_STARLET,11,216.01359900522664,0.7810437929159191,0.7344610913333234,0.9113621514357619
GAUSSIAN_STARLET,11,267.68319231686513,0.7427017594035112,0.6718020228879134,0.9061368642545925
GAUSSIAN_STARLET,11,331.7119467428253,0.7520579467361844,0.7046710314284887,0.8958970272180453
GAUSSIAN_STARLET,11,411.05612444155884,0.7071578651989354,0.6581658120407289,0.8716632102314497
GAUSSIAN_STARLET,11,509.3791137161358,0.676868525136034,0.6517528987320683,0.8384223248819856
GAUSSIAN_STARLET,11,631.220570774211,0.6171832705975816,0.5780512099166198,0.8117662446614851
GAUSSIAN_STARLET,11,782.2060195239194,0.5748286723239238,0.5351054782458833,0.785812121889429
GAUSSIAN_STARLET,11,969.3065868069014,0.5044683933898917,0.47604323449217023,0.7311572029250154
GAUSSIAN_STARLET,11,1201.160865265515,0.45175347484988326,0.41640104665028366,0.7000766546954057
GAUSSIAN_STARLET,11,1488.4737645271177,0.37325261544599964,0.3386692935282522,0.6413793138296924
GAUSSIAN_STARLET,11,1844.5107660045044,0.3233739879645338,0.2891110158583309,0.6014129324644759
GAUSSIAN_STARLET,11,2285.7104014778506,0.2596391506635424,0.2288378143189654,0.5427580634649758
GAUSSIAN_STARLET,11,2832.443234116249,0.19995695682793654,0.18837895879985606,0.46070223852294545
GAUSSIAN_STARLET,11,3509.9523847394357,0.16330648267442882,0.16040741925990973,0.40774739879707694
GAUSSIAN_STARLET,11,4349.519028218737,0.13861728302718396,0.16094545600709362,0.3455238437503913
GAUSSIAN_STARLET,11,5389.906671979336,0.13010346376101192,0.17241368840162588,0.31333072791961947
GAUSSIAN_STARLET,12,216.01359900522664,0.7426430597598839,0.6488160147658406,0.921975427225578
GAUSSIAN_STARLET,12,267.68319231686513,0.701220573583727,0.6359499615745153,0.8793123582271107
GAUSSIAN_STARLET,12,331.7119467428253,0.7300937967208049,0.6864410886446918,0.8812051421513043
GAUSSIAN_STARLET,12,411.05612444155884,0.6863220851398648,0.691896908339416,0.8251013149797591
GAUSSIAN_STARLET,12,509.3791137161358,0.6459117869891766,0.589464565845769,0.8412873486872278
GAUSSIAN_STARLET,12,631.220570774211,0.5907946086265922,0.5408443426172271,0.8033418236609514
GAUSSIAN_STARLET,12,782.2060195239194,0.5476646307686224,0.5002900007221227,0.7742902362870113
GAUSSIAN_STARLET,12,969.3065868069014,0.48817061818806373,0.4457635748790282,0.7311716565933815
GAUSSIAN_STARLET,12,1201.160865265515,0.42683797175873733,0.3841574939986546,0.6886656046707194
GAUSSIAN_STARLET,12,1488.4737645271177,0.3632913983424805,0.3231152827394813,0.6391111072055222
GAUSSIAN_STARLET,12,1844.5107660045044,0.30456257759813576,0.26489136411287884,0.5917559582960333
GAUSSIAN_STARLET,12,2285.7104014778506,0.24607988627344612,0.21054617624977234,0.5362933825441296
GAUSSIAN_STARLET,12,2832.443234116249,0.195709347724339,0.17045509458708513,0.4740308171873191
GAUSSIAN_STARLET,12,3509.9523847394357,0.15300419474240476,0.14085786424577917,0.4076737872910162
GAUSSIAN_STARLET,12,4349.519028218737,0.13159232183522482,0.13532516299540406,0.3577183923766783
GAUSSIAN_STARLET,12,5389.906671979336,0.12381319320196825,0.1448643509256436,0.3253015719865984
GAUSSIAN_STARLET,13,216.01359900522664,0.7692415084672073,0.7044337726836727,0.916521434655491
GAUSSIAN_STARLET,13,267.68319231686513,0.7028707693154326,0.6306240721639779,0.885095657790898
GAUSSIAN_STARLET,13,331.7119467428253,0.6602098236614619,0.6250554458907596,0.8350696704314305
GAUSSIAN_STARLET,13,411.05612444155884,0.6323866512783627,0.5937343725816742,0.8207040906764534
GAUSSIAN_STARLET,13,509.3791137161358,0.5996567669176792,0.5681193081273939,0.795578364598429
GAUSSIAN_STARLET,13,631.220570774211,0.5575143503618326,0.5506604601312871,0.7513012369996773
GAUSSIAN_STARLET,13,782.2060195239194,0.5100374283836715,0.5152191922751531,0.7105686311315259
GAUSSIAN_STARLET,13,969.3065868069014,0.4614428482636052,0.4452019282011039,0.6915751842003586
GAUSSIAN_STARLET,13,1201.160865265515,0.39675798977987353,0.39402333980778464,0.6320693151159036
GAUSSIAN_STARLET,13,1488.4737645271177,0.3452132350782307,0.33521158122619416,0.5962493661733879
GAUSSIAN_STARLET,13,1844.5107660045044,0.2844898727582834,0.297773253198747,0.5213435059853891
GAUSSIAN_STARLET,13,2285.7104014778506,0.23075024731591337,0.23950725296128403,0.4715012412318635
GAUSSIAN_STARLET,13,2832.443234116249,0.17468658785277502,0.19669393936556506,0.3938801300491295
GAUSSIAN_STARLET,13,3509.9523847394357,0.1343814032717741,0.1635040474755622,0.33233410952613684
GAUSSIAN_STARLET,13,4349.519028218737,0.11726199797386357,0.1565024210671116,0.2964126673179054
GAUSSIAN_STARLET,13,5389.906671979336,0.10751603581597297,0.16562528560398337,0.26418607535106353
GAUSSIAN_STARLET,14,216.01359900522664,0.7498246562294063,0.7129946524090373,0.8880073916293615
GAUSSIAN_STARLET,14,267.68319231686513,0.7213180912068816,0.724952664425555,0.8471727923136635
GAUSSIAN_STARLET,14,331.7119467428253,0.6823546202093309,0.6302955980338334,0.8594844019946247
GAUSSIAN_STARLET,14,411.05612444155884,0.6982321637638929,0.6920187927612469,0.839345770370481
GAUSSIAN_STARLET,14,509.3791137161358,0.6303341446759699,0.6215752857601563,0.7995101175574584
GAUSSIAN_STARLET,14,631.220570774211,0.5696674665073366,0.5594550226953133,0.7616208578027583
GAUSSIAN_STARLET,14,782.2060195239194,0.5343267103899092,0.5103960881415937,0.7479166750116177
GAUSSIAN_STARLET,14,969.3065868069014,0.4929834548329791,0.4741468421961241,0.7159388219479244
GAUSSIAN_STARLET,14,1201.160865265515,0.42935873489031967,0.4114861643127277,0.6693336882270028
GAUSSIAN_STARLET,14,1488.4737645271177,0.3601344276093091,0.3522264125765402,0.6068113294306133
GAUSSIAN_STARLET,14,1844.5107660045044,0.29603784600613126,0.2795016298633421,0.5599574965354635
GAUSSIAN_STARLET,14,2285.7104014778506,0.23956036668623423,0.23001222183202122,0.4995046236468124
GAUSSIAN_STARLET,14,2832.443234116249,0.19216999187914813,0.18358425245409585,0.4485055887473647
GAUSSIAN_STARLET,14,3509.9523847394357,0.15096889698479796,0.15057485222543626,0.389055231212866
GAUSSIAN_STARLET,14,4349.519028218737,0.1303514356711739,0.14113135355069273,0.34697969857490596
GAUSSIAN_STARLET,14,5389.906671979336,0.1252375406577107,0.14744906427966875,0.3261470991915854
GAUSSIAN_STARLET,15,216.01359900522664,0.7928647707371924,0.7755382231518304,0.9003212850232839
GAUSSIAN_STARLET,15,267.68319231686513,0.7588381033641467,0.7468298848670885,0.8780884927239382
GAUSSIAN_STARLET,15,331.7119467428253,0.716204823457385,0.6779763269225423,0.8698211764230175
GAUSSIAN_STARLET,15,411.05612444155884,0.6649334231649602,0.655041034450902,0.8215687470409135
GAUSSIAN_STARLET,15,509.3791137161358,0.6357480979937371,0.5759812598019924,0.8376852970924378
GAUSSIAN_STARLET,15,631.220570774211,0.6051477752349633,0.596121523251186,0.7837797518393057
GAUSSIAN_STARLET,15,782.2060195239194,0.5296827153647276,0.5175153836109353,0.7362989297177991
GAUSSIAN_STARLET,15,969.3065868069014,0.48864589769540895,0.465244579075688,0.7163967324825701
GAUSSIAN_STARLET,15,1201.160865265515,0.42958454311414135,0.4058106543028864,0.6743524258482889
GAUSSIAN_STARLET,15,1488.4737645271177,0.36217247459396795,0.3355960666921218,0.6251827830475355
GAUSSIAN_STARLET,15,1844.5107660045044,0.29607368226470193,0.2777628011246958,0.5617754592469041
GAUSSIAN_STARLET,15,2285.7104014778506,0.24214666588613343,0.23094361207402375,0.5038781388681163
GAUSSIAN_STARLET,15,2832.443234116249,0.1933815143183544,0.1926518161801282,0.44058367684195615
GAUSSIAN_STARLET,15,3509.9523847394357,0.15065144280481,0.1632944747054073,0.3728099976329351
GAUSSIAN_STARLET,15,4349.519028218737,0.1272974247689739,0.1624491850315733,0.31583543181715984
GAUSSIAN_STARLET,15,5389.906671979336,0.11906819391341397,0.1811551460871602,0.2797502145581016
GAUSSIAN_STARLET,16,216.01359900522664,0.7729852427903315,0.7399228603081325,0.8986239313520609
GAUSSIAN_STARLET,16,267.68319231686513,0.7217011362985905,0.6721025048604845,0.8803181014723814
GAUSSIAN_STARLET,16,331.7119467428253,0.7308130184444039,0.6945594700560268,0.8769030014014232
GAUSSIAN_STARLET,16,411.05612444155884,0.7319244127074749,0.7025030365830747,0.8732571093638553
GAUSSIAN_STARLET,16,509.3791137161358,0.6608560583943446,0.6131785127454625,0.8439435762965996
GAUSSIAN_STARLET,16,631.220570774211,0.610386880964157,0.5775347754989458,0.8031859833358369
GAUSSIAN_STARLET,16,782.2060195239194,0.5750812413044815,0.5420277606615055,0.7811212207339558
GAUSSIAN_STARLET,16,969.3065868069014,0.5268374254283721,0.48198607913851,0.7588559981987425
GAUSSIAN_STARLET,16,1201.160865265515,0.45561270563930006,0.4080554600550946,0.713240884688771
GAUSSIAN_STARLET,16,1488.4737645271177,0.39342842916934717,0.3330751409318317,0.6817020950597682
GAUSSIAN_STARLET,16,1844.5107660045044,0.33438316192252915,0.28288858910589654,0.6286901923011955
GAUSSIAN_STARLET,16,2285.7104014778506,0.27567913204663264,0.22416098843211954,0.582269278067
GAUSSIAN_STARLET,16,2832.443234116249,0.21513299001107541,0.1761850168039401,0.512533819047497
GAUSSIAN_STARLET,16,3509.9523847394357,0.17135098681741623,0.14399675067805,0.4515545926842082
GAUSSIAN_STARLET,16,4349.519028218737,0.14693450178100337,0.13459748876089228,0.4005025689590422
GAUSSIAN_STARLET,16,5389.906671979336,0.13076126231879248,0.13918519472630558,0.35049561081197805
GAUSSIAN_STARLET,17,216.01359900522664,0.7420583429027474,0.7334533551819302,0.8664665519595915
GAUSSIAN_STARLET,17,267.68319231686513,0.7199904800676569,0.7317198529049098,0.8416942007235338
GAUSSIAN_STARLET,17,331.7119467428253,0.6930131572937887,0.6541287508586717,0.856859983190837
GAUSSIAN_STARLET,17,411.05612444155884,0.6483594896189111,0.6249521791842612,0.8201484686472561
GAUSSIAN_STARLET,17,509.3791137161358,0.6282489958261113,0.5850421723169893,0.8213688276336876
GAUSSIAN_STARLET,17,631.220570774211,0.5955112710077612,0.5643551039466218,0.7927089417697032
GAUSSIAN_STARLET,17,782.2060195239194,0.5523040791547141,0.5245731593452034,0.7625621025158735
GAUSSIAN_STARLET,17,969.3065868069014,0.495901204272661,0.4810830005779287,0.7149656178718056
GAUSSIAN_STARLET,17,1201.160865265515,0.4265684604909772,0.40123907916888585,0.6734217345158107
GAUSSIAN_STARLET,17,1488.4737645271177,0.36298133885058065,0.3495854879823389,0.6139140889149695
GAUSSIAN_STARLET,17,1844.5107660045044,0.2981211676757998,0.3014224747443375,0.5430064621397777
GAUSSIAN_STARLET,17,2285.7104014778506,0.2431242028344635,0.23515678447809615,0.5013597188738887
GAUSSIAN_STARLET,17,2832.443234116249,0.18975420677642102,0.1965466189089213,0.42801464010835355
GAUSSIAN_STARLET,17,3509.9523847394357,0.14634525901700796,0.16195016182098368,0.3636536613434272
GAUSSIAN_STARLET,17,4349.519028218737,0.12356646452567797,0.15077658446552453,0.31822454216710316
GAUSSIAN_STARLET,17,5389.906671979336,0.11331846183106264,0.15579254934552617,0.2870961237081332
GAUSSIAN_STARLET,18,216.01359900522664,0.7648983409725483,0.6965312215067204,0.9165020166141806
GAUSSIAN_STARLET,18,267.68319231686513,0.717944401480183,0.6436257325009009,0.8948991873074804
GAUSSIAN_STARLET,18,331.7119467428253,0.7490546609129225,0.715471534273144,0.8855586527994083
GAUSSIAN_STARLET,18,411.05612444155884,0.7141893663508,0.6646889553897639,0.8760000851647848
GAUSSIAN_STARLET,18,509.3791137161358,0.6800787833527905,0.6453987465392607,0.8465354847654618
GAUSSIAN_STARLET,18,631.220570774211,0.653781486040687,0.6112430655887424,0.8362298101828228
GAUSSIAN_STARLET,18,782.2060195239194,0.5880141345061445,0.5654631320789434,0.781961945480218
GAUSSIAN_STARLET,18,969.3065868069014,0.5312080824810034,0.4897794865343194,0.7590395027961395
GAUSSIAN_STARLET,18,1201.160865265515,0.4720523518198228,0.4454507302200881,0.7072782908423835
GAUSSIAN_STARLET,18,1488.4737645271177,0.4205366275792965,0.3970636903050423,0.6673808493781965
GAUSSIAN_STARLET,18,1844.5107660045044,0.34690866554221045,0.3212840477966055,0.6120269791514665
GAUSSIAN_STARLET,18,2285.7104014778506,0.28120486505343717,0.26308960601537934,0.5482403357024501
GAUSSIAN_STARLET,18,2832.443234116249,0.21913800788509463,0.20960897934741546,0.47864416360114037
GAUSSIAN_STARLET,18,3509.9523847394357,0.17186974038635308,0.17071835959962434,0.41596741033875917
GAUSSIAN_STARLET,18,4349.519028218737,0.14314251222783647,0.1601106536270965,0.3577326006690831
GAUSSIAN_STARLET,18,5389.906671979336,0.1348497141631919,0.16769376107620454,0.3292998838892533
GAUSSIAN_STARLET,19,216.01359900522664,0.7101546084342604,0.7338491908537109,0.8289903971826368
GAUSSIAN_STARLET,19,267.68319231686513,0.7784198340379641,0.8173310454974545,0.8610232830577929
GAUSSIAN_STARLET,19,331.7119467428253,0.7050920596974997,0.7210587378741388,0.8303486844422984
GAUSSIAN_STARLET,19,411.05612444155884,0.6473489730033587,0.6379553897730983,0.8104818765301239
GAUSSIAN_STARLET,19,509.3791137161358,0.6199475279109528,0.6475591428366869,0.7703981173124211
GAUSSIAN_STARLET,19,631.220570774211,0.5449508267144889,0.5376873581897226,0.7431772436029568
GAUSSIAN_STARLET,19,782.2060195239194,0.5098166141580782,0.47023907447802626,0.7434548986680968
GAUSSIAN_STARLET,19,969.3065868069014,0.4626413409171706,0.44248510510984557,0.6954967581568509
GAUSSIAN_STARLET,19,1201.160865265515,0.4032612394228238,0.3920847737648435,0.6440157550685641
GAUSSIAN_STARLET,19,1488.4737645271177,0.3505788849790397,0.3413156999050521,0.600077886242426
GAUSSIAN_STARLET,19,1844.5107660045044,0.2855875157157061,0.26788914712735507,0.5517745418196743
GAUSSIAN_STARLET,19,2285.7104014778506,0.23274141024722955,0.22450891048465105,0.491198317284146
GAUSSIAN_STARLET,19,2832.443234116249,0.18179417746924456,0.18235323203187254,0.42571919952464526
GAUSSIAN_STARLET,19,3509.9523847394357,0.14041533060146005,0.15448686260890518,0.3572471313288247
GAUSSIAN_STARLET,19,4349.519028218737,0.11763921041434197,0.14701669655635538,0.3068094773849226
GAUSSIAN_STARLET,19,5389.906671979336,0.10813785492437443,0.1535085653470862,0.2760015010423748
MCALENS,0,216.01359900522664,0.8473810839725874,0.8928703185273108,0.8967772288221836
MCALENS,0,267.68319231686513,0.8110008436685004,0.8244778067687766,0.893165256716755
MCALENS,0,331.7119467428253,0.801366977833505,0.8217543517374103,0.8840166321704787
MCALENS,0,411.05612444155884,0.8249574950948635,0.8736039140859934,0.8826210625036066
MCALENS,0,509.3791137161358,0.7855667852431136,0.8941023824176357,0.8307866067734302
MCALENS,0,631.220570774211,0.7807055207733992,0.9022221103606259,0.8219218341364197
MCALENS,0,782.2060195239194,0.7399403778260384,0.8835957860972269,0.7871724917299981
MCALENS,0,969.3065868069014,0.6919853057032332,0.7988851378920212,0.7742027353746364
MCALENS,0,1201.160865265515,0.6226110931653217,0.7360436082238405,0.725713298502153
MCALENS,0,1488.4737645271177,0.5440078337986543,0.6443578953798581,0.6777063836341263
MCALENS,0,1844.5107660045044,0.4564253259580633,0.5269259288256158,0.6287745419471786
MCALENS,0,2285.7104014778506,0.3621129497686388,0.40066748194663976,0.572073733600742
MCALENS,0,2832.443234116249,0.2561950069511468,0.2600720518573888,0.5023701418295283
MCALENS,0,3509.9523847394357,0.17787039361871523,0.16130945756439302,0.4428674389707897
MCALENS,0,4349.519028218737,0.13289107137089057,0.12214820546653403,0.3802351460393514
MCALENS,0,5389.906671979336,0.12064847069969581,0.11609799449771224,0.354086576159562
MCALENS,1,216.01359900522664,0.8450950332978792,0.9019235240061497,0.889857965077178
MCALENS,1,267.68319231686513,0.8235464771986796,0.8475615741063568,0.8945456009540841
MCALENS,1,331.7119467428253,0.7642444279504143,0.8398686944070495,0.8339242139316861
MCALENS,1,411.05612444155884,0.7932933701111302,0.8597262166249519,0.8555664374394503
MCALENS,1,509.3791137161358,0.7470604040605323,0.8351965626007558,0.817450322074962
MCALENS,1,631.220570774211,0.7084102782697353,0.7928542647372321,0.7955879019110478
MCALENS,1,782.2060195239194,0.6823435793835302,0.8319318183466896,0.7480992889369257
MCALENS,1,969.3065868069014,0.6488667382111094,0.8323553468793204,0.7112153565732264
MCALENS,1,1201.160865265515,0.5730092769396669,0.7197635865707818,0.6754088040260476
MCALENS,1,1488.4737645271177,0.47785945320013196,0.6001468094127488,0.6168384412318574
MCALENS,1,1844.5107660045044,0.40519669515860324,0.526954109571054,0.5581867158839855
MCALENS,1,2285.7104014778506,0.31086966868788024,0.40922361563663884,0.48595718340266575
MCALENS,1,2832.443234116249,0.22450962586144685,0.28228271827748186,0.4225643169754786
MCALENS,1,3509.9523847394357,0.15312144495751692,0.18195027761808222,0.3589712418425549
MCALENS,1,4349.519028218737,0.11189236002927304,0.14185057012585525,0.2970878502826619
MCALENS,1,5389.906671979336,0.09692519975573397,0.1354803851310542,0.263328880892419
MCALENS,2,216.01359900522664,0.7478570610593394,0.7165320264831472,0.8834882850569535
MCALENS,2,267.68319231686513,0.801985101587044,0.8000596062995664,0.8966132002956315
MCALENS,2,331.7119467428253,0.782117483664445,0.8222705451523625,0.8625109702776352
MCALENS,2,411.05612444155884,0.7421066707015381,0.7843815220126628,0.8379201962801571
MCALENS,2,509.3791137161358,0.7630500344324557,0.8759962995193754,0.8152707863404476
MCALENS,2,631.220570774211,0.7565311773063655,0.913691772955667,0.7914563596205144
MCALENS,2,782.2060195239194,0.6948071809112629,0.8521735255485177,0.7526625011918667
MCALENS,2,969.3065868069014,0.6515216370865256,0.7860867289811102,0.7348413917658139
MCALENS,2,1201.160865265515,0.5859830245117256,0.7146083288557246,0.6931879398123318
MCALENS,2,1488.4737645271177,0.5004736795717551,0.6313035710615927,0.6298862374331415
MCALENS,2,1844.5107660045044,0.4268287772073061,0.5089469433296597,0.5982978429749066
MCALENS,2,2285.7104014778506,0.3306236185870612,0.38830813748201926,0.530573590361464
MCALENS,2,2832.443234116249,0.23407676597884125,0.24928598481733527,0.46882350487150426
MCALENS,2,3509.9523847394357,0.16261010826597538,0.15334474590409994,0.4152532965620908
MCALENS,2,4349.519028218737,0.12049295640392393,0.11732980380232089,0.35176893838358103
MCALENS,2,5389.906671979336,0.1062731185505564,0.10854406375066594,0.3225673352639084
MCALENS,3,216.01359900522664,0.7145123652958691,0.7255828138145926,0.8388151298961517
MCALENS,3,267.68319231686513,0.7949501099169718,0.7771686828696714,0.9017418541981217
MCALENS,3,331.7119467428253,0.8155054611542355,0.8894180243674387,0.8647168276077335
MCALENS,3,411.05612444155884,0.8177181546533993,0.9382068193545907,0.8442174936514694
MCALENS,3,509.3791137161358,0.7537202892612498,0.8528003204359467,0.8161810904754878
MCALENS,3,631.220570774211,0.7678476902772629,0.9528656497197849,0.7866096077824912
MCALENS,3,782.2060195239194,0.7286888466656832,0.9197073446950461,0.7598315016396632
MCALENS,3,969.3065868069014,0.6575283918226409,0.8404050774279537,0.717249371626284
MCALENS,3,1201.160865265515,0.5836560459183591,0.7360964300605826,0.6802830228952902
MCALENS,3,1488.4737645271177,0.5100149899305669,0.6530422002922434,0.6311205438926192
MCALENS,3,1844.5107660045044,0.4239246808873578,0.5448418850071043,0.5743193628495695
MCALENS,3,2285.7104014778506,0.3206362089463082,0.40599961264347806,0.5032105704986968
MCALENS,3,2832.443234116249,0.2300057073593227,0.2721145857766193,0.4409229476505057
MCALENS,3,3509.9523847394357,0.1504746099356074,0.16676587058716,0.36847636699955333
MCALENS,3,4349.519028218737,0.10349934365260269,0.12412304809824885,0.2937726627237378
MCALENS,3,5389.906671979336,0.08387070343293208,0.11001366656512379,0.2528639780152267
MCALENS,4,216.01359900522664,0.754895766267106,0.712611154172865,0.8942535682701407
MCALENS,4,267.68319231686513,0.8364118404135656,0.8466521423163228,0.9090079182809272
MCALENS,4,331.7119467428253,0.78828823283997,0.8359568132331148,0.8621704282560397
MCALENS,4,411.05612444155884,0.7638016618827655,0.8072698276091407,0.850102392896913
MCALENS,4,509.3791137161358,0.7656974332765678,0.8433381108933403,0.8337893198966392
MCALENS,4,631.220570774211,0.7549053928052689,0.8573648431434139,0.8152854511266152
MCALENS,4,782.2060195239194,0.7218724165531569,0.8716525571613478,0.7731944767555011
MCALENS,4,969.3065868069014,0.6693447807684861,0.8242389031367151,0.7372645070812553
MCALENS,4,1201.160865265515,0.5922995776187233,0.7101264173679537,0.7028677039370358
MCALENS,4,1488.4737645271177,0.5311468396911916,0.6462583015806413,0.6607109954414278
MCALENS,4,1844.5107660045044,0.44551854643512745,0.5426143370323482,0.6048116606075004
MCALENS,4,2285.7104014778506,0.3451989478591081,0.41193979434975125,0.5378393698626532
MCALENS,4,2832.443234116249,0.24294034435704825,0.26654799875823515,0.4705566655126335
MCALENS,4,3509.9523847394357,0.1654229932329754,0.16863337332047273,0.40283213771972826
MCALENS,4,4349.519028218737,0.12436631077001424,0.12865867292016112,0.3467234519386074
MCALENS,4,5389.906671979336,0.11085373360732341,0.12012284893769644,0.31984348810445384
MCALENS,5,216.01359900522664,0.744229743352413,0.7730767060938049,0.8464391238024238
MCALENS,5,267.68319231686513,0.774342390471874,0.7808842748844215,0.8762735365838439
MCALENS,5,331.7119467428253,0.8358825202690151,0.8867414121010547,0.8876602001298739
MCALENS,5,411.05612444155884,0.7484341704517751,0.8125243811149836,0.8303007048809365
MCALENS,5,509.3791137161358,0.7536261252948498,0.9006648201849172,0.794098444926129
MCALENS,5,631.220570774211,0.7104320748418116,0.8233722964875446,0.7829327062374587
MCALENS,5,782.2060195239194,0.7134814309767445,0.863854433506978,0.7676484748865543
MCALENS,5,969.3065868069014,0.6375563513068012,0.7880070550453172,0.7182134330305869
MCALENS,5,1201.160865265515,0.5727225441893274,0.7477990467066566,0.6622955318064261
MCALENS,5,1488.4737645271177,0.5008638402686736,0.6546225698141221,0.6190478102572939
MCALENS,5,1844.5107660045044,0.4108080412265838,0.5508236301266644,0.5535191547852678
MCALENS,5,2285.7104014778506,0.31755502421465837,0.42360699254263984,0.4879074259406989
MCALENS,5,2832.443234116249,0.22651892819321007,0.28584779731700166,0.4236791313809992
MCALENS,5,3509.9523847394357,0.14552858902301635,0.17519798238211962,0.3476832498663156
MCALENS,5,4349.519028218737,0.10018814958932347,0.1257694400067671,0.28250672590338904
MCALENS,5,5389.906671979336,0.08100723845280507,0.11019932824480529,0.24402501812267144
MCALENS,6,216.01359900522664,0.8248567209285923,0.8285576980528093,0.9061855633478156
MCALENS,6,267.68319231686513,0.7531788101904845,0.7851388673933934,0.8500116040337864
MCALENS,6,331.7119467428253,0.7548058518064161,0.7741278504867096,0.8578846801353053
MCALENS,6,411.05612444155884,0.7565787996010921,0.8310782999493321,0.829914201357602
MCALENS,6,509.3791137161358,0.775778274351139,0.9432249423344182,0.7987851358691412
MCALENS,6,631.220570774211,0.7124345651876595,0.8433547602025314,0.7757822375135139
MCALENS,6,782.2060195239194,0.7067445334135481,0.8629585284663414,0.7607947296186015
MCALENS,6,969.3065868069014,0.6397611528827182,0.7878793826487106,0.7207555539991034
MCALENS,6,1201.160865265515,0.5535127132690985,0.7307366524026064,0.647511006017643
MCALENS,6,1488.4737645271177,0.4741527836204346,0.6096226771488572,0.6072782789649915
MCALENS,6,1844.5107660045044,0.3903380920360844,0.49022539312890906,0.5574976399589605
MCALENS,6,2285.7104014778506,0.30785358203425195,0.37781521284970626,0.5008463241615508
MCALENS,6,2832.443234116249,0.2133891473976565,0.2442223479295735,0.43179700639602697
MCALENS,6,3509.9523847394357,0.14586298507963294,0.15294103391712913,0.3729778887054584
MCALENS,6,4349.519028218737,0.10519931479207567,0.11057096441160852,0.3163678639816554
MCALENS,6,5389.906671979336,0.08685960377523019,0.09286935174520553,0.2850241353657147
MCALENS,7,216.01359900522664,0.8127017741420013,0.8187274083551497,0.8981762004909166
MCALENS,7,267.68319231686513,0.7786963671953592,0.7624589015961278,0.8917845192988895
MCALENS,7,331.7119467428253,0.7866855086085203,0.7515279235023715,0.9074622953155278
MCALENS,7,411.05612444155884,0.7646672120269328,0.7981368159014396,0.8559212258970476
MCALENS,7,509.3791137161358,0.7796586972018372,0.8388467309341459,0.8512619462676496
MCALENS,7,631.220570774211,0.7745383189587602,0.8888613365495475,0.8215346788367848
MCALENS,7,782.2060195239194,0.7467146680741946,0.8682941763829584,0.8013481494465823
MCALENS,7,969.3065868069014,0.6846621418359138,0.8064883571992624,0.7623901266135341
MCALENS,7,1201.160865265515,0.6047618250862786,0.68792507476077,0.7291448272737799
MCALENS,7,1488.4737645271177,0.5324729497094545,0.6237546680900118,0.6742029454796552
MCALENS,7,1844.5107660045044,0.44300070047894474,0.5231085044917101,0.612503426503347
MCALENS,7,2285.7104014778506,0.3443538237223175,0.39441581236195816,0.5483120002930548
MCALENS,7,2832.443234116249,0.23964668044237233,0.25807085194202106,0.471739171332411
MCALENS,7,3509.9523847394357,0.16076045129303837,0.15623660791225463,0.4067127769297611
MCALENS,7,4349.519028218737,0.11200735973513476,0.11180512440367274,0.3349775527910554
MCALENS,7,5389.906671979336,0.09754386542939526,0.10339957709204244,0.3033476119616069
MCALENS,8,216.01359900522664,0.7785504123515373,0.7769356384178148,0.8832714998303162
MCALENS,8,267.68319231686513,0.7543300194833145,0.777447210673822,0.8555116667689411
MCALENS,8,331.7119467428253,0.7780026589066007,0.8046542729023201,0.8673141269877769
MCALENS,8,411.05612444155884,0.7579320459090396,0.8245450530047446,0.8346858948563542
MCALENS,8,509.3791137161358,0.7494690634585918,0.8912568393240289,0.7938752691569076
MCALENS,8,631.220570774211,0.7144713226890931,0.8442764782565565,0.7775753005519115
MCALENS,8,782.2060195239194,0.7037409947034505,0.8659957152609401,0.7562318751373462
MCALENS,8,969.3065868069014,0.6619594752720992,0.8267121625355841,0.7280383211854823
MCALENS,8,1201.160865265515,0.5659244838368229,0.727005698063491,0.6637271393928122
MCALENS,8,1488.4737645271177,0.4973572029589019,0.6330540862761742,0.625097847971158
MCALENS,8,1844.5107660045044,0.41666300171216536,0.5423527874924357,0.565775321336809
MCALENS,8,2285.7104014778506,0.33326929605664846,0.3941372094628739,0.5308497112382866
MCALENS,8,2832.443234116249,0.2375222657313227,0.2614791065688366,0.46450012068080715
MCALENS,8,3509.9523847394357,0.15612946762035554,0.16244635755178846,0.3873734842560758
MCALENS,8,4349.519028218737,0.1112351210324866,0.11470929670155282,0.32842985091308785
MCALENS,8,5389.906671979336,0.09353404043617732,0.10250009129551123,0.2921511290834652
MCALENS,9,216.01359900522664,0.7899795367176315,0.7849783181169182,0.8916348012822565
MCALENS,9,267.68319231686513,0.8040695383946358,0.776761845764375,0.9123251915328492
MCALENS,9,331.7119467428253,0.8454167708757699,0.9078090850701196,0.887306364186551
MCALENS,9,411.05612444155884,0.8002426664889701,0.8659367442231442,0.8599607280423428
MCALENS,9,509.3791137161358,0.7754351731265874,0.868817796067877,0.8319191900244599
MCALENS,9,631.220570774211,0.7818721624281829,0.9090475221380396,0.8200540111306994
MCALENS,9,782.2060195239194,0.7218101830713591,0.8698561220072265,0.7739257424503899
MCALENS,9,969.3065868069014,0.6678036399245588,0.8160516551904496,0.7392476572679366
MCALENS,9,1201.160865265515,0.6029496497938799,0.7346711636398375,0.7034521321951479
MCALENS,9,1488.4737645271177,0.5157906873890709,0.6296110713960562,0.6500358642928754
MCALENS,9,1844.5107660045044,0.433693503742416,0.5489866646776195,0.5853316654277712
MCALENS,9,2285.7104014778506,0.33281491765259524,0.42205630136640204,0.512292018846754
MCALENS,9,2832.443234116249,0.237237137633455,0.2799819091040068,0.4483505327940105
MCALENS,9,3509.9523847394357,0.1481026931403892,0.1725485942623373,0.35653916510880074
MCALENS,9,4349.519028218737,0.09888714965726984,0.12270790532918288,0.2822952610288478
MCALENS,9,5389.906671979336,0.07763626264354204,0.10425029600985723,0.2404506592819724
MCALENS,10,216.01359900522664,0.7598218874298764,0.7508368149655585,0.8768776892830297
MCALENS,10,267.68319231686513,0.7976152463098228,0.7979321668475234,0.8929157024298338
MCALENS,10,331.7119467428253,0.7967673807882939,0.8372974102545062,0.8707463688014798
MCALENS,10,411.05612444155884,0.8078187242832658,0.883404188629534,0.8594768596192666
MCALENS,10,509.3791137161358,0.788767841315698,0.8925113333956709,0.8349151198398581
MCALENS,10,631.220570774211,0.7722810599990414,0.90365682731205,0.8124069254569221
MCALENS,10,782.2060195239194,0.7038864264431929,0.869781293886471,0.7547403325586046
MCALENS,10,969.3065868069014,0.6719503716294436,0.836201842965308,0.7348211337072792
MCALENS,10,1201.160865265515,0.6004321296686099,0.7502615455960946,0.6931984452572123
MCALENS,10,1488.4737645271177,0.5206064429825442,0.6470216266191795,0.6472173337578292
MCALENS,10,1844.5107660045044,0.42691590978433464,0.5199363366204081,0.592062091387425
MCALENS,10,2285.7104014778506,0.33096408770137625,0.3954209266538734,0.5263214223965015
MCALENS,10,2832.443234116249,0.23933366883900392,0.25753697305990536,0.4716110854625875
MCALENS,10,3509.9523847394357,0.16436554472022905,0.15617287477057396,0.41591825373656655
MCALENS,10,4349.519028218737,0.12293705088109005,0.11739646885751889,0.35880234572938813
MCALENS,10,5389.906671979336,0.11070328364849204,0.10813607573763921,0.3366473502637208
MCALENS,11,216.01359900522664,0.7905294404299887,0.7575284637258827,0.9082775302601964
MCALENS,11,267.68319231686513,0.7906766909946535,0.7569147753730013,0.9088149123509773
MCALENS,11,331.7119467428253,0.82654538062859,0.8501904531492709,0.896413918378503
MCALENS,11,411.05612444155884,0.8142080657603058,0.8629131562238734,0.8764998681323366
MCALENS,11,509.3791137161358,0.8209628129198334,0.9426350572356238,0.8455741382036382
MCALENS,11,631.220570774211,0.7805343955790798,0.9068660713349415,0.8196349499054004
MCALENS,11,782.2060195239194,0.7547476643478038,0.8994899734353186,0.7957994128768416
MCALENS,11,969.3065868069014,0.6774289106592103,0.8348303158147596,0.7414205536004425
MCALENS,11,1201.160865265515,0.6146619366853634,0.7520208574578855,0.7087961942138408
MCALENS,11,1488.4737645271177,0.5229075968295464,0.6470215042506803,0.6500781870586093
MCALENS,11,1844.5107660045044,0.45145172613508344,0.5574563098370756,0.6046525657847363
MCALENS,11,2285.7104014778506,0.3540931536147514,0.4177610601254826,0.5478397638832716
MCALENS,11,2832.443234116249,0.2484327367743373,0.2755907854100516,0.47323458620024245
MCALENS,11,3509.9523847394357,0.1657975495721676,0.16949765143124154,0.40271357096691524
MCALENS,11,4349.519028218737,0.11986913763750932,0.13109324675606973,0.3310680121005574
MCALENS,11,5389.906671979336,0.10399776808836272,0.12474817099741244,0.29444685874535415
MCALENS,12,216.01359900522664,0.7525128268392024,0.674304036475848,0.9164019978234711
MCALENS,12,267.68319231686513,0.7397893839655056,0.7096706266902514,0.8781721901508639
MCALENS,12,331.7119467428253,0.8011002379490262,0.8296657939710901,0.8794988343504622
MCALENS,12,411.05612444155884,0.8049050718286246,0.9304573786912403,0.8344425120338441
MCALENS,12,509.3791137161358,0.7980045644989118,0.8872761067995175,0.8471805610610673
MCALENS,12,631.220570774211,0.7588611978968313,0.8799324837797485,0.8089797892947868
MCALENS,12,782.2060195239194,0.7199029892891414,0.8563855480709444,0.777927836428343
MCALENS,12,969.3065868069014,0.6629493961246149,0.7989057659618576,0.7417073821757172
MCALENS,12,1201.160865265515,0.5795767830455104,0.7001483304270761,0.6926533694534633
MCALENS,12,1488.4737645271177,0.5044792781198126,0.6065633097329552,0.6477467811745373
MCALENS,12,1844.5107660045044,0.41958737516685995,0.49955856445736624,0.5936482718748127
MCALENS,12,2285.7104014778506,0.3284599286907865,0.37009983606826224,0.5399119599152364
MCALENS,12,2832.443234116249,0.23457314291304943,0.24292180631766574,0.4759321420700725
MCALENS,12,3509.9523847394357,0.15562075884072854,0.14615594542305307,0.4070608034067839
MCALENS,12,4349.519028218737,0.11334511154135954,0.10917510237779324,0.34303701947564885
MCALENS,12,5389.906671979336,0.0976958510543149,0.1005354189235135,0.3081176483505209
MCALENS,13,216.01359900522664,0.785293457131352,0.7323650236238926,0.9176312213488695
MCALENS,13,267.68319231686513,0.7467636377284982,0.7219994933614271,0.8788499173439521
MCALENS,13,331.7119467428253,0.7282478017847076,0.7508028149002672,0.8404584274053958
MCALENS,13,411.05612444155884,0.7291697299565459,0.7803033733336937,0.8254616272356948
MCALENS,13,509.3791137161358,0.7311815829820912,0.8266614315795715,0.8041950691519117
MCALENS,13,631.220570774211,0.7113987877777245,0.8656274943672561,0.7646234263807281
MCALENS,13,782.2060195239194,0.6730180612750893,0.8667150717617795,0.7229171783493044
MCALENS,13,969.3065868069014,0.6172846867905041,0.7808853791389267,0.6985409294085908
MCALENS,13,1201.160865265515,0.5419377139209799,0.713773652821247,0.6414593184466001
MCALENS,13,1488.4737645271177,0.47749202736423174,0.6149728051767501,0.6088890570915452
MCALENS,13,1844.5107660045044,0.3910326754902692,0.5384947026777459,0.5328713019908439
MCALENS,13,2285.7104014778506,0.3095510272955643,0.4106101740668939,0.48307815237266366
MCALENS,13,2832.443234116249,0.2162737016567406,0.28960132696309876,0.40188652033965844
MCALENS,13,3509.9523847394357,0.14579930178902967,0.18854637923985787,0.3357734444465182
MCALENS,13,4349.519028218737,0.10960559752667888,0.1455006082448986,0.28734280673701174
MCALENS,13,5389.906671979336,0.09590110411994673,0.13412443586269227,0.26186029519864934
MCALENS,14,216.01359900522664,0.7383453238511221,0.7088565386214132,0.8769611492196459
MCALENS,14,267.68319231686513,0.7549262707366127,0.8101132509425382,0.8387483343250015
MCALENS,14,331.7119467428253,0.7548474226254845,0.7708493629949165,0.8597544207579275
MCALENS,14,411.05612444155884,0.79514944387215,0.8951099047453992,0.8404474776842863
MCALENS,14,509.3791137161358,0.7638642996970245,0.8942883598510194,0.8077508508134025
MCALENS,14,631.220570774211,0.7322077472521608,0.9058777692021044,0.7693067069887544
MCALENS,14,782.2060195239194,0.7048372396112338,0.8763675707030889,0.7529145543754073
MCALENS,14,969.3065868069014,0.6551994600673728,0.8280996801418258,0.7199995457193461
MCALENS,14,1201.160865265515,0.5747838598898082,0.730751262180656,0.6723877265451171
MCALENS,14,1488.4737645271177,0.48764056935016803,0.6338600039665453,0.6124958566170474
MCALENS,14,1844.5107660045044,0.4009895031275366,0.5125475151442433,0.560100470990598
MCALENS,14,2285.7104014778506,0.3130058490987386,0.3821378454982408,0.5063402222188658
MCALENS,14,2832.443234116249,0.22809190105501195,0.259072528876571,0.448125009991671
MCALENS,14,3509.9523847394357,0.15604315252583226,0.1635443687921182,0.38585747522128777
MCALENS,14,4349.519028218737,0.1160219008586208,0.12326150312326664,0.33046559141763554
MCALENS,14,5389.906671979336,0.10460842486490277,0.1152847931925596,0.3080921623911672
MCALENS,15,216.01359900522664,0.8087326201940882,0.8214502666921939,0.8923070478140799
MCALENS,15,267.68319231686513,0.8101202627954835,0.848555554415602,0.8794463578013296
MCALENS,15,331.7119467428253,0.7938668498456215,0.8408245018402685,0.8657549589121135
MCALENS,15,411.05612444155884,0.7783685476052805,0.8795944498141801,0.8299349205136964
MCALENS,15,509.3791137161358,0.7763201710302654,0.8496562142383182,0.8422077848872872
MCALENS,15,631.220570774211,0.7755963429379994,0.954371158071018,0.7939206526198052
MCALENS,15,782.2060195239194,0.7041048986833552,0.8773426156272123,0.7517141984358566
MCALENS,15,969.3065868069014,0.6648215409587178,0.8297102962882199,0.7298638318631424
MCALENS,15,1201.160865265515,0.590583259971805,0.7374795806802713,0.6877112561319173
MCALENS,15,1488.4737645271177,0.5072133941980974,0.6390572636015023,0.6344842207199669
MCALENS,15,1844.5107660045044,0.41865711279391005,0.5330522297356382,0.5734209975467757
MCALENS,15,2285.7104014778506,0.32989367054281427,0.4152305770512844,0.5119520892149834
MCALENS,15,2832.443234116249,0.23883717340725183,0.28638486858150175,0.4463000020222309
MCALENS,15,3509.9523847394357,0.15638370345543148,0.18114852244423194,0.3674295626154704
MCALENS,15,4349.519028218737,0.10607296251822344,0.13514476856118518,0.28853936987252315
MCALENS,15,5389.906671979336,0.08995692619259656,0.12542456266450233,0.25400561056903437
MCALENS,16,216.01359900522664,0.777600021788406,0.7553006244419399,0.8947389472020546
MCALENS,16,267.68319231686513,0.7711916276612508,0.7502369130493127,0.8903547743144838
MCALENS,16,331.7119467428253,0.8106875958868927,0.8439594433735528,0.8824553482003066
MCALENS,16,411.05612444155884,0.8411569308538513,0.9204822315505151,0.8767369756380498
MCALENS,16,509.3791137161358,0.8027393799395838,0.8912988838835871,0.8502818079681663
MCALENS,16,631.220570774211,0.7654565077975884,0.898291834365044,0.8076287931251493
MCALENS,16,782.2060195239194,0.7461453545475503,0.8979092941000492,0.7874213862647649
MCALENS,16,969.3065868069014,0.6915173591835053,0.8302294372022498,0.7589340230519643
MCALENS,16,1201.160865265515,0.6069701043411936,0.7258951831997719,0.7124105522203942
MCALENS,16,1488.4737645271177,0.5360567491264945,0.6214729623263705,0.6799854950549349
MCALENS,16,1844.5107660045044,0.455899262892277,0.5323356348002166,0.6248504983251756
MCALENS,16,2285.7104014778506,0.36471509459046886,0.3964063249574426,0.579273218563031
MCALENS,16,2832.443234116249,0.25980776215615115,0.2591380563328139,0.5103716280710586
MCALENS,16,3509.9523847394357,0.17338823114907115,0.1544424151042731,0.4412008332058419
MCALENS,16,4349.519028218737,0.127689987520157,0.11637019532442411,0.37431390699447226
MCALENS,16,5389.906671979336,0.10705532222186781,0.11048995540406116,0.3220674715911847
MCALENS,17,216.01359900522664,0.7450111492898364,0.7535063764813713,0.8582608574919578
MCALENS,17,267.68319231686513,0.7483251913757029,0.7927792558789365,0.8404545381258179
MCALENS,17,331.7119467428253,0.7732168258612083,0.8100220366224328,0.8591181201341357
MCALENS,17,411.05612444155884,0.7570991444128043,0.8347298220310451,0.8286665159167376
MCALENS,17,509.3791137161358,0.7658919394555964,0.843285835574888,0.8340269725860592
MCALENS,17,631.220570774211,0.7540353523449441,0.8771671335735195,0.805101308518343
MCALENS,17,782.2060195239194,0.7200682651751813,0.8735038691326777,0.7704443144932017
MCALENS,17,969.3065868069014,0.6540581219492834,0.8214349220461771,0.7216552274505676
MCALENS,17,1201.160865265515,0.578620434386753,0.7175140368972751,0.6830910043765536
MCALENS,17,1488.4737645271177,0.4970312718534094,0.6409016925239983,0.6208518863306401
MCALENS,17,1844.5107660045044,0.4081352749888848,0.5668306940447555,0.5420975601417268
MCALENS,17,2285.7104014778506,0.3302600636583927,0.41952451343653263,0.5098910501464581
MCALENS,17,2832.443234116249,0.23338527879424087,0.28818883746129137,0.43474528551404024
MCALENS,17,3509.9523847394357,0.15023327822304186,0.17498651182624236,0.35914006508953467
MCALENS,17,4349.519028218737,0.10806157200520809,0.12710901717273596,0.30309802096684896
MCALENS,17,5389.906671979336,0.09130221244065309,0.1132119378156307,0.27135335118335546
MCALENS,18,216.01359900522664,0.76369730064567,0.7118509905244812,0.905162823997159
MCALENS,18,267.68319231686513,0.7471570019624406,0.706607436414776,0.888838318172078
MCALENS,18,331.7119467428253,0.8252245957030885,0.868055781487816,0.8857238652290824
MCALENS,18,411.05612444155884,0.8345223615606816,0.9098644178372116,0.874882314922315
MCALENS,18,509.3791137161358,0.8066479749347747,0.9039763310426879,0.8484094908145672
MCALENS,18,631.220570774211,0.8193145970144247,0.954588869743,0.8385761553679854
MCALENS,18,782.2060195239194,0.7619547886335086,0.930675729491418,0.7898234222481583
MCALENS,18,969.3065868069014,0.7052934512987848,0.8398990922392778,0.7695844705186198
MCALENS,18,1201.160865265515,0.6360586719199818,0.7938153736008549,0.7139000713083627
MCALENS,18,1488.4737645271177,0.5729740626109215,0.7243858981718545,0.6732090865508578
MCALENS,18,1844.5107660045044,0.4787922357408306,0.6012046498214154,0.617498538020917
MCALENS,18,2285.7104014778506,0.3766520875553949,0.46587426284190037,0.5518309053333873
MCALENS,18,2832.443234116249,0.26888826792294407,0.3127398418671725,0.4808174794724625
MCALENS,18,3509.9523847394357,0.18043048186093266,0.19683256788157752,0.406688067212724
MCALENS,18,4349.519028218737,0.13240113725398542,0.15241740054411532,0.3391364269221776
MCALENS,18,5389.906671979336,0.12005009019144089,0.1452034969968567,0.3150459875493042
MCALENS,19,216.01359900522664,0.6915210050543081,0.7333066954396114,0.8075372252364391
MCALENS,19,267.68319231686513,0.833271208845169,0.930231229246086,0.8639545947876232
MCALENS,19,331.7119467428253,0.7811168059053234,0.888739554851427,0.8285690885867251
MCALENS,19,411.05612444155884,0.7398360082602643,0.8418177204272091,0.8063552782778508
MCALENS,19,509.3791137161358,0.7431597226249775,0.9250033968402098,0.7726992668389887
MCALENS,19,631.220570774211,0.6967241362906493,0.8544520069945525,0.7537321126994633
MCALENS,19,782.2060195239194,0.6731513280013292,0.8014456838791586,0.7519269655070936
MCALENS,19,969.3065868069014,0.6258511776451839,0.7860621819730347,0.7058990907467638
MCALENS,19,1201.160865265515,0.5515801207796163,0.7074604726895539,0.6557790158316771
MCALENS,19,1488.4737645271177,0.48113110307391305,0.6175496451758283,0.6122481687819146
MCALENS,19,1844.5107660045044,0.3924373179360498,0.4980123126663314,0.556096624353341
MCALENS,19,2285.7104014778506,0.3057068062955349,0.38303753065592394,0.49395165347528824
MCALENS,19,2832.443234116249,0.21960820964780034,0.2584851755481863,0.43194728736753357
MCALENS,19,3509.9523847394357,0.14702597900031042,0.16573016923276715,0.3611547182448486
MCALENS,19,4349.519028218737,0.10202031927987482,0.12224314041170405,0.29179270440809446
MCALENS,19,5389.906671979336,0.08505727990613726,0.10670270281631128,0.26038968718010086
FUSION,0,216.01359900522664,0.8567376217480581,0.8930616947621262,0.9065820322127263
FUSION,0,267.68319231686513,0.774958915939874,0.7545133963645309,0.8921650410641742
FUSION,0,331.7119467428253,0.7427024627294224,0.707939511530049,0.8827074419628189
FUSION,0,411.05612444155884,0.7495651872495792,0.7223442348158469,0.8819364710907608
FUSION,0,509.3791137161358,0.7087146549226182,0.7301575081943658,0.8293982898787386
FUSION,0,631.220570774211,0.7032313137463897,0.7334524372130732,0.8211305738794962
FUSION,0,782.2060195239194,0.6680149106147923,0.718882017679776,0.7878750474430751
FUSION,0,969.3065868069014,0.6244094030707839,0.6435750216875167,0.7783408862578166
FUSION,0,1201.160865265515,0.552378033338215,0.5706134979615283,0.7312491581208449
FUSION,0,1488.4737645271177,0.4709066133703606,0.46956610503169316,0.6872051721040836
FUSION,0,1844.5107660045044,0.3822264351179296,0.35456405265781193,0.6419088577520063
FUSION,0,2285.7104014778506,0.2987314087455251,0.25961620605488844,0.5862933758664461
FUSION,0,2832.443234116249,0.22165449396926673,0.1881345067014377,0.5110251935593522
FUSION,0,3509.9523847394357,0.1750503328385049,0.14922633226369122,0.4531481469964481
FUSION,0,4349.519028218737,0.15006966652040366,0.1395933622120137,0.40166180319276823
FUSION,0,5389.906671979336,0.14394314068880548,0.14443930130479915,0.37874620054124597
FUSION,1,216.01359900522664,0.8390493619685305,0.8794807234988601,0.8946936376127144
FUSION,1,267.68319231686513,0.7825379994689524,0.7627651638473925,0.8960041282632616
FUSION,1,331.7119467428253,0.7126818102480045,0.7225276351818093,0.8384331539034757
FUSION,1,411.05612444155884,0.721952716428844,0.7066410602010169,0.8588341801777927
FUSION,1,509.3791137161358,0.6700382212428637,0.6760539081723609,0.8149086226766471
FUSION,1,631.220570774211,0.6374155352844452,0.6369448891874443,0.7986779883954499
FUSION,1,782.2060195239194,0.6152229968588099,0.6738627532743854,0.7494571976827046
FUSION,1,969.3065868069014,0.5814612983627865,0.6666167627809333,0.7121683985591445
FUSION,1,1201.160865265515,0.506377634958416,0.5577425990555439,0.6780435796214587
FUSION,1,1488.4737645271177,0.4130695437381382,0.4408412359127738,0.6221313252971885
FUSION,1,1844.5107660045044,0.3391238316502636,0.3619213283409945,0.5637041367820016
FUSION,1,2285.7104014778506,0.25472221878189,0.2722002454261145,0.48822787647514804
FUSION,1,2832.443234116249,0.19016592641135732,0.20173106718228825,0.42339557077600176
FUSION,1,3509.9523847394357,0.14758249709090926,0.16288282499323786,0.3656766315885152
FUSION,1,4349.519028218737,0.12318977234675516,0.16156589573275099,0.3064783538413769
FUSION,1,5389.906671979336,0.11531068745383934,0.177263857225866,0.27387946048955847
FUSION,2,216.01359900522664,0.7215757358143051,0.6726464711235038,0.8798091753773774
FUSION,2,267.68319231686513,0.7585285630173516,0.7243032312834956,0.8912750060294575
FUSION,2,331.7119467428253,0.7291647572984764,0.7077629200365494,0.8667258842898129
FUSION,2,411.05612444155884,0.6756302374172916,0.6524059313501634,0.8364695337536308
FUSION,2,509.3791137161358,0.6899615734339797,0.7108655213582922,0.8183350988159326
FUSION,2,631.220570774211,0.6810565293251628,0.7408147459885247,0.7912766526861582
FUSION,2,782.2060195239194,0.630798192712657,0.6995886906636556,0.7541696485021473
FUSION,2,969.3065868069014,0.5907803442364777,0.6387353978957571,0.7392061051635636
FUSION,2,1201.160865265515,0.5214993224672927,0.5607158494047744,0.6964377959662349
FUSION,2,1488.4737645271177,0.43823992896172614,0.4697039600072638,0.6394400496371265
FUSION,2,1844.5107660045044,0.36329891220693067,0.3531060569548417,0.6113804030098303
FUSION,2,2285.7104014778506,0.27811298347382934,0.26289573917092024,0.5424122513700625
FUSION,2,2832.443234116249,0.20655310315122524,0.18631029653612952,0.47853454594569206
FUSION,2,3509.9523847394357,0.16109503534241043,0.14328589220341262,0.4255792455381322
FUSION,2,4349.519028218737,0.13808553155328332,0.1343183833216175,0.37677358554267687
FUSION,2,5389.906671979336,0.12753882010242698,0.13907069006056028,0.341998806201357
FUSION,3,216.01359900522664,0.718888943439463,0.7346413847378168,0.8387337310362717
FUSION,3,267.68319231686513,0.7611846541257526,0.705892536555583,0.9059844195254474
FUSION,3,331.7119467428253,0.7582135723799154,0.7686911540422862,0.8647998638610783
FUSION,3,411.05612444155884,0.7578417596936579,0.8019069915847825,0.8462847845859893
FUSION,3,509.3791137161358,0.6836683430448218,0.7036208067304055,0.8150347650311041
FUSION,3,631.220570774211,0.6974970962436405,0.782770253667578,0.7883612095966215
FUSION,3,782.2060195239194,0.6604067487120003,0.7499350987923283,0.7626050249922944
FUSION,3,969.3065868069014,0.5956318282171305,0.6822939334161228,0.7210944314420937
FUSION,3,1201.160865265515,0.519881190811984,0.5756361847885255,0.6852200496223229
FUSION,3,1488.4737645271177,0.44226835147058075,0.4838062749303229,0.6358433215787634
FUSION,3,1844.5107660045044,0.3552850915951034,0.37410337056216214,0.5808729777648229
FUSION,3,2285.7104014778506,0.2646956890717322,0.2667776931012732,0.5124743247764305
FUSION,3,2832.443234116249,0.19789594625586437,0.19778593395522562,0.44497867336248653
FUSION,3,3509.9523847394357,0.15219654762817444,0.15959627693344366,0.3809723205092631
FUSION,3,4349.519028218737,0.1273542890739412,0.155950412246009,0.3224930148165716
FUSION,3,5389.906671979336,0.11646198299191855,0.16858064277558923,0.28364839326820784
FUSION,4,216.01359900522664,0.7541185589747194,0.7090375439791837,0.8955812921456795
FUSION,4,267.68319231686513,0.7977185901793812,0.7682555769893425,0.9101162155013433
FUSION,4,331.7119467428253,0.7258386238282255,0.7116409317580626,0.8604182523298406
FUSION,4,411.05612444155884,0.6964215009319524,0.6711527318600728,0.8500833101623759
FUSION,4,509.3791137161358,0.6885513530232215,0.6788542491563712,0.8356955039474772
FUSION,4,631.220570774211,0.6815151150246276,0.6966276365138362,0.8165356342541413
FUSION,4,782.2060195239194,0.6530038360258866,0.7068356436577782,0.7767057347012222
FUSION,4,969.3065868069014,0.6044616606371614,0.6662300680723074,0.740553852111505
FUSION,4,1201.160865265515,0.5268071118793977,0.5528348266343053,0.7085229662882155
FUSION,4,1488.4737645271177,0.4586421509097091,0.4725824788471826,0.6671679229548415
FUSION,4,1844.5107660045044,0.3718422244474859,0.36730262291849247,0.6135453791299192
FUSION,4,2285.7104014778506,0.28327749313253636,0.2684320901664957,0.546757632027739
FUSION,4,2832.443234116249,0.20602221840532592,0.18908019853659105,0.4737956122093694
FUSION,4,3509.9523847394357,0.15982446323044217,0.15027105485197853,0.4122926446667037
FUSION,4,4349.519028218737,0.13932044943640523,0.14456288793953645,0.36642614956281594
FUSION,4,5389.906671979336,0.13398403808502543,0.15238631186915633,0.3432259245639417
FUSION,5,216.01359900522664,0.7288707485879277,0.7073072715450782,0.8666554247599336
FUSION,5,267.68319231686513,0.7380583717225758,0.7096545910651503,0.8761272783809652
FUSION,5,331.7119467428253,0.774674998679922,0.7621894982443853,0.8873359145862586
FUSION,5,411.05612444155884,0.6777683658677431,0.6659419548593678,0.8305448821001604
FUSION,5,509.3791137161358,0.6779822257272189,0.7281833076848007,0.7945074039670179
FUSION,5,631.220570774211,0.6407853716622959,0.665816007492727,0.785299774374186
FUSION,5,782.2060195239194,0.644068264535951,0.6991272343463856,0.7702891672883869
FUSION,5,969.3065868069014,0.5740073446346261,0.6358773230564093,0.7198313892802641
FUSION,5,1201.160865265515,0.5059024407494322,0.5795085817785658,0.664564041874349
FUSION,5,1488.4737645271177,0.43078476603517546,0.4734413531317338,0.6260762687522696
FUSION,5,1844.5107660045044,0.34337159898534525,0.3734477299621194,0.561887614152688
FUSION,5,2285.7104014778506,0.2591652455672111,0.27373977701514235,0.4953450267119999
FUSION,5,2832.443234116249,0.19205841447981167,0.2036824687062301,0.4255558001929701
FUSION,5,3509.9523847394357,0.1431788174289274,0.16103134664388466,0.35679894264100964
FUSION,5,4349.519028218737,0.1192977196610301,0.1531545627410509,0.3048366445097354
FUSION,5,5389.906671979336,0.10757468230898845,0.16427681088023788,0.26541284700130596
FUSION,6,216.01359900522664,0.8061034700794721,0.784846012595027,0.9099102610581824
FUSION,6,267.68319231686513,0.730500039849219,0.7388637032134093,0.8498417794245543
FUSION,6,331.7119467428253,0.7045272189442356,0.6675758322049458,0.8622783331716405
FUSION,6,411.05612444155884,0.696191649262073,0.6970964113865926,0.8338393498925397
FUSION,6,509.3791137161358,0.7016844139612004,0.7639924769356295,0.8027813765936127
FUSION,6,631.220570774211,0.6445153669850257,0.6832799373155871,0.779711504237077
FUSION,6,782.2060195239194,0.6401365710579185,0.7037245436583086,0.7630821420460462
FUSION,6,969.3065868069014,0.5769228151052209,0.6341132137544454,0.7244931980147583
FUSION,6,1201.160865265515,0.4963579353682957,0.5769996697157919,0.6534422133761513
FUSION,6,1488.4737645271177,0.4143496100272955,0.45459395518849705,0.6145470045597756
FUSION,6,1844.5107660045044,0.3340542496484583,0.3466989201900468,0.5673365409518972
FUSION,6,2285.7104014778506,0.26135342849497606,0.2578714711438098,0.5146672727314876
FUSION,6,2832.443234116249,0.18811427829342872,0.18240875926420919,0.4404523343777828
FUSION,6,3509.9523847394357,0.14444006044205654,0.1436314877632382,0.3811209584585589
FUSION,6,4349.519028218737,0.12395471759307271,0.13477533352019708,0.33764307949184785
FUSION,6,5389.906671979336,0.11285779716767878,0.13797553795657935,0.30382990732418846
FUSION,7,216.01359900522664,0.8108836323284799,0.7967788121054652,0.9084261887228771
FUSION,7,267.68319231686513,0.7530090581152358,0.7136993820089147,0.8913382424140198
FUSION,7,331.7119467428253,0.7341274358801763,0.6542387650784091,0.907618455300054
FUSION,7,411.05612444155884,0.7065889792943671,0.6764316504229552,0.8591221166491054
FUSION,7,509.3791137161358,0.705333709622937,0.6861444819557263,0.8515043144485341
FUSION,7,631.220570774211,0.7004825180077764,0.720518042425018,0.825229739903167
FUSION,7,782.2060195239194,0.6751104186111194,0.7070445226500685,0.8028814596012696
FUSION,7,969.3065868069014,0.6175396959121522,0.6496620231110877,0.7661629374502192
FUSION,7,1201.160865265515,0.5386614816743973,0.5359056804024128,0.7358202594198131
FUSION,7,1488.4737645271177,0.463849949106188,0.4583427365853702,0.685144753671376
FUSION,7,1844.5107660045044,0.374506205224921,0.3561552981568985,0.6275369654883104
FUSION,7,2285.7104014778506,0.28538394212252344,0.2577701553261569,0.5620995221955509
FUSION,7,2832.443234116249,0.2070465464790123,0.18639382393861956,0.47957024768023265
FUSION,7,3509.9523847394357,0.16232348489485032,0.15287061398796528,0.4151636801040869
FUSION,7,4349.519028218737,0.1389347091330185,0.14897073813767137,0.35996499645073055
FUSION,7,5389.906671979336,0.1303554206570855,0.15933807679201561,0.3265647542012832
FUSION,8,216.01359900522664,0.7650197404997683,0.7433851805599305,0.8872902151094727
FUSION,8,267.68319231686513,0.7148830416203984,0.6962036089665716,0.8567751462481036
FUSION,8,331.7119467428253,0.7228372642730675,0.6978820633198063,0.8652657541184129
FUSION,8,411.05612444155884,0.6948997464920916,0.6899683485373562,0.8365801757965466
FUSION,8,509.3791137161358,0.6710370721139902,0.7262062897532197,0.7874382570849426
FUSION,8,631.220570774211,0.6465871478013044,0.6854090110061776,0.7810020305610302
FUSION,8,782.2060195239194,0.6381942141187101,0.7111118877619714,0.7568048265307552
FUSION,8,969.3065868069014,0.5998533433395395,0.6740105385256046,0.7306539563704378
FUSION,8,1201.160865265515,0.5049183586222256,0.5728088705322568,0.6671389457620351
FUSION,8,1488.4737645271177,0.43465472327527094,0.47325980392556327,0.6318217813115977
FUSION,8,1844.5107660045044,0.35491494152540487,0.38016352673253495,0.5756242200752456
FUSION,8,2285.7104014778506,0.2802282274479742,0.2677592127963987,0.5415513819970268
FUSION,8,2832.443234116249,0.2058672966664634,0.1904350615300868,0.4717521698023056
FUSION,8,3509.9523847394357,0.1548809495115245,0.1504759830261073,0.3992679113221823
FUSION,8,4349.519028218737,0.12930128340109115,0.1352481243307198,0.3515905633367275
FUSION,8,5389.906671979336,0.11700426074021922,0.14164541660491406,0.31088546230132436
FUSION,9,216.01359900522664,0.7720206927927374,0.7403613472023222,0.8972367892053228
FUSION,9,267.68319231686513,0.7610600789055186,0.7034943911313611,0.9073787874695523
FUSION,9,331.7119467428253,0.7819539629745365,0.7751937048950599,0.8881290308656319
FUSION,9,411.05612444155884,0.724949906897946,0.7145774336871172,0.8575971910511909
FUSION,9,509.3791137161358,0.6957292846231421,0.7053060260373348,0.8284217389168324
FUSION,9,631.220570774211,0.7068436855933488,0.7418269294884321,0.820676665630106
FUSION,9,782.2060195239194,0.6522556817009918,0.7053921029582307,0.7766092771566429
FUSION,9,969.3065868069014,0.6002534616515925,0.6563236686632189,0.7409273736944806
FUSION,9,1201.160865265515,0.532964613751567,0.5721225871337399,0.704618153577401
FUSION,9,1488.4737645271177,0.44169266563574994,0.45717136437528877,0.6532518944413608
FUSION,9,1844.5107660045044,0.3605594239231937,0.37015760685553917,0.5926298353739896
FUSION,9,2285.7104014778506,0.27223261417061195,0.27667345337121885,0.5175548803124788
FUSION,9,2832.443234116249,0.2013051761648224,0.20149652440855909,0.4484573665714081
FUSION,9,3509.9523847394357,0.15013402712983295,0.16803313078609036,0.36625340797154327
FUSION,9,4349.519028218737,0.12603922818283694,0.16716118138902614,0.30827479608573627
FUSION,9,5389.906671979336,0.11484003518558097,0.18221958342265226,0.26902695258119314
FUSION,10,216.01359900522664,0.7302045009935703,0.7149617989228811,0.8635810161349515
FUSION,10,267.68319231686513,0.7574176054340276,0.70903550784129,0.8995004879194093
FUSION,10,331.7119467428253,0.7247925794025339,0.7009954744685468,0.8656775026701681
FUSION,10,411.05612444155884,0.7285639869572818,0.7155157658969317,0.8613072371428729
FUSION,10,509.3791137161358,0.7136371276306291,0.7268434040921548,0.8370608106378435
FUSION,10,631.220570774211,0.6945204588594873,0.7289951729230072,0.8134347418192742
FUSION,10,782.2060195239194,0.6371568221724875,0.7073820145763744,0.7575640039951116
FUSION,10,969.3065868069014,0.605611466131967,0.6710871034026736,0.7392726556030297
FUSION,10,1201.160865265515,0.531426997210299,0.5836308369145914,0.69562390525417
FUSION,10,1488.4737645271177,0.4510833983913525,0.47602144153064785,0.6537979975518842
FUSION,10,1844.5107660045044,0.35997982062199346,0.35594461410568284,0.6033744879549999
FUSION,10,2285.7104014778506,0.2740515423781937,0.2586907145259813,0.5388176711304948
FUSION,10,2832.443234116249,0.20649669744441648,0.1868898049496277,0.4776615734249794
FUSION,10,3509.9523847394357,0.16009611345431726,0.14650567200964337,0.418266969309467
FUSION,10,4349.519028218737,0.13804095388091694,0.13521002611836888,0.37540798276031045
FUSION,10,5389.906671979336,0.13230389772374243,0.13755678947790714,0.35672342024752113
FUSION,11,216.01359900522664,0.7849691385905428,0.7400248386316239,0.9124927743699524
FUSION,11,267.68319231686513,0.7517446180864644,0.6858547170089644,0.9077249288396755
FUSION,11,331.7119467428253,0.7728505331420005,0.7409423341255656,0.897849006217698
FUSION,11,411.05612444155884,0.7449822133949132,0.7229225416067648,0.8761934869772269
FUSION,11,509.3791137161358,0.7414309214627197,0.7679938747030541,0.8460417916157865
FUSION,11,631.220570774211,0.7058966812437875,0.7391882436663666,0.821038674066806
FUSION,11,782.2060195239194,0.6831339522795054,0.7338303727239507,0.7974583855670586
FUSION,11,969.3065868069014,0.6112780239078626,0.6740276701379301,0.7445603755505142
FUSION,11,1201.160865265515,0.5469414872586642,0.5872415733958164,0.7137275656608467
FUSION,11,1488.4737645271177,0.4498677446473071,0.4686091799351604,0.6571726177443258
FUSION,11,1844.5107660045044,0.376940894992195,0.37377103025301484,0.6165530330906477
FUSION,11,2285.7104014778506,0.288633373611505,0.26668135907862833,0.5589207274901231
FUSION,11,2832.443234116249,0.20956147688902627,0.19693650329354764,0.4722243083901085
FUSION,11,3509.9523847394357,0.16474219604576706,0.16021839521406042,0.4115746923299073
FUSION,11,4349.519028218737,0.13921532751517868,0.16137070198066739,0.34655702702667646
FUSION,11,5389.906671979336,0.13078727580097307,0.17367592786238883,0.3138308838740442
FUSION,12,216.01359900522664,0.7460173252274631,0.653756631537552,0.9226582297819261
FUSION,12,267.68319231686513,0.7107439813871784,0.6512074397323606,0.8807517484259476
FUSION,12,331.7119467428253,0.7493499952383115,0.7205987268233347,0.8827504825794479
FUSION,12,411.05612444155884,0.7284011081171711,0.7665161816849458,0.8319743441889981
FUSION,12,509.3791137161358,0.713763523015481,0.7081738835454078,0.8481729078976105
FUSION,12,631.220570774211,0.6812367422891573,0.7048754749264492,0.8114128167292002
FUSION,12,782.2060195239194,0.6520339722793489,0.6952993251383772,0.7819596076059643
FUSION,12,969.3065868069014,0.5962143454245137,0.6401259757497023,0.7451945944145735
FUSION,12,1201.160865265515,0.5155331180330078,0.5429701660376828,0.6996302614571148
FUSION,12,1488.4737645271177,0.4353663429274518,0.4412644400690696,0.6553984145890777
FUSION,12,1844.5107660045044,0.3524776285484601,0.3377677065439436,0.6064883953407322
FUSION,12,2285.7104014778506,0.2715400905274035,0.24239564682997294,0.5515330604647584
FUSION,12,2832.443234116249,0.20368361511343222,0.1775493901668464,0.4833887091277722
FUSION,12,3509.9523847394357,0.15459804536646335,0.14074492319897414,0.4120857810173974
FUSION,12,4349.519028218737,0.13254142081802942,0.13586735366528446,0.35957878741615384
FUSION,12,5389.906671979336,0.12486507940577245,0.14627909882626242,0.32647494667760496
FUSION,13,216.01359900522664,0.7738479893054913,0.7114156768809696,0.9174743742628053
FUSION,13,267.68319231686513,0.7134637506094876,0.6492597034387054,0.885447238913189
FUSION,13,331.7119467428253,0.6779353104081351,0.6537228156566505,0.8384775394568873
FUSION,13,411.05612444155884,0.6668796239519746,0.6524391497670765,0.8256147467213482
FUSION,13,509.3791137161358,0.6595272268454151,0.6732118754453313,0.8038163668415862
FUSION,13,631.220570774211,0.6408200668552398,0.7055948806489947,0.762883799457081
FUSION,13,782.2060195239194,0.608595382153979,0.7078002510705691,0.7233913253560706
FUSION,13,969.3065868069014,0.5575412381719212,0.6306413737906006,0.7020786482725353
FUSION,13,1201.160865265515,0.4813492969078144,0.5572671342112752,0.6448053415826642
FUSION,13,1488.4737645271177,0.41286596630841726,0.45452252069081983,0.61239464016345
FUSION,13,1844.5107660045044,0.32883564572594454,0.37400110508429824,0.5377029834184982
FUSION,13,2285.7104014778506,0.25467513769419264,0.2743437587896602,0.4862269282853944
FUSION,13,2832.443234116249,0.18294735317766098,0.20665580712521706,0.4024410966721492
FUSION,13,3509.9523847394357,0.13601250835646295,0.16437938044852493,0.33547115224907736
FUSION,13,4349.519028218737,0.11793928167781012,0.15729217995774677,0.2973753132936423
FUSION,13,5389.906671979336,0.10816548195944338,0.16721076625370315,0.2645188166639546
FUSION,14,216.01359900522664,0.7528503993876469,0.7182665466063102,0.8883126881170974
FUSION,14,267.68319231686513,0.7304613020643788,0.7398273730920714,0.8492430769096775
FUSION,14,331.7119467428253,0.7026809941512154,0.664529776034826,0.8619875324276346
FUSION,14,411.05612444155884,0.7324056916830614,0.7550305011569783,0.8428872072995004
FUSION,14,509.3791137161358,0.6913016125506082,0.7324679385251841,0.8077431061813136
FUSION,14,631.220570774211,0.6580622382619923,0.7271399578405333,0.7717168180649688
FUSION,14,782.2060195239194,0.6383390844534396,0.7116052332999295,0.7567141755951414
FUSION,14,969.3065868069014,0.5938080910395686,0.6712226661120723,0.724791020368287
FUSION,14,1201.160865265515,0.5144155572211229,0.573812233078108,0.6790929047345693
FUSION,14,1488.4737645271177,0.42562776910557665,0.4716702658894744,0.6197416801058981
FUSION,14,1844.5107660045044,0.3397905531116703,0.35222571952499987,0.572533321744275
FUSION,14,2285.7104014778506,0.26208074246694085,0.2600304985785398,0.5139524800667887
FUSION,14,2832.443234116249,0.1993706028740057,0.19063380938092483,0.4566265495144638
FUSION,14,3509.9523847394357,0.15212126430249992,0.15034291735813837,0.39232721879822546
FUSION,14,4349.519028218737,0.1306161530404256,0.1412815615907951,0.3474994690249055
FUSION,14,5389.906671979336,0.1257256292599951,0.14853028487760112,0.3262243022801833
FUSION,15,216.01359900522664,0.7980828127809794,0.7843702876979739,0.9011298813653662
FUSION,15,267.68319231686513,0.7699685931420802,0.7663338782649034,0.8795570177311453
FUSION,15,331.7119467428253,0.7380813295089971,0.7170926275273016,0.871598734085159
FUSION,15,411.05612444155884,0.7057433929434089,0.7254801730976608,0.8285792384542066
FUSION,15,509.3791137161358,0.6989247446507862,0.6859725781642034,0.8438728974209366
FUSION,15,631.220570774211,0.6974213045965632,0.772115626133357,0.7936957211561696
FUSION,15,782.2060195239194,0.6345844532668395,0.7125371996419225,0.7517711527332381
FUSION,15,969.3065868069014,0.5972886851845256,0.6665881292968734,0.7315693468384038
FUSION,15,1201.160865265515,0.5232075081943425,0.5746759832151495,0.6901801170971564
FUSION,15,1488.4737645271177,0.4362303765883258,0.46415997003373105,0.6402978777498468
FUSION,15,1844.5107660045044,0.3473465064038591,0.35971997771135994,0.5791361253554481
FUSION,15,2285.7104014778506,0.2694602488798835,0.2697415335233094,0.5188248813985099
FUSION,15,2832.443234116249,0.2027894381976844,0.2037087285154454,0.4493042359295559
FUSION,15,3509.9523847394357,0.15266152913387468,0.16436579455613035,0.3765510703563012
FUSION,15,4349.519028218737,0.12822000791693583,0.1635760357838447,0.31702678746297497
FUSION,15,5389.906671979336,0.12030105308349832,0.18339450241245506,0.28091586860672185
FUSION,16,216.01359900522664,0.7774995331344198,0.7467869337915591,0.8997084131562922
FUSION,16,267.68319231686513,0.7326800495290674,0.6874303640731979,0.8836901425264452
FUSION,16,331.7119467428253,0.7545167257412301,0.7325987629254606,0.8815273293286703
FUSION,16,411.05612444155884,0.7713625761052905,0.7728895711474022,0.8774044665612241
FUSION,16,509.3791137161358,0.7256488299470042,0.7278536061871681,0.8505590704355641
FUSION,16,631.220570774211,0.6946087972656191,0.7347133407756032,0.8103661962611954
FUSION,16,782.2060195239194,0.678475888177144,0.7373039154389727,0.7901529176977484
FUSION,16,969.3065868069014,0.6289081176902145,0.6746084298604154,0.7657047100493798
FUSION,16,1201.160865265515,0.5438660880104904,0.5678624954067506,0.7217227355604245
FUSION,16,1488.4737645271177,0.4664114425715597,0.45465128999122,0.6917194423606048
FUSION,16,1844.5107660045044,0.3850416634209358,0.3618935310003806,0.6400550299460108
FUSION,16,2285.7104014778506,0.3029944915658766,0.25883935851932244,0.595551846749747
FUSION,16,2832.443234116249,0.22394110645282786,0.18437833192324637,0.5215294997559392
FUSION,16,3509.9523847394357,0.17227295864331066,0.1435663416231766,0.45466423777851767
FUSION,16,4349.519028218737,0.14756684707355605,0.1350165581468394,0.4016014589348963
FUSION,16,5389.906671979336,0.13190771666094264,0.14072532788025757,0.3516285000663
FUSION,17,216.01359900522664,0.7477030007490858,0.7437815822136293,0.8669746790236953
FUSION,17,267.68319231686513,0.7288615846094262,0.7465630328260566,0.8435519237913243
FUSION,17,331.7119467428253,0.7141882558614985,0.6899524056791884,0.8598112786887875
FUSION,17,411.05612444155884,0.6857782367835661,0.6892227930632571,0.8260453350151952
FUSION,17,509.3791137161358,0.6903777483773474,0.6897684230100903,0.8312566462943012
FUSION,17,631.220570774211,0.6813632411080413,0.7175694402983874,0.8043530865950717
FUSION,17,782.2060195239194,0.6541287554987838,0.7164481360701639,0.7728066714210997
FUSION,17,969.3065868069014,0.5940747340336839,0.6705627561408181,0.7254731905852818
FUSION,17,1201.160865265515,0.5149633455697501,0.5618410134467974,0.6870203450671205
FUSION,17,1488.4737645271177,0.43162364482565885,0.4727864907906751,0.6277297309090957
FUSION,17,1844.5107660045044,0.3438471988665361,0.3851233287033691,0.5540712010270796
FUSION,17,2285.7104014778506,0.2699485158001956,0.2720508312383697,0.5175542931268907
FUSION,17,2832.443234116249,0.19832280682316186,0.205746753408794,0.4372261863319989
FUSION,17,3509.9523847394357,0.14754154175824988,0.16201059044765334,0.36655792631628886
FUSION,17,4349.519028218737,0.1240579877970041,0.15096986983497263,0.3192857914324501
FUSION,17,5389.906671979336,0.11387453851904646,0.1569142318847169,0.28747194169403395
FUSION,18,216.01359900522664,0.7672852845460132,0.7002579451865174,0.9169124012135342
FUSION,18,267.68319231686513,0.726469999317642,0.6561981033399533,0.8968094971621422
FUSION,18,331.7119467428253,0.7705697260996649,0.7534554035451856,0.8877346399800309
FUSION,18,411.05612444155884,0.7554955182377594,0.7395571974630227,0.878508581874702
FUSION,18,509.3791137161358,0.7374598837235103,0.7492836337622644,0.8519522952121169
FUSION,18,631.220570774211,0.7444606472886978,0.7811486516040237,0.8423157121126463
FUSION,18,782.2060195239194,0.6927513776451086,0.7631456755322505,0.7930008892606805
FUSION,18,969.3065868069014,0.6388164716758147,0.6836079543788022,0.7726317522060006
FUSION,18,1201.160865265515,0.5676979643083153,0.6226824428423078,0.7194225171454267
FUSION,18,1488.4737645271177,0.4984595393656393,0.5367290321518738,0.6803812991537967
FUSION,18,1844.5107660045044,0.40203348053628485,0.41159548013885844,0.6266527116143815
FUSION,18,2285.7104014778506,0.31080288938341916,0.30574931592157367,0.5620853945499356
FUSION,18,2832.443234116249,0.22962913188103057,0.22184931591317167,0.4875261742522577
FUSION,18,3509.9523847394357,0.1743357280480193,0.17271905582487912,0.41948484183315404
FUSION,18,4349.519028218737,0.14455395536687216,0.16207473890406301,0.3590643717250518
FUSION,18,5389.906671979336,0.13626119466203476,0.17041210468824794,0.3300820988553121
FUSION,19,216.01359900522664,0.7121950242403724,0.7377545579851782,0.8291688618613589
FUSION,19,267.68319231686513,0.7903591907455263,0.8358237558626238,0.8645042897201849
FUSION,19,331.7119467428253,0.7253731293684157,0.7604774218926028,0.8317988225586931
FUSION,19,411.05612444155884,0.681647200099516,0.7011547262455887,0.8140530770950157
FUSION,19,509.3791137161358,0.6759484958371454,0.7579852523386974,0.7763958905480407
FUSION,19,631.220570774211,0.6276319901232618,0.692471518799962,0.754230539545327
FUSION,19,782.2060195239194,0.6082846514326291,0.649153939295162,0.7549757631958157
FUSION,19,969.3065868069014,0.5630854151069771,0.6303298497894777,0.70923529734607
FUSION,19,1201.160865265515,0.48956382292342726,0.5517470475719994,0.6590817838902886
FUSION,19,1488.4737645271177,0.41747081368548866,0.4578896210393839,0.6169439626605546
FUSION,19,1844.5107660045044,0.3303172900414707,0.3398538722519485,0.566611253203243
FUSION,19,2285.7104014778506,0.25547358752520744,0.2561933628222536,0.5047334290860697
FUSION,19,2832.443234116249,0.18963090125376336,0.1897765449373668,0.43529917223003634
FUSION,19,3509.9523847394357,0.14216897015075303,0.1546219131697493,0.3615507744819911
FUSION,19,4349.519028218737,0.1183236378639275,0.14761403184783248,0.3079694889492648
FUSION,19,5389.906671979336,0.10904708491101524,0.15488702609036725,0.277080868186033
